pair,swing,prod_a,prod_b,hybrid_a,hybrid_b
R1-R2,2026-07-05_Mark-Liversedge_Wrist_02/swing_0001,-13.9837,-13.9837,-1.6527,-1.6527
R1-R2,2026-07-05_Mark-Liversedge_Wrist_02/swing_0002,-5.498,-5.498,-3.0362,-3.0362
R1-R2,2026-07-05_Mark-Liversedge_Wrist_02/swing_0003,-16.9187,-16.9187,-4.1441,-4.1441
R1-R2,2026-07-05_Mark-Liversedge_Wrist_02/swing_0004,-6.685,-6.685,-9.3214,-9.3214
R1-R2,2026-07-05_Mark-Liversedge_Wrist_02/swing_0005,8.7411,8.7411,-6.7867,-6.7867
R1-R2,2026-07-05_Mark-Liversedge_Wrist_02/swing_0006,6.6296,6.6296,-12.6806,-12.6806
R1-R2,2026-07-05_Mark-Liversedge_Wrist_02/swing_0007,-6.4718,-6.4718,-6.1811,-6.1811
R1-R2,2026-07-05_Mark-Liversedge_Wrist_02/swing_0008,5.1654,5.1654,-9.9804,-9.9804
R1-R2,2026-07-05_Mark-Liversedge_Wrist_02/swing_0009,-28.6355,-28.6355,-23.8656,-23.8656
R1-R2,2026-07-05_Mark-Liversedge_Wrist_02/swing_0010,14.7396,14.7396,-18.09,-18.09
R1-R2,2026-07-09_Mark-Liversedge_Wrist_01/swing_0001,-55.0596,-55.0596,-2.4421,-2.4421
R1-R2,2026-07-09_Mark-Liversedge_Wrist_01/swing_0002,-18.8354,-18.8354,-5.3463,-5.3463
R1-R2,2026-07-09_Mark-Liversedge_Wrist_01/swing_0003,-68.9209,-68.9209,-0.6663,-0.6663
R1-R2,2026-07-09_Mark-Liversedge_Wrist_01/swing_0004,-52.7858,-52.7858,-16.3044,-16.3044
R1-R2,2026-07-09_Mark-Liversedge_Wrist_01/swing_0005,-11.3065,-11.3065,-8.6739,-8.6739
R1-R2,2026-07-09_Mark-Liversedge_Wrist_01/swing_0006,2.1652,2.1652,-3.538,-3.538
R1-R2,2026-07-10_Mark-Liversedge_Wrist_01/swing_0001,-79.3005,-79.3005,-6.6681,-6.6681
R1-R2,2026-07-10_Mark-Liversedge_Wrist_01/swing_0002,-31.4253,-31.4253,0.2929,0.2929
R1-R2,2026-07-10_Mark-Liversedge_Wrist_01/swing_0003,-28.583,-28.583,-12.1924,-12.1924
R1-R2,2026-07-10_Mark-Liversedge_Wrist_01/swing_0004,-33.74,-33.74,-10.3717,-10.3717
R1-R2,2026-07-10_Mark-Liversedge_Wrist_01/swing_0005,9.8439,9.8439,1.7412,1.7412
R1-R2,2026-07-10_Mark-Liversedge_Wrist_02/swing_0001,-37.5158,-37.5158,-6.7044,-6.7044
R1-R2,2026-07-10_Mark-Liversedge_Wrist_02/swing_0002,-73.6831,-73.6831,-14.6963,-14.6963
R1-R2,2026-07-10_Mark-Liversedge_Wrist_02/swing_0003,-45.0952,-45.0952,-3.0763,-3.0763
R1-R2,2026-07-10_Mark-Liversedge_Wrist_02/swing_0004,4.0485,4.0485,-1.0288,-1.0288
R1-R2,2026-07-10_Mark-Liversedge_Wrist_02/swing_0005,-17.8121,-17.8121,-11.908,-11.908
R1-R2,2026-07-10_Mark-Liversedge_Wrist_02/swing_0006,-7.7064,-7.7064,-4.7115,-4.7115
R1-R2,2026-08-18_Mark-Liversedge_Wrist_01/swing_0001,-51.2421,-51.2421,-2.0033,-2.0033
R1-R2,2026-08-18_Mark-Liversedge_Wrist_01/swing_0002,-37.3385,-37.3385,-5.1125,-5.1125
R1-R2,2026-08-18_Mark-Liversedge_Wrist_01/swing_0003,-61.0263,-61.0263,-61.0263,-61.0263
R1-R2,2026-08-18_Mark-Liversedge_Wrist_01/swing_0004,-50.6112,-50.6112,-10.3226,-10.3226
R1-R2,2026-08-18_Mark-Liversedge_Wrist_01/swing_0005,-33.0889,-33.0889,-11.4897,-11.4897
R1-R2,2026-08-18_Mark-Liversedge_Wrist_02/swing_0001,-45.118,-45.118,-4.2701,-4.2701
R1-R2,2026-08-18_Mark-Liversedge_Wrist_02/swing_0002,-11.4831,-11.4831,-4.4565,-4.4565
R1-R2,2026-08-18_Mark-Liversedge_Wrist_02/swing_0003,-15.2596,-15.2596,-6.8054,-6.8054
R1-R2,2026-08-18_Mark-Liversedge_Wrist_02/swing_0004,-70.3823,-70.3823,-5.3495,-5.3495
R1-R2,2026-08-18_Mark-Liversedge_Wrist_02/swing_0005,-22.8937,-22.8937,-7.5247,-7.5247
R1-R2,2026-08-18_Mark-Liversedge_Wrist_02/swing_0006,-65.3767,-65.3767,-8.5393,-8.5393
PR-PM1,2026-07-05_Mark-Liversedge_Wrist_02/swing_0001,-13.9837,-37.9013,-1.6527,0.0372
PR-PM1,2026-07-05_Mark-Liversedge_Wrist_02/swing_0002,-5.498,-35.9481,-3.0362,-2.999
PR-PM1,2026-07-05_Mark-Liversedge_Wrist_02/swing_0003,-16.9187,-21.3178,-4.1441,-4.2062
PR-PM1,2026-07-05_Mark-Liversedge_Wrist_02/swing_0004,-6.685,-2.3682,-9.3214,-11.2922
PR-PM1,2026-07-05_Mark-Liversedge_Wrist_02/swing_0005,8.7411,-19.4844,-6.7867,-5.2309
PR-PM1,2026-07-05_Mark-Liversedge_Wrist_02/swing_0006,6.6296,3.3227,-12.6806,-12.455
PR-PM1,2026-07-05_Mark-Liversedge_Wrist_02/swing_0007,-6.4718,3.9181,-6.1811,-4.3428
PR-PM1,2026-07-05_Mark-Liversedge_Wrist_02/swing_0008,5.1654,0.0959,-9.9804,-10.0871
PR-PM1,2026-07-05_Mark-Liversedge_Wrist_02/swing_0009,-28.6355,-42.1642,-23.8656,41.6394
PR-PM1,2026-07-05_Mark-Liversedge_Wrist_02/swing_0010,14.7396,-59.1378,-18.09,-17.9749
PR-PM1,2026-07-09_Mark-Liversedge_Wrist_01/swing_0001,-55.0596,-43.9951,-2.4421,-0.6282
PR-PM1,2026-07-09_Mark-Liversedge_Wrist_01/swing_0002,-18.8354,-30.2712,-5.3463,-4.6014
PR-PM1,2026-07-09_Mark-Liversedge_Wrist_01/swing_0003,-68.9209,-72.827,-0.6663,-0.5276
PR-PM1,2026-07-09_Mark-Liversedge_Wrist_01/swing_0004,-52.7858,-56.2659,-16.3044,-17.9794
PR-PM1,2026-07-09_Mark-Liversedge_Wrist_01/swing_0005,-11.3065,-11.5879,-8.6739,-8.1198
PR-PM1,2026-07-09_Mark-Liversedge_Wrist_01/swing_0006,2.1652,6.8882,-3.538,-3.0928
PR-PM1,2026-07-10_Mark-Liversedge_Wrist_01/swing_0001,-79.3005,-57.4412,-6.6681,-6.4305
PR-PM1,2026-07-10_Mark-Liversedge_Wrist_01/swing_0002,-31.4253,-26.753,0.2929,0.734
PR-PM1,2026-07-10_Mark-Liversedge_Wrist_01/swing_0003,-28.583,-14.0981,-12.1924,-12.1715
PR-PM1,2026-07-10_Mark-Liversedge_Wrist_01/swing_0004,-33.74,-33.6404,-10.3717,-10.3324
PR-PM1,2026-07-10_Mark-Liversedge_Wrist_01/swing_0005,9.8439,-8.9437,1.7412,1.6943
PR-PM1,2026-07-10_Mark-Liversedge_Wrist_02/swing_0001,-37.5158,-29.7127,-6.7044,-6.4067
PR-PM1,2026-07-10_Mark-Liversedge_Wrist_02/swing_0002,-73.6831,-54.4007,-14.6963,-14.2484
PR-PM1,2026-07-10_Mark-Liversedge_Wrist_02/swing_0003,-45.0952,-76.1752,-3.0763,-2.3138
PR-PM1,2026-07-10_Mark-Liversedge_Wrist_02/swing_0004,4.0485,27.3904,-1.0288,-1.5519
PR-PM1,2026-07-10_Mark-Liversedge_Wrist_02/swing_0005,-17.8121,-20.0777,-11.908,-11.9434
PR-PM1,2026-07-10_Mark-Liversedge_Wrist_02/swing_0006,-7.7064,-66.3482,-4.7115,-5.1036
PR-PM1,2026-08-18_Mark-Liversedge_Wrist_01/swing_0001,-51.2421,-8.3578,-2.0033,1.9017
PR-PM1,2026-08-18_Mark-Liversedge_Wrist_01/swing_0002,-37.3385,-19.2217,-5.1125,-1.7725
PR-PM1,2026-08-18_Mark-Liversedge_Wrist_01/swing_0003,-61.0263,-71.1505,-61.0263,-71.1505
PR-PM1,2026-08-18_Mark-Liversedge_Wrist_01/swing_0004,-50.6112,-50.8609,-10.3226,-10.2958
PR-PM1,2026-08-18_Mark-Liversedge_Wrist_01/swing_0005,-33.0889,-53.4643,-11.4897,-14.3375
PR-PM1,2026-08-18_Mark-Liversedge_Wrist_02/swing_0001,-45.118,-47.6305,-4.2701,-5.069
PR-PM1,2026-08-18_Mark-Liversedge_Wrist_02/swing_0002,-11.4831,-13.457,-4.4565,-4.8178
PR-PM1,2026-08-18_Mark-Liversedge_Wrist_02/swing_0003,-15.2596,-17.0059,-6.8054,-6.0441
PR-PM1,2026-08-18_Mark-Liversedge_Wrist_02/swing_0004,-70.3823,-8.8907,-5.3495,-6.167
PR-PM1,2026-08-18_Mark-Liversedge_Wrist_02/swing_0005,-22.8937,-41.0665,-7.5247,-7.3635
PR-PM1,2026-08-18_Mark-Liversedge_Wrist_02/swing_0006,-65.3767,9.5808,-8.5393,-8.9405
PR-PM23,2026-07-05_Mark-Liversedge_Wrist_02/swing_0001,-13.9837,-19.6666,-1.6527,-2.0583
PR-PM23,2026-07-05_Mark-Liversedge_Wrist_02/swing_0002,-5.498,-66.3557,-3.0362,-3.1121
PR-PM23,2026-07-05_Mark-Liversedge_Wrist_02/swing_0003,-16.9187,-22.4356,-4.1441,-3.3988
PR-PM23,2026-07-05_Mark-Liversedge_Wrist_02/swing_0004,-6.685,-19.8173,-9.3214,-11.4641
PR-PM23,2026-07-05_Mark-Liversedge_Wrist_02/swing_0005,8.7411,-19.5302,-6.7867,-5.331
PR-PM23,2026-07-05_Mark-Liversedge_Wrist_02/swing_0006,6.6296,0.9461,-12.6806,-12.3767
PR-PM23,2026-07-05_Mark-Liversedge_Wrist_02/swing_0007,-6.4718,-10.3646,-6.1811,-4.8247
PR-PM23,2026-07-05_Mark-Liversedge_Wrist_02/swing_0008,5.1654,8.6052,-9.9804,-10.8725
PR-PM23,2026-07-05_Mark-Liversedge_Wrist_02/swing_0009,-28.6355,-19.6921,-23.8656,41.2694
PR-PM23,2026-07-05_Mark-Liversedge_Wrist_02/swing_0010,14.7396,-21.4503,-18.09,-18.6393
PR-PM23,2026-07-09_Mark-Liversedge_Wrist_01/swing_0001,-55.0596,-45.3641,-2.4421,-0.4382
PR-PM23,2026-07-09_Mark-Liversedge_Wrist_01/swing_0002,-18.8354,-49.9563,-5.3463,-4.594
PR-PM23,2026-07-09_Mark-Liversedge_Wrist_01/swing_0003,-68.9209,-50.8448,-0.6663,-0.5287
PR-PM23,2026-07-09_Mark-Liversedge_Wrist_01/swing_0004,-52.7858,-8.0562,-16.3044,-16.4107
PR-PM23,2026-07-09_Mark-Liversedge_Wrist_01/swing_0005,-11.3065,-12.1607,-8.6739,-8.5263
PR-PM23,2026-07-09_Mark-Liversedge_Wrist_01/swing_0006,2.1652,-19.2073,-3.538,-3.1541
PR-PM23,2026-07-10_Mark-Liversedge_Wrist_01/swing_0001,-79.3005,-52.2245,-6.6681,-6.7671
PR-PM23,2026-07-10_Mark-Liversedge_Wrist_01/swing_0002,-31.4253,-31.2335,0.2929,0.7543
PR-PM23,2026-07-10_Mark-Liversedge_Wrist_01/swing_0003,-28.583,-28.5432,-12.1924,-12.2149
PR-PM23,2026-07-10_Mark-Liversedge_Wrist_01/swing_0004,-33.74,-29.4847,-10.3717,-7.1461
PR-PM23,2026-07-10_Mark-Liversedge_Wrist_01/swing_0005,9.8439,-1.7515,1.7412,1.1058
PR-PM23,2026-07-10_Mark-Liversedge_Wrist_02/swing_0001,-37.5158,-63.4268,-6.7044,-6.5967
PR-PM23,2026-07-10_Mark-Liversedge_Wrist_02/swing_0002,-73.6831,20.7166,-14.6963,-14.4372
PR-PM23,2026-07-10_Mark-Liversedge_Wrist_02/swing_0003,-45.0952,-39.9871,-3.0763,-2.0052
PR-PM23,2026-07-10_Mark-Liversedge_Wrist_02/swing_0004,4.0485,23.7759,-1.0288,0.0595
PR-PM23,2026-07-10_Mark-Liversedge_Wrist_02/swing_0005,-17.8121,-22.8026,-11.908,-11.46
PR-PM23,2026-07-10_Mark-Liversedge_Wrist_02/swing_0006,-7.7064,-70.3753,-4.7115,42.1031
PR-PM23,2026-08-18_Mark-Liversedge_Wrist_01/swing_0001,-51.2421,-30.5277,-2.0033,1.7667
PR-PM23,2026-08-18_Mark-Liversedge_Wrist_01/swing_0002,-37.3385,-12.227,-5.1125,-1.9618
PR-PM23,2026-08-18_Mark-Liversedge_Wrist_01/swing_0003,-61.0263,-67.6901,-61.0263,-67.6901
PR-PM23,2026-08-18_Mark-Liversedge_Wrist_01/swing_0004,-50.6112,-53.63,-10.3226,-9.8185
PR-PM23,2026-08-18_Mark-Liversedge_Wrist_01/swing_0005,-33.0889,-24.7207,-11.4897,-11.714
PR-PM23,2026-08-18_Mark-Liversedge_Wrist_02/swing_0001,-45.118,-8.8022,-4.2701,-5.0895
PR-PM23,2026-08-18_Mark-Liversedge_Wrist_02/swing_0002,-11.4831,-63.5655,-4.4565,-2.5935
PR-PM23,2026-08-18_Mark-Liversedge_Wrist_02/swing_0003,-15.2596,-71.6706,-6.8054,-5.9051
PR-PM23,2026-08-18_Mark-Liversedge_Wrist_02/swing_0004,-70.3823,-19.6287,-5.3495,-7.8325
PR-PM23,2026-08-18_Mark-Liversedge_Wrist_02/swing_0005,-22.8937,-55.3638,-7.5247,-8.284
PR-PM23,2026-08-18_Mark-Liversedge_Wrist_02/swing_0006,-65.3767,-67.0028,-8.5393,-7.9957
PR-PM18,2026-07-05_Mark-Liversedge_Wrist_02/swing_0001,-13.9837,-30.0748,-1.6527,-1.8816
PR-PM18,2026-07-05_Mark-Liversedge_Wrist_02/swing_0002,-5.498,-30.3702,-3.0362,-3.2841
PR-PM18,2026-07-05_Mark-Liversedge_Wrist_02/swing_0003,-16.9187,-29.0761,-4.1441,-3.4242
PR-PM18,2026-07-05_Mark-Liversedge_Wrist_02/swing_0004,-6.685,-17.2484,-9.3214,-9.4937
PR-PM18,2026-07-05_Mark-Liversedge_Wrist_02/swing_0005,8.7411,-10.5463,-6.7867,-4.9001
PR-PM18,2026-07-05_Mark-Liversedge_Wrist_02/swing_0006,6.6296,-4.3853,-12.6806,-12.0843
PR-PM18,2026-07-05_Mark-Liversedge_Wrist_02/swing_0007,-6.4718,17.142,-6.1811,-4.9924
PR-PM18,2026-07-05_Mark-Liversedge_Wrist_02/swing_0008,5.1654,-42.3222,-9.9804,-10.7749
PR-PM18,2026-07-05_Mark-Liversedge_Wrist_02/swing_0009,-28.6355,-21.3413,-23.8656,-7.9033
PR-PM18,2026-07-05_Mark-Liversedge_Wrist_02/swing_0010,14.7396,-14.3103,-18.09,-17.7592
PR-PM18,2026-07-09_Mark-Liversedge_Wrist_01/swing_0001,-55.0596,-52.9428,-2.4421,-0.5626
PR-PM18,2026-07-09_Mark-Liversedge_Wrist_01/swing_0002,-18.8354,-30.107,-5.3463,-5.1077
PR-PM18,2026-07-09_Mark-Liversedge_Wrist_01/swing_0003,-68.9209,-55.227,-0.6663,-0.696
PR-PM18,2026-07-09_Mark-Liversedge_Wrist_01/swing_0004,-52.7858,-53.3118,-16.3044,-18.4011
PR-PM18,2026-07-09_Mark-Liversedge_Wrist_01/swing_0005,-11.3065,-68.1741,-8.6739,-8.4502
PR-PM18,2026-07-09_Mark-Liversedge_Wrist_01/swing_0006,2.1652,-0.4138,-3.538,-3.347
PR-PM18,2026-07-10_Mark-Liversedge_Wrist_01/swing_0001,-79.3005,-65.8029,-6.6681,-4.1462
PR-PM18,2026-07-10_Mark-Liversedge_Wrist_01/swing_0002,-31.4253,-31.7515,0.2929,0.564
PR-PM18,2026-07-10_Mark-Liversedge_Wrist_01/swing_0003,-28.583,-14.0848,-12.1924,-12.1501
PR-PM18,2026-07-10_Mark-Liversedge_Wrist_01/swing_0004,-33.74,-10.9971,-10.3717,-13.3695
PR-PM18,2026-07-10_Mark-Liversedge_Wrist_01/swing_0005,9.8439,-1.9265,1.7412,1.0661
PR-PM18,2026-07-10_Mark-Liversedge_Wrist_02/swing_0001,-37.5158,-68.0813,-6.7044,-6.3267
PR-PM18,2026-07-10_Mark-Liversedge_Wrist_02/swing_0002,-73.6831,-74.5346,-14.6963,-14.8337
PR-PM18,2026-07-10_Mark-Liversedge_Wrist_02/swing_0003,-45.0952,-3.4725,-3.0763,-2.65
PR-PM18,2026-07-10_Mark-Liversedge_Wrist_02/swing_0004,4.0485,-32.5236,-1.0288,-0.8155
PR-PM18,2026-07-10_Mark-Liversedge_Wrist_02/swing_0005,-17.8121,-14.0881,-11.908,-12.516
PR-PM18,2026-07-10_Mark-Liversedge_Wrist_02/swing_0006,-7.7064,-28.0707,-4.7115,-4.7351
PR-PM18,2026-08-18_Mark-Liversedge_Wrist_01/swing_0001,-51.2421,-52.1792,-2.0033,-1.7389
PR-PM18,2026-08-18_Mark-Liversedge_Wrist_01/swing_0002,-37.3385,-9.3367,-5.1125,-1.7532
PR-PM18,2026-08-18_Mark-Liversedge_Wrist_01/swing_0003,-61.0263,-43.0977,-61.0263,-43.0977
PR-PM18,2026-08-18_Mark-Liversedge_Wrist_01/swing_0004,-50.6112,-30.0042,-10.3226,-10.1728
PR-PM18,2026-08-18_Mark-Liversedge_Wrist_01/swing_0005,-33.0889,-32.965,-11.4897,-12.2266
PR-PM18,2026-08-18_Mark-Liversedge_Wrist_02/swing_0001,-45.118,-47.5896,-4.2701,-5.3148
PR-PM18,2026-08-18_Mark-Liversedge_Wrist_02/swing_0002,-11.4831,-12.101,-4.4565,-4.3173
PR-PM18,2026-08-18_Mark-Liversedge_Wrist_02/swing_0003,-15.2596,-4.4177,-6.8054,-6.4726
PR-PM18,2026-08-18_Mark-Liversedge_Wrist_02/swing_0004,-70.3823,-5.4425,-5.3495,-7.3959
PR-PM18,2026-08-18_Mark-Liversedge_Wrist_02/swing_0005,-22.8937,-30.2014,-7.5247,-7.763
PR-PM18,2026-08-18_Mark-Liversedge_Wrist_02/swing_0006,-65.3767,-72.1781,-8.5393,3.2766
PR-PM12,2026-07-05_Mark-Liversedge_Wrist_02/swing_0001,-13.9837,-46.1569,-1.6527,-1.5462
PR-PM12,2026-07-05_Mark-Liversedge_Wrist_02/swing_0002,-5.498,-22.8918,-3.0362,-2.7184
PR-PM12,2026-07-05_Mark-Liversedge_Wrist_02/swing_0003,-16.9187,-24.6939,-4.1441,-3.3979
PR-PM12,2026-07-05_Mark-Liversedge_Wrist_02/swing_0004,-6.685,-11.8975,-9.3214,-9.5373
PR-PM12,2026-07-05_Mark-Liversedge_Wrist_02/swing_0005,8.7411,-8.7502,-6.7867,-7.3817
PR-PM12,2026-07-05_Mark-Liversedge_Wrist_02/swing_0006,6.6296,-22.1967,-12.6806,-8.8921
PR-PM12,2026-07-05_Mark-Liversedge_Wrist_02/swing_0007,-6.4718,2.4772,-6.1811,-6.0307
PR-PM12,2026-07-05_Mark-Liversedge_Wrist_02/swing_0008,5.1654,-10.7812,-9.9804,-8.9142
PR-PM12,2026-07-05_Mark-Liversedge_Wrist_02/swing_0009,-28.6355,-22.6188,-23.8656,41.7383
PR-PM12,2026-07-05_Mark-Liversedge_Wrist_02/swing_0010,14.7396,1.462,-18.09,-17.5218
PR-PM12,2026-07-09_Mark-Liversedge_Wrist_01/swing_0001,-55.0596,-24.9426,-2.4421,-2.1277
PR-PM12,2026-07-09_Mark-Liversedge_Wrist_01/swing_0002,-18.8354,-17.177,-5.3463,-4.8659
PR-PM12,2026-07-09_Mark-Liversedge_Wrist_01/swing_0003,-68.9209,-44.6302,-0.6663,-0.4159
PR-PM12,2026-07-09_Mark-Liversedge_Wrist_01/swing_0004,-52.7858,-62.6909,-16.3044,-16.265
PR-PM12,2026-07-09_Mark-Liversedge_Wrist_01/swing_0005,-11.3065,-8.9296,-8.6739,-8.6334
PR-PM12,2026-07-09_Mark-Liversedge_Wrist_01/swing_0006,2.1652,0.5205,-3.538,-3.2596
PR-PM12,2026-07-10_Mark-Liversedge_Wrist_01/swing_0001,-79.3005,-52.2559,-6.6681,-6.9093
PR-PM12,2026-07-10_Mark-Liversedge_Wrist_01/swing_0002,-31.4253,-31.0964,0.2929,0.1853
PR-PM12,2026-07-10_Mark-Liversedge_Wrist_01/swing_0003,-28.583,-28.5706,-12.1924,-12.2082
PR-PM12,2026-07-10_Mark-Liversedge_Wrist_01/swing_0004,-33.74,-3.4366,-10.3717,-10.4284
PR-PM12,2026-07-10_Mark-Liversedge_Wrist_01/swing_0005,9.8439,-2.1928,1.7412,1.0529
PR-PM12,2026-07-10_Mark-Liversedge_Wrist_02/swing_0001,-37.5158,-68.3623,-6.7044,-6.2241
PR-PM12,2026-07-10_Mark-Liversedge_Wrist_02/swing_0002,-73.6831,-74.6787,-14.6963,-14.5602
PR-PM12,2026-07-10_Mark-Liversedge_Wrist_02/swing_0003,-45.0952,-7.3584,-3.0763,-2.8133
PR-PM12,2026-07-10_Mark-Liversedge_Wrist_02/swing_0004,4.0485,5.2922,-1.0288,-1.0061
PR-PM12,2026-07-10_Mark-Liversedge_Wrist_02/swing_0005,-17.8121,-17.825,-11.908,-11.6635
PR-PM12,2026-07-10_Mark-Liversedge_Wrist_02/swing_0006,-7.7064,-18.3939,-4.7115,-5.3927
PR-PM12,2026-08-18_Mark-Liversedge_Wrist_01/swing_0001,-51.2421,-60.7965,-2.0033,-2.1598
PR-PM12,2026-08-18_Mark-Liversedge_Wrist_01/swing_0002,-37.3385,-36.197,-5.1125,-1.9292
PR-PM12,2026-08-18_Mark-Liversedge_Wrist_01/swing_0003,-61.0263,-62.8068,-61.0263,-62.8068
PR-PM12,2026-08-18_Mark-Liversedge_Wrist_01/swing_0004,-50.6112,-53.9778,-10.3226,-9.7246
PR-PM12,2026-08-18_Mark-Liversedge_Wrist_01/swing_0005,-33.0889,-37.4319,-11.4897,-14.0993
PR-PM12,2026-08-18_Mark-Liversedge_Wrist_02/swing_0001,-45.118,-64.8149,-4.2701,-4.2523
PR-PM12,2026-08-18_Mark-Liversedge_Wrist_02/swing_0002,-11.4831,-6.9475,-4.4565,-4.4792
PR-PM12,2026-08-18_Mark-Liversedge_Wrist_02/swing_0003,-15.2596,-4.8803,-6.8054,-6.266
PR-PM12,2026-08-18_Mark-Liversedge_Wrist_02/swing_0004,-70.3823,-19.3772,-5.3495,-7.3447
PR-PM12,2026-08-18_Mark-Liversedge_Wrist_02/swing_0005,-22.8937,-40.8923,-7.5247,-7.585
PR-PM12,2026-08-18_Mark-Liversedge_Wrist_02/swing_0006,-65.3767,-70.4245,-8.5393,-8.8815
R1-M1,2026-07-05_Mark-Liversedge_Wrist_02/swing_0001,-13.9837,-44.3038,-1.6527,-11.8241
R1-M1,2026-07-05_Mark-Liversedge_Wrist_02/swing_0002,-5.498,-73.7822,-3.0362,-3.7605
R1-M1,2026-07-05_Mark-Liversedge_Wrist_02/swing_0003,-16.9187,-16.4732,-4.1441,-1.4062
R1-M1,2026-07-05_Mark-Liversedge_Wrist_02/swing_0004,-6.685,1.0832,-9.3214,-11.9516
R1-M1,2026-07-05_Mark-Liversedge_Wrist_02/swing_0005,8.7411,15.7934,-6.7867,-4.0735
R1-M1,2026-07-05_Mark-Liversedge_Wrist_02/swing_0006,6.6296,-27.8585,-12.6806,45.0022
R1-M1,2026-07-05_Mark-Liversedge_Wrist_02/swing_0007,-6.4718,-5.7504,-6.1811,-4.1432
R1-M1,2026-07-05_Mark-Liversedge_Wrist_02/swing_0008,5.1654,-12.0009,-9.9804,-8.6676
R1-M1,2026-07-05_Mark-Liversedge_Wrist_02/swing_0009,-28.6355,-42.4467,-23.8656,-9.4718
R1-M1,2026-07-05_Mark-Liversedge_Wrist_02/swing_0010,14.7396,-65.4715,-18.09,-17.2259
R1-M1,2026-07-09_Mark-Liversedge_Wrist_01/swing_0001,-55.0596,-25.2575,-2.4421,-1.2832
R1-M1,2026-07-09_Mark-Liversedge_Wrist_01/swing_0002,-18.8354,-30.8426,-5.3463,6.2896
R1-M1,2026-07-09_Mark-Liversedge_Wrist_01/swing_0003,-68.9209,-61.0308,-0.6663,-0.6262
R1-M1,2026-07-09_Mark-Liversedge_Wrist_01/swing_0004,-52.7858,10.7402,-16.3044,-16.2592
R1-M1,2026-07-09_Mark-Liversedge_Wrist_01/swing_0005,-11.3065,-47.8883,-8.6739,-7.1402
R1-M1,2026-07-09_Mark-Liversedge_Wrist_01/swing_0006,2.1652,9.011,-3.538,-2.7894
R1-M1,2026-07-10_Mark-Liversedge_Wrist_01/swing_0001,-79.3005,-67.2211,-6.6681,-9.5136
R1-M1,2026-07-10_Mark-Liversedge_Wrist_01/swing_0002,-31.4253,-38.9545,0.2929,0.5285
R1-M1,2026-07-10_Mark-Liversedge_Wrist_01/swing_0003,-28.583,-25.7425,-12.1924,-12.5775
R1-M1,2026-07-10_Mark-Liversedge_Wrist_01/swing_0004,-33.74,-17.3907,-10.3717,-9.0421
R1-M1,2026-07-10_Mark-Liversedge_Wrist_01/swing_0005,9.8439,-21.0778,1.7412,0.7628
R1-M1,2026-07-10_Mark-Liversedge_Wrist_02/swing_0001,-37.5158,9.9903,-6.7044,-5.8616
R1-M1,2026-07-10_Mark-Liversedge_Wrist_02/swing_0002,-73.6831,-13.2828,-14.6963,-15.3132
R1-M1,2026-07-10_Mark-Liversedge_Wrist_02/swing_0003,-45.0952,-76.5675,-3.0763,-2.4005
R1-M1,2026-07-10_Mark-Liversedge_Wrist_02/swing_0004,4.0485,7.7938,-1.0288,-0.66
R1-M1,2026-07-10_Mark-Liversedge_Wrist_02/swing_0005,-17.8121,-10.4717,-11.908,-11.8685
R1-M1,2026-07-10_Mark-Liversedge_Wrist_02/swing_0006,-7.7064,-52.635,-4.7115,-5.9253
R1-M1,2026-08-18_Mark-Liversedge_Wrist_01/swing_0001,-51.2421,-24.4455,-2.0033,-2.739
R1-M1,2026-08-18_Mark-Liversedge_Wrist_01/swing_0002,-37.3385,-23.9487,-5.1125,-2.7601
R1-M1,2026-08-18_Mark-Liversedge_Wrist_01/swing_0003,-61.0263,-66.3458,-61.0263,-66.3458
R1-M1,2026-08-18_Mark-Liversedge_Wrist_01/swing_0004,-50.6112,-18.4702,-10.3226,-5.0852
R1-M1,2026-08-18_Mark-Liversedge_Wrist_01/swing_0005,-33.0889,-23.8102,-11.4897,-13.2217
R1-M1,2026-08-18_Mark-Liversedge_Wrist_02/swing_0001,-45.118,-7.9292,-4.2701,-4.7478
R1-M1,2026-08-18_Mark-Liversedge_Wrist_02/swing_0002,-11.4831,-7.2456,-4.4565,-4.9099
R1-M1,2026-08-18_Mark-Liversedge_Wrist_02/swing_0003,-15.2596,-14.9963,-6.8054,-5.3869
R1-M1,2026-08-18_Mark-Liversedge_Wrist_02/swing_0004,-70.3823,-15.3471,-5.3495,-7.2497
R1-M1,2026-08-18_Mark-Liversedge_Wrist_02/swing_0005,-22.8937,-28.0582,-7.5247,-7.5475
R1-M1,2026-08-18_Mark-Liversedge_Wrist_02/swing_0006,-65.3767,-69.9367,-8.5393,-9.1052
