swing_dir,outcome,json_bytes,ppsw_bytes,ms,error
"C:/PinPointStudio/corpus/swings/2026-06-11_Mark-Liversedge_Wrist_01/swing_0001",converted,35400014,3418704,429,""
"C:/PinPointStudio/corpus/swings/2026-06-11_Mark-Liversedge_Wrist_01/swing_0002",converted,35550103,3466109,408,""
"C:/PinPointStudio/corpus/swings/2026-06-11_Mark-Liversedge_Wrist_01/swing_0003",converted,35528291,3439848,402,""
"C:/PinPointStudio/corpus/swings/2026-06-11_Mark-Liversedge_Wrist_01/swing_0004",converted,35642254,3464142,401,""
"C:/PinPointStudio/corpus/swings/2026-06-11_Mark-Liversedge_Wrist_01/swing_0005",converted,35527677,3416443,400,""
"C:/PinPointStudio/corpus/swings/2026-06-11_Mark-Liversedge_Wrist_01/swing_0006",converted,35506137,3467718,404,""
"C:/PinPointStudio/corpus/swings/2026-06-11_Mark-Liversedge_Wrist_01/swing_0007",converted,35534919,3468341,404,""
"C:/PinPointStudio/corpus/swings/2026-06-11_Mark-Liversedge_Wrist_01/swing_0008",converted,35571887,3475087,464,""
"C:/PinPointStudio/corpus/swings/2026-06-11_Mark-Liversedge_Wrist_01/swing_0009",converted,35781417,3493215,486,""
"C:/PinPointStudio/corpus/swings/2026-07-03_Mark-Liversedge_Wrist_01/swing_0002",converted,35134820,3326920,488,""
"C:/PinPointStudio/corpus/swings/2026-07-03_Mark-Liversedge_Wrist_01/swing_0003",converted,35101443,3365799,483,""
"C:/PinPointStudio/corpus/swings/2026-07-03_Mark-Liversedge_Wrist_01/swing_0004",converted,35072717,3347880,480,""
"C:/PinPointStudio/corpus/swings/2026-07-03_Mark-Liversedge_Wrist_01/swing_0005",converted,35085689,3401715,479,""
"C:/PinPointStudio/corpus/swings/2026-07-03_Mark-Liversedge_Wrist_01/swing_0006",converted,35140086,3397268,489,""
"C:/PinPointStudio/corpus/swings/2026-07-03_Mark-Liversedge_Wrist_01/swing_0007",converted,35122967,3365956,482,""
"C:/PinPointStudio/corpus/swings/2026-07-03_Mark-Liversedge_Wrist_01/swing_0008",converted,35075305,3310606,470,""
"C:/PinPointStudio/corpus/swings/2026-07-03_Mark-Liversedge_Wrist_01/swing_0009",converted,35120135,3351023,478,""
"C:/PinPointStudio/corpus/swings/2026-07-03_Mark-Liversedge_Wrist_01/swing_0010",converted,35134660,3348200,485,""
"C:/PinPointStudio/corpus/swings/2026-07-03_Mark-Liversedge_Wrist_01/swing_0011",converted,35111228,3286699,483,""
"C:/PinPointStudio/corpus/swings/2026-07-04_Mark-Liversedge_Wrist_01/swing_0001",converted,35113776,3349073,457,""
"C:/PinPointStudio/corpus/swings/2026-07-04_Mark-Liversedge_Wrist_01/swing_0002",converted,35083051,3351958,458,""
"C:/PinPointStudio/corpus/swings/2026-07-04_Mark-Liversedge_Wrist_01/swing_0003",converted,35136961,3354290,473,""
"C:/PinPointStudio/corpus/swings/2026-07-04_Mark-Liversedge_Wrist_01/swing_0004",converted,35106462,3339777,475,""
"C:/PinPointStudio/corpus/swings/2026-07-04_Mark-Liversedge_Wrist_01/swing_0005",converted,35132461,3382282,470,""
"C:/PinPointStudio/corpus/swings/2026-07-04_Mark-Liversedge_Wrist_01/swing_0006",converted,35134897,3357105,463,""
"C:/PinPointStudio/corpus/swings/2026-07-04_Mark-Liversedge_Wrist_01/swing_0007",converted,35113930,3354209,477,""
"C:/PinPointStudio/corpus/swings/2026-07-04_Mark-Liversedge_Wrist_01/swing_0008",converted,35136528,3382972,459,""
"C:/PinPointStudio/corpus/swings/2026-07-04_Mark-Liversedge_Wrist_01/swing_0009",converted,35248331,3376153,476,""
"C:/PinPointStudio/corpus/swings/2026-07-04_Mark-Liversedge_Wrist_01/swing_0010",converted,35099928,3332883,476,""
"C:/PinPointStudio/corpus/swings/2026-07-04_Mark-Liversedge_Wrist_01/swing_0011",converted,35131499,3377255,473,""
"C:/PinPointStudio/corpus/swings/2026-07-04_Mark-Liversedge_Wrist_01/swing_0012",converted,35082376,3345360,460,""
"C:/PinPointStudio/corpus/swings/2026-07-04_Mark-Liversedge_Wrist_01/swing_0013",converted,35132681,3335377,473,""
"C:/PinPointStudio/corpus/swings/2026-07-04_Mark-Liversedge_Wrist_01/swing_0014",converted,35118514,3363715,454,""
"C:/PinPointStudio/corpus/swings/2026-07-04_Mark-Liversedge_Wrist_01/swing_0015",converted,35072797,3366436,450,""
"C:/PinPointStudio/corpus/swings/2026-07-05_Mark-Liversedge_Wrist_02/swing_0001",converted,35090134,3368545,461,""
"C:/PinPointStudio/corpus/swings/2026-07-05_Mark-Liversedge_Wrist_02/swing_0002",converted,35062714,3346392,473,""
"C:/PinPointStudio/corpus/swings/2026-07-05_Mark-Liversedge_Wrist_02/swing_0003",converted,35036950,3353381,453,""
"C:/PinPointStudio/corpus/swings/2026-07-05_Mark-Liversedge_Wrist_02/swing_0004",converted,35123923,3379478,462,""
"C:/PinPointStudio/corpus/swings/2026-07-05_Mark-Liversedge_Wrist_02/swing_0005",converted,35108895,3387295,481,""
"C:/PinPointStudio/corpus/swings/2026-07-05_Mark-Liversedge_Wrist_02/swing_0006",converted,35119928,3377895,469,""
"C:/PinPointStudio/corpus/swings/2026-07-05_Mark-Liversedge_Wrist_02/swing_0007",converted,35049240,3358688,450,""
"C:/PinPointStudio/corpus/swings/2026-07-05_Mark-Liversedge_Wrist_02/swing_0008",converted,35016375,3345761,456,""
"C:/PinPointStudio/corpus/swings/2026-07-05_Mark-Liversedge_Wrist_02/swing_0009",converted,35038241,3353777,472,""
"C:/PinPointStudio/corpus/swings/2026-07-05_Mark-Liversedge_Wrist_02/swing_0010",converted,35029184,3366283,450,""
"C:/PinPointStudio/corpus/swings/2026-07-08_Mark-Liversedge_Wrist_01/swing_0001",converted,35131960,3353739,453,""
"C:/PinPointStudio/corpus/swings/2026-07-08_Mark-Liversedge_Wrist_01/swing_0002",converted,35136663,3372972,474,""
"C:/PinPointStudio/corpus/swings/2026-07-08_Mark-Liversedge_Wrist_01/swing_0003",converted,35126878,3315634,466,""
"C:/PinPointStudio/corpus/swings/2026-07-08_Mark-Liversedge_Wrist_01/swing_0004",converted,35082487,3354307,444,""
"C:/PinPointStudio/corpus/swings/2026-07-08_Mark-Liversedge_Wrist_01/swing_0005",converted,35113732,3352350,455,""
"C:/PinPointStudio/corpus/swings/2026-07-08_Mark-Liversedge_Wrist_01/swing_0006",converted,35138111,3376008,476,""
"C:/PinPointStudio/corpus/swings/2026-07-08_Mark-Liversedge_Wrist_01/swing_0007",converted,35115894,3369653,482,""
"C:/PinPointStudio/corpus/swings/2026-07-08_Mark-Liversedge_Wrist_01/swing_0008",converted,35128591,3348023,483,""
"C:/PinPointStudio/corpus/swings/2026-07-08_Mark-Liversedge_Wrist_01/swing_0009",converted,35107402,3335406,465,""
"C:/PinPointStudio/corpus/swings/2026-07-08_Mark-Liversedge_Wrist_01/swing_0010",converted,35042591,3322866,460,""
"C:/PinPointStudio/corpus/swings/2026-07-08_Mark-Liversedge_Wrist_01/swing_0011",converted,35104014,3342231,478,""
"C:/PinPointStudio/corpus/swings/2026-07-09_Mark-Liversedge_Wrist_01/swing_0001",converted,35041823,3371986,492,""
"C:/PinPointStudio/corpus/swings/2026-07-09_Mark-Liversedge_Wrist_01/swing_0002",converted,35049468,3378359,445,""
"C:/PinPointStudio/corpus/swings/2026-07-09_Mark-Liversedge_Wrist_01/swing_0003",converted,35040605,3321336,440,""
"C:/PinPointStudio/corpus/swings/2026-07-09_Mark-Liversedge_Wrist_01/swing_0004",converted,35066072,3367958,458,""
"C:/PinPointStudio/corpus/swings/2026-07-09_Mark-Liversedge_Wrist_01/swing_0005",converted,35014724,3293702,477,""
"C:/PinPointStudio/corpus/swings/2026-07-09_Mark-Liversedge_Wrist_01/swing_0006",converted,35024385,3375444,453,""
"C:/PinPointStudio/corpus/swings/2026-07-10_Mark-Liversedge_Wrist_01/swing_0001",converted,35125272,3370943,483,""
"C:/PinPointStudio/corpus/swings/2026-07-10_Mark-Liversedge_Wrist_01/swing_0002",converted,35188165,3395363,468,""
"C:/PinPointStudio/corpus/swings/2026-07-10_Mark-Liversedge_Wrist_01/swing_0003",converted,35156746,3378054,443,""
"C:/PinPointStudio/corpus/swings/2026-07-10_Mark-Liversedge_Wrist_01/swing_0004",converted,35182565,3356575,446,""
"C:/PinPointStudio/corpus/swings/2026-07-10_Mark-Liversedge_Wrist_01/swing_0005",converted,35142062,3360782,598,""
"C:/PinPointStudio/corpus/swings/2026-07-10_Mark-Liversedge_Wrist_02/swing_0001",converted,35194180,3358160,478,""
"C:/PinPointStudio/corpus/swings/2026-07-10_Mark-Liversedge_Wrist_02/swing_0002",converted,35130702,3367053,463,""
"C:/PinPointStudio/corpus/swings/2026-07-10_Mark-Liversedge_Wrist_02/swing_0003",converted,35189057,3378124,453,""
"C:/PinPointStudio/corpus/swings/2026-07-10_Mark-Liversedge_Wrist_02/swing_0004",converted,35186671,3394118,480,""
"C:/PinPointStudio/corpus/swings/2026-07-10_Mark-Liversedge_Wrist_02/swing_0005",converted,35162479,3332806,465,""
"C:/PinPointStudio/corpus/swings/2026-07-10_Mark-Liversedge_Wrist_02/swing_0006",converted,35164586,3393193,446,""
"C:/PinPointStudio/corpus/swings/2026-08-04_Mark-Liversedge_Wrist_05/swing_0001",converted,14146,1825,7,""
"C:/PinPointStudio/corpus/swings/2026-08-04_Mark-Liversedge_Wrist_05/swing_0002",converted,14146,1829,5,""
"C:/PinPointStudio/corpus/swings/2026-08-04_Mark-Liversedge_Wrist_05/swing_0004",converted,7954,1306,5,""
"C:/PinPointStudio/corpus/swings/2026-08-04_Mark-Liversedge_Wrist_05/swing_0005",converted,7952,1313,4,""
"C:/PinPointStudio/corpus/swings/2026-08-04_Mark-Liversedge_Wrist_05/swing_0006",converted,14155,1820,4,""
"C:/PinPointStudio/corpus/swings/2026-08-04_Mark-Liversedge_Wrist_05/swing_0007",converted,14149,1816,4,""
"C:/PinPointStudio/corpus/swings/2026-08-04_Mark-Liversedge_Wrist_05/swing_0008",converted,14145,1820,5,""
"C:/PinPointStudio/corpus/swings/2026-08-04_Mark-Liversedge_Wrist_05/swing_0009",converted,14157,1818,4,""
"C:/PinPointStudio/corpus/swings/2026-08-04_Mark-Liversedge_Wrist_05/swing_0010",converted,14146,1824,4,""
"C:/PinPointStudio/corpus/swings/2026-08-04_Mark-Liversedge_Wrist_05/swing_0011",converted,14148,1820,4,""
"C:/PinPointStudio/corpus/swings/2026-08-04_Mark-Liversedge_Wrist_05/swing_0012",converted,14144,1822,4,""
"C:/PinPointStudio/corpus/swings/2026-08-04_Mark-Liversedge_Wrist_05/swing_0013",converted,14154,1828,4,""
"C:/PinPointStudio/corpus/swings/2026-08-04_Mark-Liversedge_Wrist_05/swing_0014",converted,14152,1824,4,""
"C:/PinPointStudio/corpus/swings/2026-08-04_Mark-Liversedge_Wrist_05/swing_0015",converted,14156,1830,4,""
"C:/PinPointStudio/corpus/swings/2026-08-04_Mark-Liversedge_Wrist_05/swing_0016",converted,14180,1836,5,""
"C:/PinPointStudio/corpus/swings/2026-08-04_Mark-Liversedge_Wrist_05/swing_0017",converted,14158,1833,4,""
"C:/PinPointStudio/corpus/swings/2026-08-04_Mark-Liversedge_Wrist_05/swing_0018",converted,14161,1829,4,""
"C:/PinPointStudio/corpus/swings/2026-08-04_Mark-Liversedge_Wrist_05/swing_0019",converted,14143,1827,4,""
"C:/PinPointStudio/corpus/swings/2026-08-04_Mark-Liversedge_Wrist_05/swing_0020",converted,14155,1825,4,""
"C:/PinPointStudio/corpus/swings/2026-08-04_Mark-Liversedge_Wrist_05/swing_0021",converted,14181,1823,5,""
"C:/PinPointStudio/corpus/swings/2026-08-04_Mark-Liversedge_Wrist_05/swing_0022",converted,14123,1805,4,""
"C:/PinPointStudio/corpus/swings/2026-08-04_Mark-Liversedge_Wrist_05/swing_0023",converted,14149,1828,4,""
"C:/PinPointStudio/corpus/swings/2026-08-04_Mark-Liversedge_Wrist_05/swing_0024",converted,14167,1833,4,""
"C:/PinPointStudio/corpus/swings/2026-08-04_Mark-Liversedge_Wrist_05/swing_0025",converted,14159,1822,8,""
"C:/PinPointStudio/corpus/swings/2026-08-04_Mark-Liversedge_Wrist_05/swing_0026",converted,14157,1826,4,""
"C:/PinPointStudio/corpus/swings/2026-08-18_Mark-Liversedge_Wrist_01/swing_0001",converted,28177117,2672945,376,""
"C:/PinPointStudio/corpus/swings/2026-08-18_Mark-Liversedge_Wrist_01/swing_0002",converted,28273778,2641002,351,""
"C:/PinPointStudio/corpus/swings/2026-08-18_Mark-Liversedge_Wrist_01/swing_0003",converted,26693133,2502616,344,""
"C:/PinPointStudio/corpus/swings/2026-08-18_Mark-Liversedge_Wrist_01/swing_0004",converted,28058484,2685784,367,""
"C:/PinPointStudio/corpus/swings/2026-08-18_Mark-Liversedge_Wrist_01/swing_0005",converted,28249008,2697658,382,""
"C:/PinPointStudio/corpus/swings/2026-08-18_Mark-Liversedge_Wrist_02/swing_0001",converted,30078604,2764085,388,""
"C:/PinPointStudio/corpus/swings/2026-08-18_Mark-Liversedge_Wrist_02/swing_0002",converted,30031482,2729154,387,""
"C:/PinPointStudio/corpus/swings/2026-08-18_Mark-Liversedge_Wrist_02/swing_0003",converted,29897938,2750096,389,""
"C:/PinPointStudio/corpus/swings/2026-08-18_Mark-Liversedge_Wrist_02/swing_0004",converted,29806806,2720890,397,""
"C:/PinPointStudio/corpus/swings/2026-08-18_Mark-Liversedge_Wrist_02/swing_0005",converted,30065868,2733878,405,""
"C:/PinPointStudio/corpus/swings/2026-08-18_Mark-Liversedge_Wrist_02/swing_0006",converted,29878828,2751042,409,""
"C:/PinPointStudio/corpus/swings/2026-09-09_Mark-Liversedge_Wrist_01/swing_0001",converted,28923579,2774936,393,""
"C:/PinPointStudio/corpus/swings/2026-09-09_Mark-Liversedge_Wrist_01/swing_0002",converted,28597677,2718484,381,""
"C:/PinPointStudio/corpus/swings/2026-09-09_Mark-Liversedge_Wrist_01/swing_0003",converted,28742422,2763114,389,""
"C:/PinPointStudio/corpus/swings/2026-09-09_Mark-Liversedge_Wrist_01/swing_0004",converted,28964177,2772202,392,""
"C:/PinPointStudio/corpus/swings/2026-09-09_Mark-Liversedge_Wrist_01/swing_0005",converted,28884581,2774397,379,""
"C:/PinPointStudio/corpus/swings/2026-09-09_Mark-Liversedge_Wrist_01/swing_0006",converted,28751147,2679754,394,""
"C:/PinPointStudio/corpus/swings/2026-09-09_Mark-Liversedge_Wrist_01/swing_0007",converted,28719126,2748333,400,""
"C:/PinPointStudio/Mark-Liversedge/2026-07-04_Mark-Liversedge_Wrist_01/swing_0001",converted,65649500,6152341,1093,""
"C:/PinPointStudio/Mark-Liversedge/2026-07-04_Mark-Liversedge_Wrist_01/swing_0002",converted,65282082,6142146,877,""
"C:/PinPointStudio/Mark-Liversedge/2026-07-04_Mark-Liversedge_Wrist_01/swing_0003",converted,66243673,6245727,912,""
"C:/PinPointStudio/Mark-Liversedge/2026-07-04_Mark-Liversedge_Wrist_01/swing_0004",converted,65048391,6024685,887,""
"C:/PinPointStudio/Mark-Liversedge/2026-07-04_Mark-Liversedge_Wrist_01/swing_0005",converted,65153966,6087907,873,""
"C:/PinPointStudio/Mark-Liversedge/2026-07-04_Mark-Liversedge_Wrist_01/swing_0006",converted,65755604,6125970,888,""
"C:/PinPointStudio/Mark-Liversedge/2026-07-04_Mark-Liversedge_Wrist_01/swing_0007",converted,65638005,6098684,879,""
"C:/PinPointStudio/Mark-Liversedge/2026-07-04_Mark-Liversedge_Wrist_01/swing_0008",converted,66016496,6150839,907,""
"C:/PinPointStudio/Mark-Liversedge/2026-07-04_Mark-Liversedge_Wrist_01/swing_0009",converted,73320010,6772352,977,""
"C:/PinPointStudio/Mark-Liversedge/2026-07-04_Mark-Liversedge_Wrist_01/swing_0010",converted,65939045,6093865,900,""
"C:/PinPointStudio/Mark-Liversedge/2026-07-04_Mark-Liversedge_Wrist_01/swing_0011",converted,65990286,6160952,904,""
"C:/PinPointStudio/Mark-Liversedge/2026-07-04_Mark-Liversedge_Wrist_01/swing_0012",converted,65760099,6099546,897,""
"C:/PinPointStudio/Mark-Liversedge/2026-07-04_Mark-Liversedge_Wrist_01/swing_0013",converted,65772698,6102120,907,""
"C:/PinPointStudio/Mark-Liversedge/2026-07-04_Mark-Liversedge_Wrist_01/swing_0014",converted,65302033,6084708,904,""
"C:/PinPointStudio/Mark-Liversedge/2026-07-04_Mark-Liversedge_Wrist_01/swing_0015",converted,65616347,6122790,904,""
"C:/PinPointStudio/Mark-Liversedge/2026-09-09_Mark-Liversedge_Wrist_01/swing_0001",converted,28899018,2769851,385,""
"C:/PinPointStudio/Mark-Liversedge/2026-09-09_Mark-Liversedge_Wrist_01/swing_0002",converted,28564861,2712767,357,""
"C:/PinPointStudio/Mark-Liversedge/2026-09-09_Mark-Liversedge_Wrist_01/swing_0003",converted,28720621,2757923,370,""
"C:/PinPointStudio/Mark-Liversedge/2026-09-09_Mark-Liversedge_Wrist_01/swing_0004",converted,28937115,2768401,391,""
"C:/PinPointStudio/Mark-Liversedge/2026-09-09_Mark-Liversedge_Wrist_01/swing_0005",converted,28864065,2770061,371,""
"C:/PinPointStudio/Mark-Liversedge/2026-09-09_Mark-Liversedge_Wrist_01/swing_0006",converted,28730737,2675640,383,""
"C:/PinPointStudio/Mark-Liversedge/2026-09-09_Mark-Liversedge_Wrist_01/swing_0007",converted,28719126,2748333,373,""
"C:/PinPointStudio/Mark-Liversedge/2026-09-15_Mark-Liversedge_Wrist_01/swing_0001",converted,27636413,2716054,367,""
"C:/PinPointStudio/Mark-Liversedge/2026-09-15_Mark-Liversedge_Wrist_01/swing_0002",converted,27851355,2700335,360,""
"C:/PinPointStudio/Mark-Liversedge/2026-09-15_Mark-Liversedge_Wrist_01/swing_0003",converted,27354328,2657394,348,""
"C:/PinPointStudio/Mark-Liversedge/2026-09-15_Mark-Liversedge_Wrist_01/swing_0004",converted,28289065,2760020,369,""
"C:/PinPointStudio/Mark-Liversedge/2026-09-15_Mark-Liversedge_Wrist_01/swing_0005",converted,28825371,2766810,390,""
"C:/PinPointStudio/Mark-Liversedge/2026-09-15_Mark-Liversedge_Wrist_01/swing_0006",converted,28148044,2778171,355,""
"C:/PinPointStudio/Mark-Liversedge/2026-09-15_Mark-Liversedge_Wrist_01/swing_0007",converted,28121740,2730913,358,""
"C:/PinPointStudio/Mark-Liversedge/2026-09-15_Mark-Liversedge_Wrist_01/swing_0008",converted,28311475,2790479,370,""
"C:/PinPointStudio/Mark-Liversedge/2026-09-15_Mark-Liversedge_Wrist_01/swing_0009",converted,28093303,2777472,386,""
"C:/PinPointStudio/Mark-Liversedge/2026-09-15_Mark-Liversedge_Wrist_01/swing_0010",converted,28142275,2773756,382,""
"C:/PinPointStudio/Mark-Liversedge/2026-09-15_Mark-Liversedge_Wrist_01/swing_0011",converted,27959281,2763897,358,""
"C:/PinPointStudio/Mark-Liversedge/2026-09-15_Mark-Liversedge_Wrist_01/swing_0012",converted,20221843,731276,375,""
"C:/PinPointStudio/Mark-Liversedge/2026-09-15_Mark-Liversedge_Wrist_01/swing_0013",converted,28171252,2762646,362,""
"C:/PinPointStudio/Mark-Liversedge/2026-09-15_Mark-Liversedge_Wrist_02/swing_0001",converted,29060467,2713971,393,""
"C:/PinPointStudio/Mark-Liversedge/2026-09-15_Mark-Liversedge_Wrist_02/swing_0002",converted,29071470,2741165,386,""
"C:/PinPointStudio/Mark-Liversedge/2026-09-15_Mark-Liversedge_Wrist_02/swing_0003",converted,28850688,2741221,361,""
"C:/PinPointStudio/Mark-Liversedge/2026-09-15_Mark-Liversedge_Wrist_02/swing_0004",converted,29008407,2751003,374,""
"C:/PinPointStudio/Mark-Liversedge/2026-09-15_Mark-Liversedge_Wrist_02/swing_0005",converted,29014334,2736303,389,""
"C:/PinPointStudio/Mark-Liversedge/2026-09-15_Mark-Liversedge_Wrist_02/swing_0006",converted,28741942,2726590,361,""
"C:/PinPointStudio/Mark-Liversedge/2026-09-15_Mark-Liversedge_Wrist_02/swing_0007",converted,29019575,2751189,363,""
"C:/PinPointStudio/Mark-Liversedge/2026-09-15_Mark-Liversedge_Wrist_02/swing_0008",converted,29011835,2761934,377,""
"C:/PinPointStudio/Mark-Liversedge/2026-09-15_Mark-Liversedge_Wrist_02/swing_0009",converted,29037072,2754012,399,""
"C:/PinPointStudio/Mark-Liversedge/2026-09-15_Mark-Liversedge_Wrist_02/swing_0010",converted,29025618,2739658,363,""
"C:/PinPointStudio/Mark-Liversedge/2026-09-15_Mark-Liversedge_Wrist_02/swing_0011",converted,28855690,2738710,457,""
"C:/PinPointStudio/Mark-Liversedge/2026-09-15_Mark-Liversedge_Wrist_02/swing_0012",converted,29005020,2743985,397,""
"C:/PinPointStudio/Mark-Liversedge/2026-09-15_Mark-Liversedge_Wrist_02/swing_0013",converted,29025727,2728721,389,""
"C:/PinPointStudio/Mark-Liversedge/2026-09-16_Mark-Liversedge_Wrist_01/swing_0001",converted,27887830,2731314,354,""
"C:/PinPointStudio/Mark-Liversedge/2026-09-16_Mark-Liversedge_Wrist_01/swing_0002",converted,27572009,2708331,375,""
"C:/PinPointStudio/Mark-Liversedge/2026-09-16_Mark-Liversedge_Wrist_01/swing_0003",converted,27863521,2746294,383,""
"C:/PinPointStudio/Mark-Liversedge/2026-09-16_Mark-Liversedge_Wrist_02/swing_0001",converted,27630860,2724366,370,""
"C:/PinPointStudio/Mark-Liversedge/2026-09-16_Mark-Liversedge_Wrist_02/swing_0002",converted,27979184,2762038,354,""
"C:/PinPointStudio/Mark-Liversedge/2026-09-16_Mark-Liversedge_Wrist_02/swing_0003",converted,27990056,2766927,350,""
"C:/PinPointStudio/Mark-Liversedge/2026-09-16_Mark-Liversedge_Wrist_03/swing_0001",converted,27938607,2751999,360,""
