root,session,swing,json_bytes,compact_bytes,zstd19_compact_bytes,ppsw_lossless_bytes,ppsw_f32_bytes,chunks,cpp_verify,py_verify,json_load_ms,py_ppsw_load_ms,py_root_open_ms,has_dtl,error
Mark-Liversedge,2026-07-04_Mark-Liversedge_Wrist_01,swing_0001,65649500,27169117,9360334,6151237,3717810,10,EQUAL,EQUAL,303.1,79.4,0.49,1,
Mark-Liversedge,2026-07-04_Mark-Liversedge_Wrist_01,swing_0002,65282082,27049695,,6141072,3713596,10,EQUAL,EQUAL,301.3,97.8,0.58,1,
Mark-Liversedge,2026-07-04_Mark-Liversedge_Wrist_01,swing_0003,66243673,27486408,,6244668,3783255,10,EQUAL,EQUAL,302.9,86.3,0.56,1,
Mark-Liversedge,2026-07-04_Mark-Liversedge_Wrist_01,swing_0004,65048391,26913826,,6023621,3617067,10,EQUAL,EQUAL,308.3,83.3,0.62,1,
Mark-Liversedge,2026-07-04_Mark-Liversedge_Wrist_01,swing_0005,65153966,26967238,,6086816,3668625,10,EQUAL,EQUAL,296.3,73.9,1.04,1,
Mark-Liversedge,2026-07-04_Mark-Liversedge_Wrist_01,swing_0006,65755604,27263092,,6124890,3690157,10,EQUAL,EQUAL,321.8,82.4,0.56,1,
Mark-Liversedge,2026-07-04_Mark-Liversedge_Wrist_01,swing_0007,65638005,27183434,,6097586,3666543,10,EQUAL,EQUAL,335.3,81.6,0.47,1,
Mark-Liversedge,2026-07-04_Mark-Liversedge_Wrist_01,swing_0008,66016496,27325753,,6149773,3698696,10,EQUAL,EQUAL,329.8,95.3,0.51,1,
Mark-Liversedge,2026-07-04_Mark-Liversedge_Wrist_01,swing_0009,73320010,30178306,,6771264,4088645,10,EQUAL,EQUAL,367.7,97.2,0.57,1,
Mark-Liversedge,2026-07-04_Mark-Liversedge_Wrist_01,swing_0010,65939045,27328147,,6092780,3651946,10,EQUAL,EQUAL,300.4,88.9,0.56,1,
Mark-Liversedge,2026-07-04_Mark-Liversedge_Wrist_01,swing_0011,65990286,27362005,9351892,6159864,3714107,10,EQUAL,EQUAL,316.0,86.5,0.51,1,
Mark-Liversedge,2026-07-04_Mark-Liversedge_Wrist_01,swing_0012,65760099,27249020,,6098433,3650978,10,EQUAL,EQUAL,411.1,92.0,0.55,1,
Mark-Liversedge,2026-07-04_Mark-Liversedge_Wrist_01,swing_0013,65772698,27234677,,6101022,3661038,10,EQUAL,EQUAL,364.9,127.7,0.93,1,
Mark-Liversedge,2026-07-04_Mark-Liversedge_Wrist_01,swing_0014,65302033,27049438,,6083643,3656024,10,EQUAL,EQUAL,374.5,86.0,0.52,1,
Mark-Liversedge,2026-07-04_Mark-Liversedge_Wrist_01,swing_0015,65616347,27183897,,6121707,3682604,10,EQUAL,EQUAL,387.1,98.2,0.56,1,
Mark-Liversedge,2026-09-09_Mark-Liversedge_Wrist_01,swing_0001,28899018,12047664,,2768940,1611257,6,EQUAL,EQUAL,170.5,48.3,0.52,0,
Mark-Liversedge,2026-09-09_Mark-Liversedge_Wrist_01,swing_0002,28564861,11771931,,2711807,1576858,6,EQUAL,EQUAL,184.3,40.0,0.43,0,
Mark-Liversedge,2026-09-09_Mark-Liversedge_Wrist_01,swing_0003,28720621,11961053,,2757027,1605551,6,EQUAL,EQUAL,148.7,33.3,0.45,0,
Mark-Liversedge,2026-09-09_Mark-Liversedge_Wrist_01,swing_0004,28937115,12037797,,2767453,1614269,6,EQUAL,EQUAL,173.0,36.8,0.4,0,
Mark-Liversedge,2026-09-09_Mark-Liversedge_Wrist_01,swing_0005,28864065,11972925,,2769093,1627049,6,EQUAL,EQUAL,133.9,45.7,0.67,0,
Mark-Liversedge,2026-09-09_Mark-Liversedge_Wrist_01,swing_0006,28730737,11835167,4028813,2674663,1543241,6,EQUAL,EQUAL,185.1,45.0,0.39,0,
Mark-Liversedge,2026-09-09_Mark-Liversedge_Wrist_01,swing_0007,28719126,11879684,,2747326,1608029,6,EQUAL,EQUAL,165.7,52.8,0.68,0,
Mark-Liversedge,2026-09-15_Mark-Liversedge_Wrist_01,swing_0001,27636413,11527937,,2715129,1581707,6,EQUAL,EQUAL,158.9,42.6,1.02,0,
Mark-Liversedge,2026-09-15_Mark-Liversedge_Wrist_01,swing_0002,27851355,11616264,,2699384,1561314,6,EQUAL,EQUAL,172.6,49.4,0.52,0,
Mark-Liversedge,2026-09-15_Mark-Liversedge_Wrist_01,swing_0003,27354328,11402636,,2656493,1529133,6,EQUAL,EQUAL,138.1,29.6,0.49,0,
Mark-Liversedge,2026-09-15_Mark-Liversedge_Wrist_01,swing_0004,28289065,11800068,,2758947,1608204,6,EQUAL,EQUAL,137.3,58.5,1.86,0,
Mark-Liversedge,2026-09-15_Mark-Liversedge_Wrist_01,swing_0005,28825371,11984215,,2766521,1601657,6,EQUAL,EQUAL,133.6,34.6,0.6,0,
Mark-Liversedge,2026-09-15_Mark-Liversedge_Wrist_01,swing_0006,28148044,11753045,,2777154,1634878,6,EQUAL,EQUAL,190.7,34.7,1.11,0,
Mark-Liversedge,2026-09-15_Mark-Liversedge_Wrist_01,swing_0007,28121740,11726286,,2729970,1584303,6,EQUAL,EQUAL,128.8,42.8,0.56,0,
Mark-Liversedge,2026-09-15_Mark-Liversedge_Wrist_01,swing_0008,28311475,11777411,,2789459,1640348,6,EQUAL,EQUAL,131.5,36.8,0.99,0,
Mark-Liversedge,2026-09-15_Mark-Liversedge_Wrist_01,swing_0009,28093303,11697881,4073029,2776517,1637401,6,EQUAL,EQUAL,134.4,33.2,0.98,0,
Mark-Liversedge,2026-09-15_Mark-Liversedge_Wrist_01,swing_0010,28142275,11703191,,2772776,1629763,6,EQUAL,EQUAL,137.4,45.7,0.99,0,
Mark-Liversedge,2026-09-15_Mark-Liversedge_Wrist_01,swing_0011,27959281,11648452,,2762907,1625482,6,EQUAL,EQUAL,126.4,36.7,0.46,0,
Mark-Liversedge,2026-09-15_Mark-Liversedge_Wrist_01,swing_0012,20221843,4533078,,731091,500890,4,EQUAL,EQUAL,102.3,56.8,1.7,0,
Mark-Liversedge,2026-09-15_Mark-Liversedge_Wrist_01,swing_0013,28171252,11749196,,2761685,1615382,6,EQUAL,EQUAL,134.4,29.1,0.98,0,
Mark-Liversedge,2026-09-15_Mark-Liversedge_Wrist_02,swing_0001,29060467,12109131,,2712983,1544415,6,EQUAL,EQUAL,158.7,48.5,0.56,0,
Mark-Liversedge,2026-09-15_Mark-Liversedge_Wrist_02,swing_0002,29071470,12113799,,2740194,1573325,6,EQUAL,EQUAL,170.7,61.0,0.75,0,
Mark-Liversedge,2026-09-15_Mark-Liversedge_Wrist_02,swing_0003,28850688,12026080,,2740296,1577728,6,EQUAL,EQUAL,176.4,50.2,0.53,0,
Mark-Liversedge,2026-09-15_Mark-Liversedge_Wrist_02,swing_0004,29008407,12090687,,2750036,1587536,6,EQUAL,EQUAL,181.8,71.0,0.53,0,
Mark-Liversedge,2026-09-15_Mark-Liversedge_Wrist_02,swing_0005,29014334,12093559,,2735401,1569247,6,EQUAL,EQUAL,157.6,44.6,0.99,0,
Mark-Liversedge,2026-09-15_Mark-Liversedge_Wrist_02,swing_0006,28741942,11966623,4098233,2725618,1561730,6,EQUAL,EQUAL,163.4,29.2,0.45,0,
Mark-Liversedge,2026-09-15_Mark-Liversedge_Wrist_02,swing_0007,29019575,12086026,,2750223,1581563,6,EQUAL,EQUAL,128.1,41.2,0.57,0,
Mark-Liversedge,2026-09-15_Mark-Liversedge_Wrist_02,swing_0008,29011835,12081784,,2760968,1597598,6,EQUAL,EQUAL,140.0,37.0,0.52,0,
Mark-Liversedge,2026-09-15_Mark-Liversedge_Wrist_02,swing_0009,29037072,12076572,,2753052,1585229,6,EQUAL,EQUAL,133.0,48.7,0.54,0,
Mark-Liversedge,2026-09-15_Mark-Liversedge_Wrist_02,swing_0010,29025618,12101871,,2738741,1571855,6,EQUAL,EQUAL,139.0,35.7,0.53,0,
Mark-Liversedge,2026-09-15_Mark-Liversedge_Wrist_02,swing_0011,28855690,12021854,,2737820,1573487,6,EQUAL,EQUAL,132.9,34.8,0.61,0,
Mark-Liversedge,2026-09-15_Mark-Liversedge_Wrist_02,swing_0012,29005020,12084899,,2743045,1574817,6,EQUAL,EQUAL,156.4,34.8,0.56,0,
Mark-Liversedge,2026-09-15_Mark-Liversedge_Wrist_02,swing_0013,29025727,12094712,,2727810,1565527,6,EQUAL,EQUAL,140.8,45.9,0.61,0,
Mark-Liversedge,2026-09-16_Mark-Liversedge_Wrist_01,swing_0001,27887830,11620461,,2729837,1586810,6,EQUAL,EQUAL,131.5,41.6,0.7,0,
Mark-Liversedge,2026-09-16_Mark-Liversedge_Wrist_01,swing_0002,27572009,11477451,,2706950,1566161,6,EQUAL,EQUAL,125.3,34.6,3.26,0,
Mark-Liversedge,2026-09-16_Mark-Liversedge_Wrist_01,swing_0003,27863521,11597099,4023247,2744832,1597969,6,EQUAL,EQUAL,128.4,64.8,1.25,0,
Mark-Liversedge,2026-09-16_Mark-Liversedge_Wrist_02,swing_0001,27630860,11465554,,2723081,1595904,6,EQUAL,EQUAL,163.2,44.4,0.55,0,
Mark-Liversedge,2026-09-16_Mark-Liversedge_Wrist_02,swing_0002,27979184,11655925,,2760726,1616586,6,EQUAL,EQUAL,141.9,44.6,0.54,0,
Mark-Liversedge,2026-09-16_Mark-Liversedge_Wrist_02,swing_0003,27990056,11669126,,2765624,1612755,6,EQUAL,EQUAL,161.8,56.0,0.52,0,
Mark-Liversedge,2026-09-16_Mark-Liversedge_Wrist_03,swing_0001,27938607,11614615,,2750754,1601714,6,EQUAL,EQUAL,163.7,46.0,0.77,0,
swings,2026-06-11_Mark-Liversedge_Wrist_01,swing_0001,35400014,14658148,,3417578,2022415,6,EQUAL,EQUAL,188.8,68.7,0.82,0,
swings,2026-06-11_Mark-Liversedge_Wrist_01,swing_0002,35550103,14773652,,3464987,2054157,6,EQUAL,EQUAL,209.9,66.9,1.7,0,
swings,2026-06-11_Mark-Liversedge_Wrist_01,swing_0003,35528291,14763858,,3438739,2027344,6,EQUAL,EQUAL,205.6,61.0,1.66,0,
swings,2026-06-11_Mark-Liversedge_Wrist_01,swing_0004,35642254,14821156,,3463008,2054437,6,EQUAL,EQUAL,218.2,54.3,1.12,0,
swings,2026-06-11_Mark-Liversedge_Wrist_01,swing_0005,35527677,14769131,,3415310,2004084,6,EQUAL,EQUAL,166.5,53.3,1.37,0,
swings,2026-06-11_Mark-Liversedge_Wrist_01,swing_0006,35506137,14749830,5118218,3466603,2059831,6,EQUAL,EQUAL,154.3,57.6,0.89,0,
swings,2026-06-11_Mark-Liversedge_Wrist_01,swing_0007,35534919,14765905,,3467296,2062410,6,EQUAL,EQUAL,212.4,71.5,0.88,0,
swings,2026-06-11_Mark-Liversedge_Wrist_01,swing_0008,35571887,14793192,,3473973,2064376,6,EQUAL,EQUAL,205.8,58.8,1.77,0,
swings,2026-06-11_Mark-Liversedge_Wrist_01,swing_0009,35781417,14884654,,3492052,2080148,6,EQUAL,EQUAL,177.7,80.4,1.03,0,
swings,2026-07-03_Mark-Liversedge_Wrist_01,swing_0002,35134820,14666026,,3325807,1912907,6,EQUAL,EQUAL,161.6,33.1,0.77,0,
swings,2026-07-03_Mark-Liversedge_Wrist_01,swing_0003,35101443,14648900,,3364694,1943300,6,EQUAL,EQUAL,160.1,51.4,0.77,0,
swings,2026-07-03_Mark-Liversedge_Wrist_01,swing_0004,35072717,14634761,,3346861,1931023,6,EQUAL,EQUAL,193.2,54.9,1.79,0,
swings,2026-07-03_Mark-Liversedge_Wrist_01,swing_0005,35085689,14641712,,3400705,1962563,6,EQUAL,EQUAL,232.3,57.1,0.82,0,
swings,2026-07-03_Mark-Liversedge_Wrist_01,swing_0006,35140086,14681736,,3396141,1960876,6,EQUAL,EQUAL,218.6,62.7,0.71,0,
swings,2026-07-03_Mark-Liversedge_Wrist_01,swing_0007,35122967,14659988,,3364902,1946522,6,EQUAL,EQUAL,206.4,45.9,0.72,0,
swings,2026-07-03_Mark-Liversedge_Wrist_01,swing_0008,35075305,14640698,5047830,3309515,1892925,6,EQUAL,EQUAL,226.4,38.8,0.82,0,
swings,2026-07-03_Mark-Liversedge_Wrist_01,swing_0009,35120135,14665395,,3349922,1934898,6,EQUAL,EQUAL,172.9,52.0,0.78,0,
swings,2026-07-03_Mark-Liversedge_Wrist_01,swing_0010,35134660,14685308,,3347161,1906743,6,EQUAL,EQUAL,169.4,38.3,1.63,0,
swings,2026-07-03_Mark-Liversedge_Wrist_01,swing_0011,35111228,14664873,,3285742,1864906,6,EQUAL,EQUAL,163.4,46.5,0.83,0,
swings,2026-07-04_Mark-Liversedge_Wrist_01,swing_0001,35113776,14646141,,3347968,1933870,6,EQUAL,EQUAL,172.2,39.0,0.85,0,
swings,2026-07-04_Mark-Liversedge_Wrist_01,swing_0002,35083051,14647777,,3351012,1936687,6,EQUAL,EQUAL,161.3,53.2,0.85,0,
swings,2026-07-04_Mark-Liversedge_Wrist_01,swing_0003,35136961,14660593,,3353373,1940385,6,EQUAL,EQUAL,169.3,50.2,0.84,0,
swings,2026-07-04_Mark-Liversedge_Wrist_01,swing_0004,35106462,14646760,,3338864,1926819,6,EQUAL,EQUAL,174.5,49.6,1.54,0,
swings,2026-07-04_Mark-Liversedge_Wrist_01,swing_0005,35132461,14658047,,3381167,1966734,6,EQUAL,EQUAL,177.5,47.3,0.8,0,
swings,2026-07-04_Mark-Liversedge_Wrist_01,swing_0006,35134897,14661096,,3356169,1945901,6,EQUAL,EQUAL,184.2,49.6,1.95,0,
swings,2026-07-04_Mark-Liversedge_Wrist_01,swing_0007,35113930,14647626,5054604,3353104,1940904,6,EQUAL,EQUAL,156.6,58.8,0.81,0,
swings,2026-07-04_Mark-Liversedge_Wrist_01,swing_0008,35136528,14657034,,3381952,1964277,6,EQUAL,EQUAL,161.3,39.0,0.79,0,
swings,2026-07-04_Mark-Liversedge_Wrist_01,swing_0009,35248331,14699983,,3375066,1948123,6,EQUAL,EQUAL,168.7,38.0,0.79,0,
swings,2026-07-04_Mark-Liversedge_Wrist_01,swing_0010,35099928,14653537,,3331905,1916703,6,EQUAL,EQUAL,168.3,38.5,0.75,0,
swings,2026-07-04_Mark-Liversedge_Wrist_01,swing_0011,35131499,14654977,,3376160,1962123,6,EQUAL,EQUAL,193.5,48.0,0.96,0,
swings,2026-07-04_Mark-Liversedge_Wrist_01,swing_0012,35082376,14637052,,3344236,1925960,6,EQUAL,EQUAL,212.7,42.3,0.8,0,
swings,2026-07-04_Mark-Liversedge_Wrist_01,swing_0013,35132681,14661847,,3334263,1924592,6,EQUAL,EQUAL,173.4,44.7,0.77,0,
swings,2026-07-04_Mark-Liversedge_Wrist_01,swing_0014,35118514,14665586,,3362776,1947002,6,EQUAL,EQUAL,167.5,48.6,0.81,0,
swings,2026-07-04_Mark-Liversedge_Wrist_01,swing_0015,35072797,14626884,,3365470,1946750,6,EQUAL,EQUAL,162.1,38.4,0.8,0,
swings,2026-07-05_Mark-Liversedge_Wrist_02,swing_0001,35090134,14647444,,3367606,1931597,6,EQUAL,EQUAL,165.9,39.3,0.73,0,
swings,2026-07-05_Mark-Liversedge_Wrist_02,swing_0002,35062714,14654604,5062074,3345405,1932653,6,EQUAL,EQUAL,164.0,55.2,0.62,0,
swings,2026-07-05_Mark-Liversedge_Wrist_02,swing_0003,35036950,14619225,,3352416,1936153,6,EQUAL,EQUAL,175.0,41.5,0.71,0,
swings,2026-07-05_Mark-Liversedge_Wrist_02,swing_0004,35123923,14674369,,3378458,1945885,6,EQUAL,EQUAL,170.6,52.8,0.79,0,
swings,2026-07-05_Mark-Liversedge_Wrist_02,swing_0005,35108895,14656276,,3386266,1953062,6,EQUAL,EQUAL,168.1,51.1,0.73,0,
swings,2026-07-05_Mark-Liversedge_Wrist_02,swing_0006,35119928,14673380,,3376869,1945275,6,EQUAL,EQUAL,172.2,37.9,0.63,0,
swings,2026-07-05_Mark-Liversedge_Wrist_02,swing_0007,35049240,14636455,,3357789,1938690,6,EQUAL,EQUAL,168.4,47.4,0.76,0,
swings,2026-07-05_Mark-Liversedge_Wrist_02,swing_0008,35016375,14606390,,3344805,1909724,6,EQUAL,EQUAL,160.6,46.9,0.75,0,
swings,2026-07-05_Mark-Liversedge_Wrist_02,swing_0009,35038241,14575899,,3352734,1952431,6,EQUAL,EQUAL,161.1,47.5,4.52,0,
swings,2026-07-05_Mark-Liversedge_Wrist_02,swing_0010,35029184,14614130,,3365341,1948549,6,EQUAL,EQUAL,163.1,44.6,0.66,0,
swings,2026-07-08_Mark-Liversedge_Wrist_01,swing_0001,35131960,14668971,,3352720,1918468,6,EQUAL,EQUAL,161.5,40.3,0.74,0,
swings,2026-07-08_Mark-Liversedge_Wrist_01,swing_0002,35136663,14677337,5060170,3372065,1938977,6,EQUAL,EQUAL,170.9,38.0,0.64,0,
swings,2026-07-08_Mark-Liversedge_Wrist_01,swing_0003,35126878,14671975,,3314714,1897499,6,EQUAL,EQUAL,166.8,38.8,0.72,0,
swings,2026-07-08_Mark-Liversedge_Wrist_01,swing_0004,35082487,14651893,,3353333,1940369,6,EQUAL,EQUAL,164.1,47.8,0.84,0,
swings,2026-07-08_Mark-Liversedge_Wrist_01,swing_0005,35113732,14655688,,3351429,1937863,6,EQUAL,EQUAL,162.8,51.3,0.71,0,
swings,2026-07-08_Mark-Liversedge_Wrist_01,swing_0006,35138111,14682437,,3375057,1940227,6,EQUAL,EQUAL,163.2,50.0,0.73,0,
swings,2026-07-08_Mark-Liversedge_Wrist_01,swing_0007,35115894,14652654,,3368717,1954945,6,EQUAL,EQUAL,165.8,38.6,0.78,0,
swings,2026-07-08_Mark-Liversedge_Wrist_01,swing_0008,35128591,14676381,,3346996,1912002,6,EQUAL,EQUAL,170.4,46.6,0.74,0,
swings,2026-07-08_Mark-Liversedge_Wrist_01,swing_0009,35107402,14664159,,3334412,1901830,6,EQUAL,EQUAL,284.3,41.7,0.67,0,
swings,2026-07-08_Mark-Liversedge_Wrist_01,swing_0010,35042591,14592315,,3321854,1916607,6,EQUAL,EQUAL,174.8,44.6,0.71,0,
swings,2026-07-08_Mark-Liversedge_Wrist_01,swing_0011,35104014,14650624,,3341225,1926481,6,EQUAL,EQUAL,169.3,53.1,0.7,0,
swings,2026-07-09_Mark-Liversedge_Wrist_01,swing_0001,35041823,14603479,5053344,3371051,1958792,6,EQUAL,EQUAL,174.3,46.9,1.11,0,
swings,2026-07-09_Mark-Liversedge_Wrist_01,swing_0002,35049468,14603182,,3377425,1944592,6,EQUAL,EQUAL,201.4,49.1,1.18,0,
swings,2026-07-09_Mark-Liversedge_Wrist_01,swing_0003,35040605,14603382,,3320391,1909935,6,EQUAL,EQUAL,162.0,33.9,0.74,0,
swings,2026-07-09_Mark-Liversedge_Wrist_01,swing_0004,35066072,14622755,,3367006,1953959,6,EQUAL,EQUAL,173.9,45.9,0.76,0,
swings,2026-07-09_Mark-Liversedge_Wrist_01,swing_0005,35014724,14581463,,3292795,1880095,6,EQUAL,EQUAL,164.0,48.6,0.8,0,
swings,2026-07-09_Mark-Liversedge_Wrist_01,swing_0006,35024385,14586680,,3374518,1956983,6,EQUAL,EQUAL,161.8,39.9,0.82,0,
swings,2026-07-10_Mark-Liversedge_Wrist_01,swing_0001,35125272,14644869,,3369916,1954463,6,EQUAL,EQUAL,166.6,49.0,0.76,0,
swings,2026-07-10_Mark-Liversedge_Wrist_01,swing_0002,35188165,14674744,,3394336,1956345,6,EQUAL,EQUAL,178.4,39.8,0.82,0,
swings,2026-07-10_Mark-Liversedge_Wrist_01,swing_0003,35156746,14665473,,3377040,1937479,6,EQUAL,EQUAL,165.6,52.0,1.62,0,
swings,2026-07-10_Mark-Liversedge_Wrist_01,swing_0004,35182565,14675709,,3355516,1920379,6,EQUAL,EQUAL,240.8,60.4,0.79,0,
swings,2026-07-10_Mark-Liversedge_Wrist_01,swing_0005,35142062,14656715,5045570,3359739,1934424,6,EQUAL,EQUAL,168.8,51.9,0.77,0,
swings,2026-07-10_Mark-Liversedge_Wrist_02,swing_0001,35194180,14695856,,3357221,1937612,6,EQUAL,EQUAL,177.5,60.9,0.79,0,
swings,2026-07-10_Mark-Liversedge_Wrist_02,swing_0002,35130702,14666252,,3366027,1935674,6,EQUAL,EQUAL,188.5,46.6,0.73,0,
swings,2026-07-10_Mark-Liversedge_Wrist_02,swing_0003,35189057,14685316,,3377107,1941776,6,EQUAL,EQUAL,169.4,39.1,0.79,0,
swings,2026-07-10_Mark-Liversedge_Wrist_02,swing_0004,35186671,14677165,,3393094,1955749,6,EQUAL,EQUAL,166.4,57.7,0.77,0,
swings,2026-07-10_Mark-Liversedge_Wrist_02,swing_0005,35162479,14674768,,3331772,1895995,6,EQUAL,EQUAL,168.2,50.9,0.77,0,
swings,2026-07-10_Mark-Liversedge_Wrist_02,swing_0006,35164586,14671968,,3392154,1954282,6,EQUAL,EQUAL,162.1,49.3,0.82,0,
swings,2026-08-04_Mark-Liversedge_Wrist_05,swing_0001,14146,5195,,1382,1382,1,EQUAL,EQUAL,5.4,8.4,0.42,0,
swings,2026-08-04_Mark-Liversedge_Wrist_05,swing_0002,14146,5195,,1381,1381,1,EQUAL,EQUAL,0.1,0.6,0.29,0,
swings,2026-08-04_Mark-Liversedge_Wrist_05,swing_0004,7954,3063,,1019,1019,1,EQUAL,EQUAL,0.1,0.6,0.19,0,
swings,2026-08-04_Mark-Liversedge_Wrist_05,swing_0005,7952,3061,1003,1021,1021,1,EQUAL,EQUAL,0.1,0.5,0.2,0,
swings,2026-08-04_Mark-Liversedge_Wrist_05,swing_0006,14155,5204,,1377,1377,1,EQUAL,EQUAL,0.1,0.6,0.29,0,
swings,2026-08-04_Mark-Liversedge_Wrist_05,swing_0007,14149,5198,,1380,1380,1,EQUAL,EQUAL,0.1,0.7,0.28,0,
swings,2026-08-04_Mark-Liversedge_Wrist_05,swing_0008,14145,5194,,1388,1388,1,EQUAL,EQUAL,0.1,0.6,0.3,0,
swings,2026-08-04_Mark-Liversedge_Wrist_05,swing_0009,14157,5206,,1383,1383,1,EQUAL,EQUAL,0.1,1.3,0.69,0,
swings,2026-08-04_Mark-Liversedge_Wrist_05,swing_0010,14146,5195,,1380,1380,1,EQUAL,EQUAL,0.1,0.6,0.29,0,
swings,2026-08-04_Mark-Liversedge_Wrist_05,swing_0011,14148,5197,,1379,1379,1,EQUAL,EQUAL,0.1,0.7,0.3,0,
swings,2026-08-04_Mark-Liversedge_Wrist_05,swing_0012,14144,5193,,1382,1382,1,EQUAL,EQUAL,0.1,0.6,0.29,0,
swings,2026-08-04_Mark-Liversedge_Wrist_05,swing_0013,14154,5203,,1386,1386,1,EQUAL,EQUAL,0.1,0.6,0.3,0,
swings,2026-08-04_Mark-Liversedge_Wrist_05,swing_0014,14152,5201,,1381,1381,1,EQUAL,EQUAL,0.1,0.6,0.29,0,
swings,2026-08-04_Mark-Liversedge_Wrist_05,swing_0015,14156,5205,1334,1389,1389,1,EQUAL,EQUAL,0.1,0.6,0.28,0,
swings,2026-08-04_Mark-Liversedge_Wrist_05,swing_0016,14180,5229,,1387,1387,1,EQUAL,EQUAL,0.1,0.6,0.28,0,
swings,2026-08-04_Mark-Liversedge_Wrist_05,swing_0017,14158,5207,,1387,1387,1,EQUAL,EQUAL,0.1,1.2,0.72,0,
swings,2026-08-04_Mark-Liversedge_Wrist_05,swing_0018,14161,5210,,1389,1389,1,EQUAL,EQUAL,0.1,1.3,0.68,0,
swings,2026-08-04_Mark-Liversedge_Wrist_05,swing_0019,14143,5192,,1383,1383,1,EQUAL,EQUAL,0.1,1.2,0.7,0,
swings,2026-08-04_Mark-Liversedge_Wrist_05,swing_0020,14155,5204,,1384,1384,1,EQUAL,EQUAL,0.1,0.6,0.29,0,
swings,2026-08-04_Mark-Liversedge_Wrist_05,swing_0021,14181,5230,,1390,1390,1,EQUAL,EQUAL,0.1,0.6,0.28,0,
swings,2026-08-04_Mark-Liversedge_Wrist_05,swing_0022,14123,5172,,1372,1372,1,EQUAL,EQUAL,0.1,0.6,0.29,0,
swings,2026-08-04_Mark-Liversedge_Wrist_05,swing_0023,14149,5198,,1385,1385,1,EQUAL,EQUAL,0.1,0.6,0.29,0,
swings,2026-08-04_Mark-Liversedge_Wrist_05,swing_0024,14167,5216,,1393,1393,1,EQUAL,EQUAL,0.1,1.2,0.68,0,
swings,2026-08-04_Mark-Liversedge_Wrist_05,swing_0025,14159,5208,1330,1388,1388,1,EQUAL,EQUAL,0.1,1.2,0.63,0,
swings,2026-08-04_Mark-Liversedge_Wrist_05,swing_0026,14157,5206,,1389,1389,1,EQUAL,EQUAL,0.1,0.6,0.29,0,
swings,2026-08-18_Mark-Liversedge_Wrist_01,swing_0001,28177117,11723634,,2671535,1540947,6,EQUAL,EQUAL,133.5,29.3,0.77,0,
swings,2026-08-18_Mark-Liversedge_Wrist_01,swing_0002,28273778,11769135,,2639553,1502662,6,EQUAL,EQUAL,133.4,39.0,0.99,0,
swings,2026-08-18_Mark-Liversedge_Wrist_01,swing_0003,26693133,11033757,,2501220,1413957,6,EQUAL,EQUAL,138.3,69.1,1.08,0,
swings,2026-08-18_Mark-Liversedge_Wrist_01,swing_0004,28058484,11686150,,2684362,1549885,6,EQUAL,EQUAL,129.1,34.1,0.8,0,
swings,2026-08-18_Mark-Liversedge_Wrist_01,swing_0005,28249008,11760355,,2696233,1562141,6,EQUAL,EQUAL,135.5,45.4,0.84,0,
swings,2026-08-18_Mark-Liversedge_Wrist_02,swing_0001,30078604,12352901,,2762797,1624431,7,EQUAL,EQUAL,139.1,38.1,0.33,0,
swings,2026-08-18_Mark-Liversedge_Wrist_02,swing_0002,30031482,12348684,,2727830,1588806,7,EQUAL,EQUAL,138.4,44.3,0.38,0,
swings,2026-08-18_Mark-Liversedge_Wrist_02,swing_0003,29897938,12293642,,2748774,1610952,7,EQUAL,EQUAL,137.6,49.3,0.32,0,
swings,2026-08-18_Mark-Liversedge_Wrist_02,swing_0004,29806806,12252241,4076365,2719577,1584604,7,EQUAL,EQUAL,144.9,39.0,0.33,0,
swings,2026-08-18_Mark-Liversedge_Wrist_02,swing_0005,30065868,12355684,,2732562,1595716,7,EQUAL,EQUAL,138.0,55.5,0.44,0,
swings,2026-08-18_Mark-Liversedge_Wrist_02,swing_0006,29878828,12270810,,2749721,1619367,7,EQUAL,EQUAL,232.9,33.0,0.29,0,
swings,2026-09-09_Mark-Liversedge_Wrist_01,swing_0001,28923579,12067613,,2774025,1616342,6,EQUAL,EQUAL,153.6,51.5,0.8,0,
swings,2026-09-09_Mark-Liversedge_Wrist_01,swing_0002,28597677,11798571,,2717524,1582575,6,EQUAL,EQUAL,132.6,33.8,0.34,0,
swings,2026-09-09_Mark-Liversedge_Wrist_01,swing_0003,28742422,11980334,,2762216,1610740,6,EQUAL,EQUAL,137.8,42.0,0.47,0,
swings,2026-09-09_Mark-Liversedge_Wrist_01,swing_0004,28964177,12057221,,2771255,1618071,6,EQUAL,EQUAL,142.8,53.0,0.41,0,
swings,2026-09-09_Mark-Liversedge_Wrist_01,swing_0005,28884581,11991157,,2773429,1631385,6,EQUAL,EQUAL,133.5,40.8,0.36,0,
swings,2026-09-09_Mark-Liversedge_Wrist_01,swing_0006,28751147,11854143,,2678777,1547355,6,EQUAL,EQUAL,137.2,41.8,0.36,0,
swings,2026-09-09_Mark-Liversedge_Wrist_01,swing_0007,28719126,11879684,,2747325,1608028,6,EQUAL,EQUAL,130.1,47.5,0.72,0,
