item,R1-R2_n,R1-R2_median,R1-R2_p90,R1-M1_n,R1-M1_median,R1-M1_p90,M1-M23_n,M1-M23_median,M1-M23_p90,R1-M23_n,R1-M23_median,R1-M23_p90,R1-M28_n,R1-M28_median,R1-M28_p90,R1-H23_n,R1-H23_median,R1-H23_p90,R1-H28_n,R1-H28_median,R1-H28_p90,R1-M18_n,R1-M18_median,R1-M18_p90,R1-M12_n,R1-M12_median,R1-M12_p90,PR-PM1_n,PR-PM1_median,PR-PM1_p90,PR-PM23_n,PR-PM23_median,PR-PM23_p90,PR-PM28_n,PR-PM28_median,PR-PM28_p90,PR-PH23_n,PR-PH23_median,PR-PH23_p90,PR-PH28_n,PR-PH28_median,PR-PH28_p90,PR-PM18_n,PR-PM18_median,PR-PM18_p90,PR-PM12_n,PR-PM12_median,PR-PM12_p90
ball_found_agreement,38,1.0,1.0,38,1.0,1.0,38,1.0,1.0,38,1.0,1.0,38,1.0,1.0,38,1.0,1.0,38,1.0,1.0,38,1.0,1.0,38,1.0,1.0,38,1.0,1.0,38,1.0,1.0,38,1.0,1.0,38,1.0,1.0,38,1.0,1.0,38,1.0,1.0,38,1.0,1.0
ball_launch_found_mismatch,38,0.0,0.0,38,0.0,0.0,38,0.0,0.0,38,0.0,0.0,38,0.0,1.0,38,0.0,0.0,38,0.0,0.0,38,0.0,0.0,38,0.0,0.0,38,0.0,0.0,38,0.0,0.0,38,0.0,1.0,38,0.0,0.0,38,0.0,0.0,38,0.0,0.0,38,0.0,0.0
ball_launch_ms,20,0.0,0.0,20,0.0,2.6719,22,0.0,5.3127,20,0.0,0.0,19,0.0,261.2464,20,0.0,151.4317,19,0.0,22.807,20,0.0,0.0,20,0.0,13.3895,20,0.0,29.4745,20,0.0,0.0,19,0.0,261.2464,20,0.0,164.82,19,0.0,22.807,20,0.0,0.0,20,0.0,13.3895
ball_pos_px_median,32,0.0,0.0,32,0.0185,0.3029,33,0.0207,0.3816,32,0.0173,0.6784,32,0.0382,0.7163,32,0.0099,0.2099,32,0.0178,0.8403,32,0.0094,0.1442,32,0.0063,0.0652,32,0.0185,0.2993,32,0.0173,0.6609,32,0.0382,0.6773,32,0.0099,0.2273,32,0.0178,0.8352,32,0.0094,0.1436,32,0.0063,0.058
club_frames_tracked_in_one_only,38,0.0,0.0,38,0.0,0.0,38,0.0,0.0,38,0.0,0.0,38,0.0,0.0,38,0.0,0.0,38,0.0,0.0,38,0.0,0.0,38,0.0,0.0,38,0.0,0.0,38,0.0,0.0,38,0.0,0.0,38,0.0,0.0,38,0.0,0.0,38,0.0,0.0,38,0.0,0.0
club_head_px_median,38,0.0,0.0,38,4.4114,9.9139,38,2.657,9.7647,38,4.7869,16.0039,38,5.1406,24.2697,38,4.2329,8.701,38,4.628,12.1947,38,3.4939,11.6396,38,3.9169,12.1835,38,1.0276,5.7763,38,0.9159,6.4822,38,1.2347,16.1082,38,0.3683,3.1745,38,0.5753,5.3618,38,0.4182,5.7784,38,0.2383,3.2043
club_head_px_p95,38,0.0,0.0,38,29.5724,83.1505,38,29.4147,119.3664,38,34.7188,118.0618,38,36.7999,193.1826,38,32.9408,234.8553,38,39.9813,133.2129,38,31.9902,179.2107,38,31.0511,93.3463,38,18.2173,40.1578,38,15.7874,40.0036,38,23.1599,46.2951,38,11.7543,39.1501,38,15.0755,43.1547,38,11.666,33.0558,38,15.0725,28.1268
club_theta_deg_median,38,0.0,0.0,38,0.1628,2.0,38,0.1033,2.0,38,0.2107,2.3,38,0.3967,2.6004,38,0.1416,1.0,38,0.1719,1.3,38,0.1033,2.0,38,0.1188,2.0,38,0.0,1.0,38,0.0,0.0601,38,0.0017,2.0,38,0.0,0.0032,38,0.0,0.65,38,0.0,0.65,38,0.0,0.0009
club_theta_deg_p95,38,0.0,0.0,38,3.0274,12.46,38,4.0,19.0245,38,4.0,19.2,38,5.914,23.7,38,4.0,24.75,38,5.1,20.5289,38,3.0,26.0743,38,4.25,16.3,38,1.0,5.2804,38,1.55,6.3419,38,2.012,6.813,38,1.0,4.0,38,1.0,6.9076,38,1.0,3.0,38,1.0,3.0
metric:attackAngle:P5,38,0.0,0.0,38,13.6005,56.6447,38,21.4339,44.0904,38,20.5185,50.7248,38,19.3315,48.2381,38,18.8096,51.6309,38,15.5297,52.9437,38,16.5886,44.4346,38,18.8368,38.3148,38,11.2502,47.6116,38,15.6043,53.381,38,21.9817,47.4837,38,17.3533,46.1949,38,12.2082,39.6366,38,12.8275,38.0872,38,9.7297,30.4664
metric:ballPosition:P0,25,0.0,0.0,25,1.7381,7.2744,25,0.5537,2.8843,25,1.3328,4.5459,25,1.7375,7.9545,25,1.9132,2.7044,25,1.7045,5.2663,25,0.9649,3.3266,25,1.1728,3.9392,25,0.0116,0.0385,25,0.0069,0.0741,25,0.0128,0.1427,25,0.0062,0.0588,25,0.013,0.0804,25,0.0029,0.0357,25,0.0022,0.0278
metric:clubAngularSpeed:P5,22,0.0,0.0,20,61.007,137.3463,19,91.3771,285.9981,19,102.082,252.554,17,58.4128,268.5825,19,73.7002,193.6038,18,43.3812,178.2407,20,52.043,175.745,16,52.0561,233.1198,22,13.8707,121.8169,22,33.0962,115.1178,22,33.9233,154.331,22,17.2463,124.5376,22,15.2194,101.9288,21,31.7228,112.9743,22,22.2414,86.9672
metric:clubAngularSpeed:P9,38,0.0,0.0,38,45.6178,225.176,38,59.1863,256.9554,38,67.1236,253.723,38,45.1508,213.7237,38,40.5978,160.4875,38,51.548,170.6987,38,54.2364,225.7252,38,54.6647,253.0706,38,23.1342,85.7523,38,31.8862,78.0265,38,44.1698,203.5948,38,29.4584,128.4142,38,30.6605,124.9467,38,25.9875,73.306,38,21.8994,165.0725
metric:clubheadPeakLead:P5,38,0.0,0.0,38,2.9375,158.6384,38,1.0595,94.2912,38,0.8515,159.4601,38,23.195,157.7498,38,2.3445,142.6605,38,2.705,160.6359,38,2.295,154.166,38,2.391,160.6359,38,0.0,52.5002,38,0.0,1.2501,38,0.0,44.1669,38,0.0,1.2501,38,0.0,0.0,38,0.0,4.1663,38,0.0,0.0
metric:clubheadSpeed:P0,38,0.0,0.0,38,0.3901,2.5256,38,0.3989,1.6894,38,0.496,3.5242,38,0.6776,7.729,38,0.5332,2.0686,38,0.9237,9.5022,38,0.6024,7.4542,38,0.4702,7.5084,38,0.0519,0.6274,38,0.0496,0.5612,38,0.0874,0.9975,38,0.034,0.6707,38,0.0355,0.6102,38,0.0407,0.8082,38,0.0265,0.6332
metric:clubheadSpeed:P2,38,0.0,0.0,38,0.4506,3.222,38,0.3369,2.3969,38,0.4364,4.8166,38,0.4624,3.1313,38,0.4728,6.4581,38,0.427,2.3222,38,0.3139,3.7116,38,0.4102,3.5714,38,0.0117,0.4958,38,0.008,1.0391,38,0.0231,1.1423,38,0.0219,0.6221,38,0.0139,1.0977,38,0.021,0.6105,38,0.008,0.5251
metric:clubheadSpeed:P5,38,0.0,0.0,38,1.7556,9.0316,38,1.6189,13.5273,38,2.5628,12.6744,38,2.5994,11.8354,38,2.3354,10.786,38,2.811,12.907,38,1.8136,12.3366,38,1.5594,12.1885,38,0.1397,4.9614,38,0.1523,4.2272,38,0.528,8.0522,38,0.2564,6.4686,38,0.2773,6.8094,38,0.277,6.3161,38,0.1065,1.8241
metric:comOverLeadFoot:P0,38,0.0,0.0,38,2.4955,24.1304,38,1.725,24.4938,38,1.7688,21.3851,38,3.4276,22.1913,38,1.3275,25.4298,38,2.2048,34.1649,38,1.8391,17.4368,38,2.3144,20.5829,38,0.0,0.0,38,0.0,0.0,38,0.0,0.0,38,0.0,0.0,38,0.0,0.0,38,0.0,0.0,38,0.0,0.0
metric:comOverLeadFoot:P2,38,0.0,0.0,38,2.9133,7.5859,38,1.626,5.6638,38,2.0302,6.1126,38,3.1429,7.9071,38,3.0571,6.4018,38,1.8834,6.8289,38,2.457,6.9173,38,1.4841,7.8468,38,0.0,0.0,38,0.0,0.0,38,0.0,0.0,38,0.0,0.0,38,0.0,0.0,38,0.0,0.0,38,0.0,0.0
metric:comOverLeadFoot:P5,38,0.0,0.0,38,1.5799,5.7755,38,1.7712,6.7743,38,1.7207,4.6828,38,2.7101,6.8207,38,1.6999,3.9791,38,2.7235,7.0897,38,1.8669,7.3314,38,1.4455,5.384,38,0.0,0.0,38,0.0,0.0,38,0.0,0.0,38,0.0,0.0,38,0.0,0.0,38,0.0,0.0,38,0.0,0.0
metric:comOverLeadFoot:P7,38,0.0,0.0,38,2.1696,6.234,38,0.9714,8.4496,38,1.3205,13.1176,38,2.3375,10.3523,38,2.5573,8.3699,38,1.5646,6.4166,38,1.4758,8.6249,38,1.1155,6.4252,38,0.0,0.0,38,0.0,0.0,38,0.0,0.0,38,0.0,0.0,38,0.0,0.0,38,0.0,0.0,38,0.0,0.0
metric:elbowAlignment:P0,38,0.0,0.0,38,1.8813,21.5209,38,1.3992,9.4015,38,1.5809,35.6826,38,1.7992,30.9499,38,1.532,32.9519,38,1.8135,16.7831,38,1.0356,17.4884,38,0.765,19.9081,38,0.0,0.0,38,0.0,0.0,38,0.0,0.0,38,0.0,0.0,38,0.0,0.0,38,0.0,0.0,38,0.0,0.0
metric:elbowAlignment:P2,34,0.0,0.0,32,1.9661,6.2545,31,1.7711,4.6955,30,2.6099,6.8554,30,2.5806,9.0528,32,1.8393,6.9721,30,2.5949,8.0711,30,1.3342,7.9318,31,1.6298,3.7203,34,0.0,0.0,34,0.0,0.0,34,0.0,0.0,34,0.0,0.0,34,0.0,0.0,34,0.0,0.0,34,0.0,0.0
metric:elbowAlignment:P5,38,0.0,0.0,38,0.3982,2.884,38,0.2883,3.9529,38,0.4234,4.1945,38,0.6485,2.3716,38,0.4118,4.5204,38,0.4411,2.9502,38,0.2495,3.1292,38,0.2334,3.3198,38,0.0,0.0,38,0.0,0.0,38,0.0,0.0,38,0.0,0.0,38,0.0,0.0,38,0.0,0.0,38,0.0,0.0
metric:feetAlignment:P0,38,0.0,0.0,38,0.5594,5.7759,38,0.3387,5.6068,38,0.468,6.2547,38,0.7259,6.9878,38,0.3831,6.808,38,0.3991,12.3153,38,0.4214,3.1963,38,0.4042,4.186,38,0.0,0.0,38,0.0,0.0,38,0.0,0.0,38,0.0,0.0,38,0.0,0.0,38,0.0,0.0,38,0.0,0.0
metric:feetAlignment:P2,38,0.0,0.0,38,0.452,1.5042,38,0.3308,1.2676,38,0.5012,1.2938,38,0.5818,1.49,38,0.6442,1.2995,38,0.4296,1.4012,38,0.5724,1.2661,38,0.4376,1.0394,38,0.0,0.0,38,0.0,0.0,38,0.0,0.0,38,0.0,0.0,38,0.0,0.0,38,0.0,0.0,38,0.0,0.0
metric:feetAlignment:P5,38,0.0,0.0,38,0.4149,1.35,38,0.3811,1.4701,38,0.3705,1.1333,38,0.3568,1.5472,38,0.2971,1.1957,38,0.4804,1.8836,38,0.4568,1.6393,38,0.2735,1.1465,38,0.0,0.0,38,0.0,0.0,38,0.0,0.0,38,0.0,0.0,38,0.0,0.0,38,0.0,0.0,38,0.0,0.0
metric:handSpeed:P0,38,0.0,0.0,38,0.0742,1.125,38,0.0825,0.743,38,0.1031,2.4593,38,0.1662,2.6474,38,0.1058,2.4176,38,0.1731,3.7034,38,0.0676,2.5054,38,0.0855,4.4258,38,0.0011,0.0129,38,0.0006,0.0158,38,0.0008,0.0228,38,0.0004,0.0116,38,0.0006,0.0217,38,0.0004,0.0208,38,0.0004,0.0215
metric:handSpeed:P2,38,0.0,0.0,38,0.1537,0.8586,38,0.1536,0.7751,38,0.1725,3.0101,38,0.1521,1.7207,38,0.2051,1.3635,38,0.2068,0.6895,38,0.1412,0.8437,38,0.1386,1.1423,38,0.0015,0.012,38,0.0014,0.0234,38,0.0016,0.017,38,0.0005,0.0136,38,0.0014,0.0197,38,0.0013,0.0218,38,0.0014,0.0107
metric:handSpeed:P5,38,0.0,0.0,38,0.2462,1.2263,38,0.1906,1.0525,38,0.3054,1.06,38,0.342,1.1449,38,0.2301,1.1109,38,0.2176,0.8712,38,0.2123,0.7514,38,0.1485,0.5963,38,0.0307,0.1562,38,0.0336,0.383,38,0.0478,0.2318,38,0.0152,0.2153,38,0.0446,0.1835,38,0.0253,0.2953,38,0.0285,0.2124
metric:headLift:P0,38,0.0,0.0,38,0.2958,4.3668,38,0.2842,3.5431,38,0.4183,5.453,38,0.7924,6.3416,38,0.3489,4.813,38,0.3238,4.806,38,0.3871,4.8408,38,0.5283,5.5657,38,0.0,0.0,38,0.0,0.0,38,0.0,0.0,38,0.0,0.0,38,0.0,0.0,38,0.0,0.0,38,0.0,0.0
metric:headLift:P2,38,0.0,0.0,38,0.1663,1.7712,38,0.2319,2.2918,38,0.1929,1.3451,38,0.1928,3.2016,38,0.1879,1.569,38,0.1797,1.3942,38,0.1726,2.8742,38,0.2025,0.8603,38,0.0,0.0,38,0.0,0.0,38,0.0,0.0,38,0.0,0.0,38,0.0,0.0,38,0.0,0.0,38,0.0,0.0
metric:headLift:P5,38,0.0,0.0,38,0.2067,0.9032,38,0.2008,1.0262,38,0.1972,1.0664,38,0.237,1.4271,38,0.1934,1.1574,38,0.1855,1.1853,38,0.2122,1.653,38,0.1174,1.0406,38,0.0,0.0,38,0.0,0.0,38,0.0,0.0,38,0.0,0.0,38,0.0,0.0,38,0.0,0.0,38,0.0,0.0
metric:headSway:P0,38,0.0,0.0,38,0.0781,0.5301,38,0.0597,0.462,38,0.1361,0.9135,38,0.0503,0.5503,38,0.1297,0.5825,38,0.1071,0.5746,38,0.1265,0.5455,38,0.138,0.7363,38,0.0,0.0,38,0.0,0.0,38,0.0,0.0,38,0.0,0.0,38,0.0,0.0,38,0.0,0.0,38,0.0,0.0
metric:headSway:P2,38,0.0,0.0,38,0.262,0.7635,38,0.1433,1.1567,38,0.2589,1.497,38,0.4017,1.91,38,0.2273,0.9464,38,0.363,1.2985,38,0.218,0.9265,38,0.2304,1.6399,38,0.0,0.0,38,0.0,0.0,38,0.0,0.0,38,0.0,0.0,38,0.0,0.0,38,0.0,0.0,38,0.0,0.0
metric:headSway:P5,38,0.0,0.0,38,0.153,0.7107,38,0.1003,0.304,38,0.1754,0.7196,38,0.2228,0.6724,38,0.1739,0.5952,38,0.1931,1.0267,38,0.1654,0.7991,38,0.1615,1.0805,38,0.0,0.0,38,0.0,0.0,38,0.0,0.0,38,0.0,0.0,38,0.0,0.0,38,0.0,0.0,38,0.0,0.0
metric:headTilt:P0,38,0.0,0.0,38,4.2852,41.14,38,4.1523,66.8319,38,5.0556,63.843,38,1.5679,118.3644,38,5.053,55.9052,38,4.2923,78.9552,38,3.0726,66.6458,38,2.8792,46.1391,38,0.0,0.0,38,0.0,0.0,38,0.0,0.0,38,0.0,0.0,38,0.0,0.0,38,0.0,0.0,38,0.0,0.0
metric:headTilt:P2,38,0.0,0.0,38,6.0799,49.532,38,3.4059,56.0025,38,7.2774,57.612,38,5.2251,66.1713,38,7.266,56.9341,38,6.8224,63.9248,38,4.8685,57.1273,38,3.9815,52.0246,38,0.0,0.0,38,0.0,0.0,38,0.0,0.0,38,0.0,0.0,38,0.0,0.0,38,0.0,0.0,38,0.0,0.0
metric:headTilt:P5,38,0.0,0.0,38,3.2517,54.4417,38,2.8418,56.9785,38,2.9825,54.2938,38,2.4573,65.1538,38,3.0203,54.2802,38,4.311,62.8415,38,3.628,59.657,38,1.7676,52.3968,38,0.0,0.0,38,0.0,0.0,38,0.0,0.0,38,0.0,0.0,38,0.0,0.0,38,0.0,0.0,38,0.0,0.0
metric:hipLineTilt:P0,38,0.0,0.0,38,1.0027,10.5877,38,0.4911,3.0929,38,1.1437,9.9862,38,0.9875,9.0181,38,0.7633,11.4716,38,1.1459,7.1432,38,0.7311,9.8183,38,0.3023,5.5018,38,0.0,0.0,38,0.0,0.0,38,0.0,0.0,38,0.0,0.0,38,0.0,0.0,38,0.0,0.0,38,0.0,0.0
metric:hipLineTilt:P12,38,0.0,0.0,38,1.0764,5.0738,37,0.5903,2.8157,37,0.9383,5.3506,37,0.874,6.0293,37,0.6315,7.0749,38,0.8785,4.9216,37,0.544,2.9606,37,0.4839,7.1488,38,0.0,0.0,38,0.0,0.0,38,0.0,0.0782,38,0.0,0.0,38,0.0,0.0,38,0.0,0.0,38,0.0,0.0
metric:hipLineTilt:P13,38,0.0,0.0,38,0.3974,0.943,37,0.2806,0.8314,37,0.5028,1.067,38,0.5505,1.9976,37,0.3886,1.1013,38,0.5165,1.2483,37,0.3768,0.9993,37,0.3553,1.0474,38,0.0,0.0,38,0.0,0.0,38,0.0,0.0,38,0.0,0.0,38,0.0,0.0,38,0.0,0.0,38,0.0,0.0
metric:hipLineTilt:P2,38,0.0,0.0,38,0.5271,1.7482,38,0.4612,0.9852,38,0.6089,1.5852,38,0.8664,2.1641,38,0.655,1.4486,38,0.7024,2.0305,38,0.5764,1.7938,38,0.4968,2.037,38,0.0,0.0,38,0.0,0.0,38,0.0,0.0,38,0.0,0.0,38,0.0,0.0,38,0.0,0.0,38,0.0,0.0
metric:hipLineTilt:P5,38,0.0,0.0,38,0.5585,5.1026,38,0.2986,5.4242,38,0.554,4.0686,38,0.8442,6.3827,38,0.4095,6.148,38,0.7063,5.4599,38,0.4075,4.1278,38,0.3259,4.0346,38,0.0,0.0,38,0.0,0.0,38,0.0,0.0,38,0.0,0.0,38,0.0,0.0,38,0.0,0.0,38,0.0,0.0
metric:hipLineTilt:P8,38,0.0,0.0,38,0.4017,1.2614,37,0.2632,1.1822,37,0.4434,1.5639,37,0.5638,1.46,37,0.5522,1.5404,38,0.3936,1.5374,37,0.4013,1.1389,37,0.4281,1.3024,38,0.0,0.0,38,0.0,0.0,38,0.0,0.0,38,0.0,0.0,38,0.0,0.0,38,0.0,0.0,38,0.0,0.0
metric:hipLineTilt:P9,38,0.0,0.0,38,0.6525,2.5572,38,0.4,3.6241,38,0.627,2.5212,38,0.7413,2.2951,38,0.6479,2.7276,38,0.7918,2.0585,38,0.3055,1.9804,38,0.3312,2.6559,38,0.0,0.5065,38,0.0,0.2189,38,0.0,0.4538,38,0.0,0.3844,38,0.0,0.7807,38,0.0,0.4932,38,0.0,0.1088
metric:hm.forearmRotation:P0,11,0.0,0.0,11,0.0,0.0,11,0.0,0.0,11,0.0,0.0,11,0.0,0.0,11,0.0,0.0,11,0.0,0.0,11,0.0,0.0,11,0.0,0.0,11,0.0,0.0,11,0.0,0.0,11,0.0,0.0,11,0.0,0.0,11,0.0,0.0,11,0.0,0.0,11,0.0,0.0
metric:hm.forearmRotation:P2,11,0.0,0.0,11,0.0,0.0,11,0.0,0.0,11,0.0,0.0,11,0.0,0.0,11,0.0,0.0,11,0.0,0.0,11,0.0,0.0,11,0.0,0.0,11,0.0,0.0,11,0.0,0.0,11,0.0,0.0,11,0.0,0.0,11,0.0,0.0,11,0.0,0.0,11,0.0,0.0
metric:hm.forearmRotation:P5,11,0.0,0.0,11,0.0,0.0,11,0.0,0.0,11,0.0,0.0,11,0.0,0.0,11,0.0,0.0,11,0.0,0.0,11,0.0,0.0,11,0.0,0.0,11,0.0,0.0,11,0.0,0.0,11,0.0,0.0,11,0.0,0.0,11,0.0,0.0,11,0.0,0.0,11,0.0,0.0
metric:hm.leadWristFlexExt:P0,11,0.0,0.0,11,0.0,0.0,11,0.0,0.0,11,0.0,0.0,11,0.0,0.0,11,0.0,0.0,11,0.0,0.0,11,0.0,0.0,11,0.0,0.0,11,0.0,0.0,11,0.0,0.0,11,0.0,0.0,11,0.0,0.0,11,0.0,0.0,11,0.0,0.0,11,0.0,0.0
metric:hm.leadWristFlexExt:P2,11,0.0,0.0,11,0.0,0.0,11,0.0,0.0,11,0.0,0.0,11,0.0,0.0,11,0.0,0.0,11,0.0,0.0,11,0.0,0.0,11,0.0,0.0,11,0.0,0.0,11,0.0,0.0,11,0.0,0.0,11,0.0,0.0,11,0.0,0.0,11,0.0,0.0,11,0.0,0.0
metric:hm.leadWristFlexExt:P5,11,0.0,0.0,11,0.0,0.0,11,0.0,0.0,11,0.0,0.0,11,0.0,0.0,11,0.0,0.0,11,0.0,0.0,11,0.0,0.0,11,0.0,0.0,11,0.0,0.0,11,0.0,0.0,11,0.0,0.0,11,0.0,0.0,11,0.0,0.0,11,0.0,0.0,11,0.0,0.0
metric:hm.leadWristRadUln:P0,11,0.0,0.0,11,0.0,0.0,11,0.0,0.0,11,0.0,0.0,11,0.0,0.0,11,0.0,0.0,11,0.0,0.0,11,0.0,0.0,11,0.0,0.0,11,0.0,0.0,11,0.0,0.0,11,0.0,0.0,11,0.0,0.0,11,0.0,0.0,11,0.0,0.0,11,0.0,0.0
metric:hm.leadWristRadUln:P2,11,0.0,0.0,11,0.0,0.0,11,0.0,0.0,11,0.0,0.0,11,0.0,0.0,11,0.0,0.0,11,0.0,0.0,11,0.0,0.0,11,0.0,0.0,11,0.0,0.0,11,0.0,0.0,11,0.0,0.0,11,0.0,0.0,11,0.0,0.0,11,0.0,0.0,11,0.0,0.0
metric:hm.leadWristRadUln:P5,11,0.0,0.0,11,0.0,0.0,11,0.0,0.0,11,0.0,0.0,11,0.0,0.0,11,0.0,0.0,11,0.0,0.0,11,0.0,0.0,11,0.0,0.0,11,0.0,0.0,11,0.0,0.0,11,0.0,0.0,11,0.0,0.0,11,0.0,0.0,11,0.0,0.0,11,0.0,0.0
metric:impactShaftLean:P5,38,0.0,0.0,38,0.6388,4.0833,38,0.0049,3.1603,38,1.0,7.1018,38,1.0,13.6,38,0.9474,8.8,38,0.273,4.0528,38,0.0147,3.6,38,0.0111,14.0,38,0.0,0.0,38,0.0,1.2624,38,0.0,2.6,38,0.0,3.6289,38,0.0,0.4831,38,0.0,1.2624,38,0.0,0.0
metric:lagAngle:P0,38,0.0,0.0,38,0.5946,5.2792,38,0.87,5.0448,38,0.8971,5.5745,38,1.1478,6.9335,38,0.856,6.3678,38,1.3029,4.9872,38,0.7753,6.0016,38,1.2297,5.8027,38,0.0548,1.0748,38,0.0356,0.7837,38,0.0563,1.6371,38,0.0343,1.2483,38,0.0266,1.4667,38,0.0502,0.8334,38,0.0232,1.7224
metric:lagAngle:P2,38,0.0,0.0,38,1.861,7.6786,38,1.1566,4.1903,38,1.6563,6.8554,38,2.1462,7.5023,38,2.2367,6.766,38,1.4175,5.9401,38,1.4034,5.5525,38,1.324,6.2816,38,0.0801,1.6377,38,0.0793,1.9624,38,0.0807,1.5436,38,0.0537,2.1118,38,0.0475,1.2244,38,0.0504,1.9955,38,0.0307,1.3543
metric:lagAngle:P5,38,0.0,0.0,38,0.8118,3.3515,38,0.7929,5.1084,38,0.8522,3.3748,38,1.2765,3.4007,38,0.9468,3.5278,38,1.1416,3.5365,38,0.6599,2.4897,38,1.007,3.4991,38,0.0318,0.7672,38,0.0317,0.691,38,0.0809,2.5399,38,0.0241,1.4646,38,0.0568,0.8358,38,0.0358,1.3145,38,0.0142,0.6999
metric:leadArmAngularSpeed:P5,34,0.0,0.0,34,7.3102,66.2775,34,7.1455,69.7687,34,11.7622,75.5554,34,12.4884,86.0958,34,8.7954,74.3634,34,12.1728,91.2776,34,9.5564,72.0996,34,4.8012,84.2744,34,1.8152,14.5243,34,3.1662,14.5667,34,1.6708,13.8913,34,1.9844,15.19,34,1.3087,13.4604,34,2.1733,10.7934,34,1.8263,14.2326
metric:leadArmAngularSpeed:P9,38,0.0,0.0,38,15.673,65.3407,37,10.0004,67.1538,37,12.4418,104.0904,38,15.8353,70.8844,37,6.8774,80.4492,38,18.4457,95.2688,37,13.1619,109.801,37,15.4466,110.6395,38,3.8228,31.9445,38,4.8307,43.3629,38,6.3522,36.7461,38,3.2729,22.5749,38,3.9716,30.9239,38,3.1886,31.5783,38,4.2454,18.9129
metric:leadArmToTorso:P0,38,0.0,0.0,38,0.5182,2.1181,38,0.3197,1.5088,38,0.4801,1.6343,38,0.7728,2.4635,38,0.4677,1.8565,38,0.5992,1.9971,38,0.3604,1.9433,38,0.312,2.1815,38,0.0,0.0,38,0.0,0.0,38,0.0,0.0,38,0.0,0.0,38,0.0,0.0,38,0.0,0.0,38,0.0,0.0
metric:leadArmToTorso:P2,38,0.0,0.0,38,2.6544,16.8752,38,2.9992,12.3923,38,2.4968,25.2395,38,3.9938,13.6371,38,3.167,23.0199,37,3.694,10.4603,38,1.9235,28.4085,37,2.5387,20.2391,38,0.0,0.0,38,0.0,0.0,38,0.0,0.0,38,0.0,0.0,38,0.0,0.0,38,0.0,0.0,38,0.0,0.0
metric:leadArmToTorso:P5,37,0.0,0.0,37,0.2802,2.2023,38,0.172,0.8891,37,0.2998,1.195,37,0.3858,1.6964,37,0.2629,2.0454,37,0.4689,2.3727,37,0.2464,2.2094,37,0.2328,1.9572,37,0.0,0.0,37,0.0,0.0,37,0.0,0.0,37,0.0,0.0,37,0.0,0.0,37,0.0,0.0,37,0.0,0.0
metric:leadArmToTorso:P7,38,0.0,0.0,38,3.4317,16.5337,38,2.5654,16.5125,38,2.7652,18.2091,38,3.0074,21.0749,38,3.4599,22.4985,38,5.1022,18.1857,38,3.1267,31.8156,38,2.9259,15.2365,38,0.0,0.0,38,0.0,0.0,38,0.0,0.0,38,0.0,0.0,38,0.0,0.0,38,0.0,0.0,38,0.0,0.0
metric:leadFootFlare:P0,38,0.0,0.0,38,2.1658,8.4815,38,1.6675,11.0709,38,2.1086,8.3844,38,3.3167,12.9171,38,2.3407,11.263,38,2.061,12.4019,38,2.359,13.9815,38,1.8093,5.8224,38,0.0,0.0,38,0.0,0.0,38,0.0,0.0,38,0.0,0.0,38,0.0,0.0,38,0.0,0.0,38,0.0,0.0
metric:leadHandWidth:P0,38,0.0,0.0,38,0.5611,14.0778,38,0.5171,7.2015,38,0.9016,13.8839,38,0.9761,10.0121,38,0.6133,22.9358,38,0.7869,25.8939,38,0.497,20.2743,38,0.6828,12.3305,38,0.0,0.0,38,0.0,0.0,38,0.0,0.0,38,0.0,0.0,38,0.0,0.0,38,0.0,0.0,38,0.0,0.0
metric:leadHandWidth:P2,38,0.0,0.0,38,0.9188,9.914,38,0.7411,4.335,38,1.0762,11.3946,38,0.8522,12.4875,38,1.0205,16.8245,38,1.3309,9.8336,38,0.6552,15.151,38,0.7847,11.7744,38,0.0,0.0,38,0.0,0.0,38,0.0,0.0,38,0.0,0.0,38,0.0,0.0,38,0.0,0.0,38,0.0,0.0
metric:leadHandWidth:P5,37,0.0,0.0,37,1.0891,9.1492,38,0.6992,8.6456,37,1.0952,9.7382,37,1.0186,5.363,37,1.0069,18.4998,37,1.5838,11.7172,37,0.8536,14.1704,37,0.7653,13.4643,37,0.0,0.0,37,0.0,0.0,37,0.0,0.0,37,0.0,0.0,37,0.0,0.0,37,0.0,0.0,37,0.0,0.0
metric:leadHandWidth:P7,38,0.0,0.0,38,1.4836,20.7462,38,1.107,11.047,38,1.6738,17.5252,38,1.7752,19.8258,38,0.857,24.6887,38,1.7727,18.4643,38,1.6271,24.6346,38,1.789,15.9493,38,0.0,0.0,38,0.0,0.0,38,0.0,0.0,38,0.0,0.0,38,0.0,0.0,38,0.0,0.0,38,0.0,0.0
metric:leadHeelLift:P0,28,0.0,0.0,28,0.1805,1.3228,29,0.1188,2.4858,28,0.1845,2.3081,28,0.2021,2.26,28,0.1676,1.4547,28,0.208,2.36,28,0.1692,3.98,28,0.2555,0.907,28,0.0,0.0,28,0.0,0.0,28,0.0,0.0,28,0.0,0.0,28,0.0,0.0,28,0.0,0.0,28,0.0,0.0
metric:leadHeelLift:P2,28,0.0,0.0,28,0.3257,1.932,29,0.2515,1.0675,28,0.3758,2.3149,28,0.5103,3.5542,28,0.3541,1.9857,28,0.5115,1.6152,28,0.3936,2.2667,28,0.3327,1.2454,28,0.0,0.0,28,0.0,0.0,28,0.0,0.0,28,0.0,0.0,28,0.0,0.0,28,0.0,0.0,28,0.0,0.0
metric:leadHeelLift:P5,28,0.0,0.0,28,0.3683,0.8136,29,0.1308,1.1326,28,0.2113,1.2581,28,0.4355,1.0163,28,0.1774,0.7555,28,0.2442,0.9958,28,0.1739,1.1621,28,0.2307,0.6578,28,0.0,0.0,28,0.0,0.0,28,0.0,0.0,28,0.0,0.0,28,0.0,0.0,28,0.0,0.0,28,0.0,0.0
metric:leadKneeDrift:P0,38,0.0,0.0,38,0.8202,6.4309,38,1.2157,5.936,38,0.7896,7.3864,38,1.4612,8.6306,38,0.9676,10.1472,38,1.0256,5.2698,38,1.1903,7.8498,38,1.1257,6.1683,38,0.0,0.0,38,0.0,0.0,38,0.0,0.0,38,0.0,0.0,38,0.0,0.0,38,0.0,0.0,38,0.0,0.0
metric:leadKneeDrift:P2,38,0.0,0.0,38,0.9065,3.0523,38,0.7357,6.0107,38,0.976,4.2783,38,1.5045,4.6967,38,1.0115,3.2806,38,1.6393,3.4811,38,0.7786,3.7728,38,0.6765,5.0584,38,0.0,0.0,38,0.0,0.0,38,0.0,0.0,38,0.0,0.0,38,0.0,0.0,38,0.0,0.0,38,0.0,0.0
metric:leadKneeDrift:P5,38,0.0,0.0,38,1.2937,4.0539,38,0.8408,6.7781,38,1.19,6.3125,38,0.8723,4.9789,38,1.2055,2.9584,38,1.683,4.1904,38,1.4368,3.798,38,1.0817,3.5552,38,0.0,0.0,38,0.0,0.0,38,0.0,0.0,38,0.0,0.0,38,0.0,0.0,38,0.0,0.0,38,0.0,0.0
metric:leadUpperArmToChest:P0,38,0.0,0.0,38,0.5569,4.4935,38,0.3382,2.0723,38,0.6383,3.0975,38,0.95,4.9435,38,0.508,2.5194,38,0.5929,3.8391,38,0.4006,2.5373,38,0.3439,3.8935,38,0.0,0.0,38,0.0,0.0,38,0.0,0.0,38,0.0,0.0,38,0.0,0.0,38,0.0,0.0,38,0.0,0.0
metric:leadUpperArmToChest:P2,38,0.0,0.0,38,2.5031,7.1365,38,1.2347,9.7596,38,2.0396,14.067,38,2.1795,15.0038,38,2.1151,7.4138,37,2.3614,8.0489,38,1.6434,6.8194,37,1.6393,10.9228,38,0.0,0.0,38,0.0,0.0,38,0.0,0.0,38,0.0,0.0,38,0.0,0.0,38,0.0,0.0,38,0.0,0.0
metric:leadUpperArmToChest:P5,37,0.0,0.0,37,0.3618,2.7895,38,0.3135,1.1267,37,0.422,1.1709,37,0.7403,2.0246,37,0.4321,1.8189,37,0.6923,2.5236,37,0.2982,1.9378,37,0.2967,1.6145,37,0.0,0.0,37,0.0,0.0,37,0.0,0.0,37,0.0,0.0,37,0.0,0.0,37,0.0,0.0,37,0.0,0.0
metric:leadUpperArmToChest:P7,38,0.0,0.0,38,0.904,5.6731,38,0.8278,3.5134,38,1.1408,5.3693,38,0.9871,3.4678,38,1.3828,6.2404,38,1.4408,3.4356,38,0.8107,4.4636,38,1.031,4.6883,38,0.0,0.0,38,0.0,0.0,38,0.0,0.0,38,0.0,0.0,38,0.0,0.0,38,0.0,0.0,38,0.0,0.0
metric:lowPointAhead:P5,29,0.0,0.0,28,0.3269,1.354,27,0.3861,2.3052,27,0.5796,1.9838,26,0.7546,2.7718,27,0.4386,2.1827,29,0.4847,1.702,28,0.4763,2.2922,27,0.7588,2.5564,29,0.1529,0.8917,27,0.2485,0.7857,27,0.1383,2.5869,29,0.265,1.2528,29,0.1854,1.0956,29,0.1531,1.7544,28,0.1249,0.6442
metric:pelvisAngularSpeed:P5,25,0.0,0.0,23,55.4077,175.8237,27,51.4865,224.1048,24,51.424,227.4513,23,58.9679,348.51,23,39.6025,217.2428,24,76.518,496.1953,24,42.0459,156.4395,25,66.9823,180.7347,25,0.0,0.0,25,0.0,0.0,25,0.0,0.0,25,0.0,0.0,25,0.0,0.0,25,0.0,0.0,25,0.0,0.0
metric:pelvisAngularSpeed:P9,34,0.0,0.0,34,73.9597,475.814,34,35.6409,239.772,32,67.7175,321.0449,31,82.2899,487.7507,32,60.1321,199.6112,32,121.5345,480.5847,31,34.8958,278.3369,33,69.487,471.9567,34,0.0,61.6597,34,0.0,33.0361,34,0.0,104.5158,34,0.0,57.0598,34,0.0,81.8237,34,0.0,57.0598,34,0.0,4.9019
metric:pelvisLift:P0,38,0.0,0.0,38,0.8443,5.7845,38,0.6065,2.9559,38,1.2989,6.5492,38,1.5035,5.1252,38,1.1078,5.4476,38,1.2195,5.0252,38,0.9234,5.8885,38,0.767,5.4068,38,0.0,0.0,38,0.0,0.0,38,0.0,0.0,38,0.0,0.0,38,0.0,0.0,38,0.0,0.0,38,0.0,0.0
metric:pelvisLift:P2,38,0.0,0.0,38,1.1721,2.5481,38,0.5766,2.5338,38,0.9802,3.1337,38,2.0955,4.2024,38,1.437,4.8474,38,1.3893,2.3965,38,0.8314,3.8302,38,0.8269,3.9328,38,0.0,0.0,38,0.0,0.0,38,0.0,0.0,38,0.0,0.0,38,0.0,0.0,38,0.0,0.0,38,0.0,0.0
metric:pelvisLift:P5,38,0.0,0.0,38,1.6706,5.933,38,1.0056,4.2836,38,1.1549,6.3672,38,1.5524,5.2116,38,1.7082,4.9902,38,1.5096,6.1828,38,1.2121,4.4208,38,0.8634,5.0073,38,0.0,0.0,38,0.0,0.0,38,0.0,0.0,38,0.0,0.0,38,0.0,0.0,38,0.0,0.0,38,0.0,0.0
metric:pelvisSway:P0,38,0.0,0.0,38,0.3411,2.3127,38,0.2158,1.5791,38,0.3311,1.7352,38,0.5543,2.2072,38,0.3961,2.3284,38,0.4753,2.0897,38,0.3619,1.6397,38,0.2783,2.9188,38,0.0,0.0,38,0.0,0.0,38,0.0,0.0,38,0.0,0.0,38,0.0,0.0,38,0.0,0.0,38,0.0,0.0
metric:pelvisSway:P2,38,0.0,0.0,38,0.5924,1.6081,38,0.3243,1.6779,38,0.5498,2.0181,38,0.866,2.774,38,0.9785,1.9849,38,0.9719,2.609,38,0.6594,3.2233,38,0.5292,2.8775,38,0.0,0.0,38,0.0,0.0,38,0.0,0.0,38,0.0,0.0,38,0.0,0.0,38,0.0,0.0,38,0.0,0.0
metric:pelvisSway:P5,38,0.0,0.0,38,0.6517,1.701,38,0.3933,1.6546,38,0.4996,1.842,38,0.8755,2.5798,38,0.6317,1.3452,38,0.8644,2.0057,38,0.7628,2.5032,38,0.5107,2.0777,38,0.0,0.0,38,0.0,0.0,38,0.0,0.0,38,0.0,0.0,38,0.0,0.0,38,0.0,0.0,38,0.0,0.0
metric:plumbBobDistance:P0,28,0.0,0.0,28,0.1583,0.7069,29,0.1445,1.1179,28,0.1184,0.4351,28,0.224,0.8372,28,0.1235,0.505,28,0.14,0.6605,28,0.1202,0.5011,28,0.1724,0.4786,28,0.0,0.0,28,0.0,0.0,28,0.0,0.0,28,0.0,0.0,28,0.0,0.0,28,0.0,0.0,28,0.0,0.0
metric:plumbBobDistance:P12,28,0.0,0.0,28,0.164,0.3456,28,0.1662,0.5768,27,0.1427,0.681,27,0.1521,0.5177,27,0.1264,0.3803,28,0.196,0.4455,27,0.0967,0.5026,27,0.1325,0.2834,28,0.0,0.0,28,0.0,0.001,28,0.0,0.0,28,0.0,0.0,28,0.0,0.0,28,0.0,0.0,28,0.0,0.0
metric:plumbBobDistance:P13,28,0.0,0.0,28,0.1838,0.3762,28,0.0978,0.6367,27,0.0956,0.5549,28,0.2014,0.543,27,0.1379,0.4192,28,0.1388,0.3979,27,0.1445,0.3775,27,0.0797,0.4272,28,0.0,0.0,28,0.0,0.0,28,0.0,0.0,28,0.0,0.0,28,0.0,0.0,28,0.0,0.0,28,0.0,0.0
metric:plumbBobDistance:P2,28,0.0,0.0,28,0.1534,0.594,29,0.1431,0.5505,28,0.1808,0.5302,28,0.2833,0.601,28,0.2745,0.5552,28,0.131,0.4526,28,0.193,0.5472,28,0.1657,0.4821,28,0.0,0.0,28,0.0,0.0,28,0.0,0.0,28,0.0,0.0,28,0.0,0.0,28,0.0,0.0,28,0.0,0.0
metric:plumbBobDistance:P5,28,0.0,0.0,28,0.1541,0.6578,29,0.1656,0.5146,28,0.1871,0.3974,28,0.2686,0.6406,28,0.171,0.4166,28,0.1911,0.6903,28,0.1789,0.8014,28,0.1229,0.4791,28,0.0,0.0,28,0.0,0.0,28,0.0,0.0,28,0.0,0.0,28,0.0,0.0,28,0.0,0.0,28,0.0,0.0
metric:plumbBobDistance:P8,28,0.0,0.0,28,0.1112,0.3346,28,0.1134,0.4844,27,0.1437,0.4513,27,0.1862,0.6773,27,0.1833,0.4369,28,0.2478,0.6006,27,0.1337,0.3232,27,0.147,0.5511,28,0.0,0.0,28,0.0,0.0,28,0.0,0.0,28,0.0,0.0,28,0.0,0.0,28,0.0,0.0,28,0.0,0.0
metric:plumbBobDistance:P9,28,0.0,0.0,28,0.1698,0.7373,29,0.1294,0.3519,28,0.1504,0.5609,28,0.3246,0.8347,28,0.1689,0.7924,28,0.2092,0.8594,28,0.183,0.7902,28,0.1535,0.7096,28,0.0,0.1311,28,0.0,0.015,28,0.0,0.1229,28,0.0,0.1229,28,0.0,0.0792,28,0.0,0.0792,28,0.0,0.1198
metric:secondaryAxisTilt:P0,38,0.0,0.0,38,0.1852,0.8335,38,0.1311,0.5906,38,0.197,1.0345,38,0.3068,1.132,38,0.1691,1.2478,38,0.2979,0.7229,38,0.2937,1.2328,38,0.214,1.2774,38,0.0,0.0,38,0.0,0.0,38,0.0,0.0,38,0.0,0.0,38,0.0,0.0,38,0.0,0.0,38,0.0,0.0
metric:secondaryAxisTilt:P2,38,0.0,0.0,38,1.34,6.2563,38,1.1905,8.245,38,0.7974,10.8017,38,1.5295,9.1817,38,1.1416,8.7507,38,1.6932,8.5831,38,0.7456,8.4576,38,0.7583,5.9217,38,0.0,0.0,38,0.0,0.0,38,0.0,0.0,38,0.0,0.0,38,0.0,0.0,38,0.0,0.0,38,0.0,0.0
metric:secondaryAxisTilt:P5,37,0.0,0.0,37,0.2197,0.8069,38,0.1644,0.5235,37,0.2232,0.5445,37,0.3312,0.971,37,0.205,0.6802,37,0.373,0.7523,37,0.1213,0.6136,37,0.1486,0.4957,37,0.0,0.0,37,0.0,0.0,37,0.0,0.0,37,0.0,0.0,37,0.0,0.0,37,0.0,0.0,37,0.0,0.0
metric:shaftAngleVsHorizontal:P0,38,0.0,0.0,38,1.0,16.9894,38,1.0,12.0435,38,1.0,48.5768,38,1.0,6.4238,38,1.0,6.6761,38,0.1328,10.8905,38,0.8415,10.5139,38,1.0,5.9523,38,0.0065,6.9326,38,0.0005,4.2931,38,0.0049,5.3012,38,0.01,6.5584,38,0.0014,5.6243,38,0.0014,1.9,38,0.0023,8.8206
metric:shaftAngleVsHorizontal:P2,38,0.0,0.0,38,3.5979,20.6741,38,2.1627,32.6273,38,3.8923,27.3975,38,3.701,32.2148,38,4.2561,27.7612,38,1.9132,17.4867,38,3.163,17.1271,38,2.8956,29.6725,38,1.0026,17.3394,38,1.1732,13.8811,38,2.6816,15.3695,38,1.1378,14.0853,38,0.9381,20.8411,38,0.9797,9.1458,38,0.4076,17.3239
metric:shaftAngleVsHorizontal:P5,38,0.0,0.0,38,5.7238,54.5409,38,5.7238,38.6138,38,11.8464,76.9481,38,14.5381,39.6,38,13.5,75.1631,38,11.5,39.5859,38,14.1955,41.6677,38,13.3925,40.491,38,0.8961,39.4771,38,1.5,40.3409,38,7.541,37.8303,38,2.0861,49.3,38,3.5,47.6193,38,1.0,36.2409,38,0.0,32.5
metric:shaftAngleVsHorizontal:P7,38,0.0,0.0,38,4.5,34.3431,38,4.5,54.9009,38,7.3046,52.5009,38,9.5,49.7273,38,8.0,68.1661,38,5.5,44.2153,38,3.5,37.269,38,4.9347,42.5901,38,1.0,23.3828,38,0.5946,31.4452,38,6.7147,38.178,38,3.5,39.3444,38,2.0,25.578,38,0.1098,19.3,38,0.9036,26.8719
metric:shoulderPlaneAngle:P0,38,0.0,0.0,38,0.3156,0.8033,38,0.2574,0.6893,38,0.2742,0.6417,38,0.4289,1.0288,38,0.2707,0.9123,38,0.3114,0.7449,38,0.2301,0.8764,38,0.256,0.6639,38,0.0,0.0,38,0.0,0.0,38,0.0,0.0,38,0.0,0.0,38,0.0,0.0,38,0.0,0.0,38,0.0,0.0
metric:shoulderPlaneAngle:P2,9,0.0,0.0,5,3.0342,31.0768,8,4.056,28.3224,4,2.6415,16.2756,4,6.4737,11.3351,3,8.396,10.2937,3,4.0543,31.6173,6,0.7894,5.5744,4,10.4681,13.3401,9,0.0,0.0,9,0.0,0.0,9,0.0,0.0,9,0.0,0.0,9,0.0,0.0,9,0.0,0.0,9,0.0,0.0
metric:shoulderPlaneAngle:P5,37,0.0,0.0,37,0.3703,0.7572,38,0.1692,0.4606,37,0.3433,1.123,37,0.6374,1.2321,37,0.3069,0.8195,37,0.4916,1.472,37,0.1465,0.7051,37,0.1061,0.6924,37,0.0,0.0,37,0.0,0.0,37,0.0,0.0,37,0.0,0.0,37,0.0,0.0,37,0.0,0.0,37,0.0,0.0
metric:spineSideBend:P0,38,0.0,0.0,38,1.0799,10.573,38,0.4965,2.9528,38,1.1862,10.2542,38,1.0139,9.38,38,0.8355,11.4566,38,1.4905,7.1918,38,1.0998,9.835,38,0.6419,5.0335,38,0.0,0.0,38,0.0,0.0,38,0.0,0.0,38,0.0,0.0,38,0.0,0.0,38,0.0,0.0,38,0.0,0.0
metric:spineSideBend:P2,9,0.0,0.0,5,2.8867,31.3878,8,6.7774,27.7864,4,2.6607,16.8315,4,6.5291,13.2423,3,6.9333,10.8316,3,3.1623,33.0595,6,0.6495,6.8217,4,10.5212,14.4845,9,0.0,0.0,9,0.0,0.0,9,0.0,0.0,9,0.0,0.0,9,0.0,0.0,9,0.0,0.0,9,0.0,0.0
metric:spineSideBend:P5,37,0.0,0.0,37,0.604,5.3277,38,0.4197,5.4498,37,0.8281,3.8911,37,0.9712,6.2402,37,0.765,6.0342,37,1.1537,5.3781,37,0.4759,4.4976,37,0.368,4.076,37,0.0,0.0,37,0.0,0.0,37,0.0,0.0,37,0.0,0.0,37,0.0,0.0,37,0.0,0.0,37,0.0,0.0
metric:stanceWidth:P0,38,0.0,0.0,38,0.8324,2.3763,38,0.5854,1.2881,38,0.7752,2.0264,38,1.0833,2.5476,38,0.854,2.5425,38,1.4545,2.9852,38,0.7786,2.1096,38,0.7233,1.8216,38,0.0,0.0,38,0.0,0.0,38,0.0,0.0,38,0.0,0.0,38,0.0,0.0,38,0.0,0.0,38,0.0,0.0
metric:stanceWidthMm:P0,28,0.0,0.0,28,2.032,5.1445,29,1.0943,3.6225,28,1.7287,4.7584,28,1.7139,7.2596,28,1.786,8.9971,28,3.2775,8.7955,28,1.4558,5.5429,28,1.9057,5.376,28,0.0,0.0,28,0.0,0.0,28,0.0,0.0,28,0.0,0.0,28,0.0,0.0,28,0.0,0.0,28,0.0,0.0
metric:swingPlaneIotaBack:P2,38,0.0,0.0,38,1.9185,7.2497,37,1.7193,8.4745,37,2.7951,6.8044,37,2.2019,6.5137,38,2.1965,8.4584,38,2.2398,6.3292,38,2.521,7.895,38,2.5322,8.0008,38,1.6511,5.1228,38,1.4356,4.7723,38,1.7966,5.6487,38,1.0778,3.5667,38,1.5396,3.3511,38,1.3226,3.8899,38,1.261,4.5602
metric:swingPlaneIotaDown:P5,38,0.0,0.0,38,2.7888,8.7507,37,1.8246,7.4617,37,2.9774,8.2195,37,3.0903,10.4834,38,2.3241,9.5392,38,3.6098,8.2639,38,3.4593,14.2843,38,3.6991,10.2038,38,1.6475,9.2263,38,2.3216,8.8383,38,2.0347,9.708,38,1.7886,7.8325,38,1.7921,7.5465,38,2.2197,7.9149,38,1.5799,7.5999
metric:tempoBackswing:P5,38,0.0,0.0,38,0.0065,0.0337,38,0.0,0.0802,38,0.0067,0.0824,38,0.0068,0.0925,38,0.0066,0.0952,38,0.0065,0.0433,38,0.007,0.0637,38,0.0001,0.0824,38,0.0,0.0,38,0.0,0.0,38,0.0,0.0,38,0.0,0.0,38,0.0,0.0,38,0.0,0.0,38,0.0,0.0
metric:tempoRatio:P5,38,0.0,0.0,38,0.0237,0.2208,38,0.0,0.4684,38,0.0566,0.9357,38,0.0666,0.9228,38,0.0233,0.9908,38,0.0226,0.2064,38,0.0743,0.5983,38,0.0412,0.9357,38,0.0,0.0,38,0.0,0.0,38,0.0,0.0,38,0.0,0.0,38,0.0,0.0,38,0.0,0.0,38,0.0,0.0
metric:thoraxAngularSpeed:P5,11,0.0,0.0,7,69.3089,730.3001,5,234.0308,494.0668,3,126.8286,440.7654,6,159.2055,318.5179,9,19.1432,675.9281,9,125.2217,653.3368,7,122.77,671.5991,9,81.9942,670.7658,11,0.0,0.0,11,0.0,0.0,11,0.0,0.0,11,0.0,0.0,11,0.0,0.0,11,0.0,0.0,11,0.0,0.0
metric:thoraxAngularSpeed:P9,37,0.0,0.0,37,51.0382,331.2645,36,35.2835,465.9222,36,46.8114,352.4535,36,52.2545,239.1673,36,46.0555,403.94,37,53.65,427.1759,36,39.4574,446.8875,36,33.12,502.7385,37,0.0,25.467,37,0.0,3.7705,37,0.0,29.2555,37,0.0,29.2555,37,0.0,25.467,37,0.0,25.467,37,0.0,9.9278
metric:thoraxLateralDrift:P0,38,0.0,0.0,38,2.8544,31.1872,38,2.0896,31.0916,38,2.1869,30.2647,38,4.4947,33.6924,38,2.1986,33.1465,38,3.0667,61.8288,38,2.4112,17.8365,38,2.538,22.7404,38,0.0,0.0,38,0.0,0.0,38,0.0,0.0,38,0.0,0.0,38,0.0,0.0,38,0.0,0.0,38,0.0,0.0
metric:thoraxLateralDrift:P2,38,0.0,0.0,38,3.5287,15.3394,38,3.4471,15.0612,38,3.169,15.2599,38,3.9457,19.2266,38,3.6064,13.4622,38,3.6482,15.726,38,4.5653,13.0594,38,3.9719,13.3788,38,0.0,0.0,38,0.0,0.0,38,0.0,0.0,38,0.0,0.0,38,0.0,0.0,38,0.0,0.0,38,0.0,0.0
metric:thoraxLateralDrift:P5,37,0.0,0.0,37,2.2183,6.5539,38,2.1096,8.1156,37,2.1213,5.4058,37,2.6898,9.637,37,1.9221,5.6273,37,2.8936,10.4865,37,2.4412,8.4964,37,1.3863,6.0675,37,0.0,0.0,37,0.0,0.0,37,0.0,0.0,37,0.0,0.0,37,0.0,0.0,37,0.0,0.0,37,0.0,0.0
metric:toeLineAngle:P0,38,0.0,0.0,38,1.8857,349.9014,38,0.8417,60.8759,38,0.8116,182.7748,38,1.877,168.6333,38,0.9399,168.3053,38,0.8919,176.5441,38,0.7907,166.8534,38,0.5827,170.834,38,0.0,0.0,38,0.0,0.0,38,0.0,0.0,38,0.0,0.0,38,0.0,0.0,38,0.0,0.0,38,0.0,0.0
metric:trailElbowHeight:P0,38,0.0,0.0,38,1.4242,25.7802,38,0.6488,10.3458,38,0.7816,21.9569,38,1.7066,23.1395,38,0.6642,28.9521,38,1.3633,25.1662,38,0.7701,33.5444,38,0.7716,22.6702,38,0.0,0.0,38,0.0,0.0,38,0.0,0.0,38,0.0,0.0,38,0.0,0.0,38,0.0,0.0,38,0.0,0.0
metric:trailElbowHeight:P2,9,0.0,0.0,5,23.1323,61.5612,8,19.6765,71.0598,4,5.6796,25.7616,4,16.4496,24.8297,3,15.9196,17.4982,3,9.2372,22.1036,6,3.1374,42.672,4,12.5541,19.0597,9,0.0,0.0,9,0.0,0.0,9,0.0,0.0,9,0.0,0.0,9,0.0,0.0,9,0.0,0.0,9,0.0,0.0
metric:trailElbowHeight:P5,37,0.0,0.0,37,0.6464,2.1047,38,0.4007,1.3237,37,0.5604,2.147,37,1.2158,3.204,37,0.6302,2.795,37,1.173,3.5021,37,0.7265,3.7001,37,0.4464,1.8076,37,0.0,0.0,37,0.0,0.0,37,0.0,0.0,37,0.0,0.0,37,0.0,0.0,37,0.0,0.0,37,0.0,0.0
metric:trailElbowHeight:P7,34,0.0,0.0,34,1.9862,5.7556,35,1.7247,6.4943,34,2.1069,7.2644,33,2.5872,6.932,31,2.0717,15.3715,33,1.9456,5.3493,32,1.2344,9.4034,33,0.8281,7.1499,34,0.0,0.0,34,0.0,0.0,34,0.0,0.0,34,0.0,0.0,34,0.0,0.0,34,0.0,0.0,34,0.0,0.0
metric:trailFootFlare:P0,38,0.0,0.0,38,1.9651,8.5726,38,1.2016,7.7362,38,2.0583,7.4418,38,1.7006,7.2286,38,1.8225,7.697,38,1.3052,8.3274,38,0.9936,5.6441,38,2.0164,4.7289,38,0.0,0.0,38,0.0,0.0,38,0.0,0.0,38,0.0,0.0,38,0.0,0.0,38,0.0,0.0,38,0.0,0.0
metric:trailWristFlexExt:P0,38,0.0,0.0,38,3.3297,22.3909,38,1.1946,18.3828,38,2.2856,9.961,38,2.3119,14.1578,38,1.8058,13.7047,38,1.9463,9.8317,38,1.9722,11.3119,38,1.3485,12.249,38,0.0,0.0,38,0.0,0.0,38,0.0,0.0,38,0.0,0.0,38,0.0,0.0,38,0.0,0.0,38,0.0,0.0
metric:trailWristFlexExt:P2,38,0.0,0.0,38,3.7497,31.106,38,2.2294,98.4063,38,4.1629,82.944,38,5.302,61.7437,38,3.8443,91.3073,38,4.8613,36.9173,38,2.7492,47.3539,38,1.9165,21.3001,38,0.0,0.0,38,0.0,0.0,38,0.0,0.0,38,0.0,0.0,38,0.0,0.0,38,0.0,0.0,38,0.0,0.0
metric:trailWristFlexExt:P5,38,0.0,0.0,38,1.8243,31.5107,38,0.9884,19.2848,38,0.9678,29.2314,38,1.9041,23.9124,38,1.6208,20.1337,38,1.5817,20.7802,38,0.6492,21.0226,38,0.9857,11.9751,38,0.0,0.0,38,0.0,0.0,38,0.0,0.0,38,0.0,0.0,38,0.0,0.0,38,0.0,0.0,38,0.0,0.0
metric:trailWristFlexExt:P7,38,0.0,0.0,38,2.4097,7.4267,38,1.5497,5.9801,38,2.0312,19.4727,38,1.8242,12.6594,38,1.74,21.1161,38,1.7609,15.5836,38,1.5141,10.2839,38,2.2763,11.1817,38,0.0,0.0,38,0.0,0.0,38,0.0,0.0,38,0.0,0.0,38,0.0,0.0,38,0.0,0.0,38,0.0,0.0
metric:transitionPlaneDelta:P3,38,0.0,0.0,38,4.6174,12.2373,37,2.8654,10.4884,37,4.7844,11.5899,37,4.5315,12.4693,38,3.8794,13.8457,38,4.0525,11.7768,38,4.6406,16.0576,38,6.4667,12.6031,38,3.425,14.7232,38,3.3461,10.014,38,3.6452,10.9356,38,2.5852,7.3752,38,1.7531,9.6552,38,2.4406,9.5694,38,3.024,9.737
metric_keys_only_in_first,38,0.0,0.0,38,0.0,0.0,38,0.0,0.0,38,0.0,0.0,38,0.0,0.0,38,0.0,0.0,38,0.0,0.0,38,0.0,0.0,38,0.0,0.0,38,0.0,0.0,38,0.0,0.0,38,0.0,0.0,38,0.0,0.0,38,0.0,0.0,38,0.0,0.0,38,0.0,0.0
metric_keys_only_in_second,38,0.0,0.0,38,0.0,0.0,38,0.0,0.0,38,0.0,0.0,38,0.0,0.0,38,0.0,0.0,38,0.0,0.0,38,0.0,0.0,38,0.0,0.0,38,0.0,0.0,38,0.0,0.0,38,0.0,0.0,38,0.0,0.0,38,0.0,0.0,38,0.0,0.0,38,0.0,0.0
metric_value_count_diff,38,0.0,0.0,38,1.0,4.3,38,0.5,3.0,38,1.0,4.3,38,1.0,4.0,38,1.0,3.0,38,1.0,3.0,38,1.0,3.3,38,1.0,4.3,38,0.0,0.0,38,0.0,0.0,38,0.0,0.0,38,0.0,0.0,38,0.0,0.0,38,0.0,0.0,38,0.0,0.0
phase_P00_ms,38,0.0,0.0,38,0.0,28.6771,38,0.0,30.0916,38,0.0,32.9009,38,0.0,66.6613,38,0.0,27.2742,38,0.0,39.3181,38,0.0,40.1682,38,0.0,40.1448,38,0.0,0.0,38,0.0,0.0,38,0.0,0.0,38,0.0,0.0,38,0.0,0.0,38,0.0,0.0,38,0.0,0.0
phase_P01_ms,38,0.0,0.0,38,0.0,96.7948,38,0.0,38.9914,38,0.0,119.1823,38,0.0,119.0794,38,0.0,49.7681,38,0.0,59.3591,38,0.0,91.9626,38,0.0,94.2227,38,0.0,5.785,38,0.0,0.0506,38,0.0,0.9047,38,0.0,0.0013,38,0.0,0.1913,38,0.0,0.0023,38,0.0,0.0
phase_P02_ms,38,0.0,0.0,38,0.0,19.1368,38,0.0,14.9266,38,0.0,80.3461,38,0.0,82.3792,38,0.0,48.9226,38,0.0,15.5871,38,0.0,26.0608,38,0.0,38.0911,38,0.0,0.0,38,0.0,0.0,38,0.0,0.0,38,0.0,0.0,38,0.0,0.0,38,0.0,0.0,38,0.0,0.0
phase_P05_ms,38,0.0,0.0,38,0.0,0.0,38,0.0,0.0,38,0.0,0.0,38,0.0,0.0,38,0.0,0.0,38,0.0,0.0,38,0.0,0.0,38,0.0,0.0,38,0.0,0.0,38,0.0,0.0,38,0.0,0.0,38,0.0,0.0,38,0.0,0.0,38,0.0,0.0,38,0.0,0.0
phase_P07_ms,38,0.0,0.0,38,4.2985,22.2049,38,0.0,27.3926,38,0.0,60.2125,38,5.9575,56.8041,38,5.775,114.9134,38,6.521,37.6209,38,6.1255,81.5858,38,0.0,28.5831,38,0.0,0.0,38,0.0,0.0,38,0.0,0.0,38,0.0,0.0,38,0.0,0.0,38,0.0,0.0,38,0.0,0.0
phase_P08_ms,38,0.0,0.0,38,0.836,3.3598,37,0.359,2.6846,37,0.786,3.4642,37,1.071,6.2404,37,0.571,5.3268,38,1.3405,7.9415,37,0.555,2.9678,37,0.429,3.484,38,0.0,0.0,38,0.0,0.0,38,0.0,0.0,38,0.0,0.0,38,0.0,0.0,38,0.0,0.0,38,0.0,0.0
phase_P09_ms,38,0.0,0.0,38,0.494,5.1636,38,0.394,5.8642,38,0.48,2.5231,38,0.441,5.4821,38,0.3345,3.3876,38,0.621,5.8594,38,0.429,6.4739,38,0.363,6.2479,38,0.0,2.5692,38,0.0,0.9686,38,0.0,3.8232,38,0.0,1.1399,38,0.0,5.2302,38,0.0,2.7648,38,0.0,0.5422
phase_P10_ms,2,0.0,0.0,2,0.0,0.0,2,0.0,0.0,2,0.0,0.0,2,0.0,0.0,2,0.0,0.0,2,0.0,0.0,2,0.0,0.0,2,0.0,0.0,2,0.0,0.0,2,0.0,0.0,2,0.0,0.0,2,0.0,0.0,2,0.0,0.0,2,0.0,0.0,2,0.0,0.0
phase_P12_ms,38,0.0,0.0,38,1.313,4.1721,37,1.121,5.0874,37,1.859,3.9888,37,2.28,4.6964,37,0.0,3.8142,38,1.025,3.3753,37,1.668,4.1536,37,0.372,4.5402,38,0.6645,3.7421,38,1.6725,3.755,38,1.691,4.7037,38,0.0,3.3596,38,0.993,3.3753,38,1.5785,4.6497,38,0.0,4.5369
phase_P13_ms,38,0.0,0.0,38,0.117,0.6553,37,0.323,0.6078,37,0.235,0.8924,38,0.1315,1.2963,37,0.129,0.7124,38,0.287,0.8128,37,0.223,1.052,37,0.147,1.01,38,0.0,0.0,38,0.0,0.0,38,0.0,0.0,38,0.0,0.0,38,0.0,0.0,38,0.0,0.0,38,0.0,0.0
phase_P14_ms,38,0.0,0.0,38,0.857,6.9481,37,1.118,4.998,37,0.792,9.7654,38,0.752,5.3871,37,0.736,7.2526,38,1.0395,7.9061,37,0.44,3.496,37,0.47,4.9244,38,0.0,1.5426,38,0.0,1.4376,38,0.0,2.3443,38,0.0,1.4262,38,0.0,1.4376,38,0.0,2.6159,38,0.0,0.8326
phase_count_diff,38,0.0,0.0,38,0.0,0.0,38,0.0,0.0,38,0.0,0.0,38,0.0,0.0,38,0.0,0.0,38,0.0,0.0,38,0.0,0.0,38,0.0,0.0,38,0.0,0.0,38,0.0,0.0,38,0.0,0.0,38,0.0,0.0,38,0.0,0.0,38,0.0,0.0,38,0.0,0.0
pose_body_px_mean,38,0.0,0.0,38,2.1905,3.5516,38,1.5048,2.4116,38,2.1281,3.462,38,2.7005,4.0169,38,2.0878,3.9917,38,2.5974,4.0648,38,1.8047,3.51,38,1.4274,3.153,38,0.0,0.0,38,0.0,0.0,38,0.0,0.0,38,0.0,0.0,38,0.0,0.0,38,0.0,0.0,38,0.0,0.0
pose_body_px_p95,38,0.0,0.0,38,5.3324,9.1102,38,3.6087,6.1113,38,4.9028,9.2137,38,6.3437,10.3963,38,4.9591,9.8724,38,6.0634,10.0036,38,4.2199,8.7984,38,3.5297,7.8099,38,0.0,0.0,38,0.0,0.0,38,0.0,0.0,38,0.0,0.0,38,0.0,0.0,38,0.0,0.0,38,0.0,0.0
pose_frames_common,38,215.0,229.0,38,215.0,229.0,38,215.0,229.0,38,215.0,229.0,38,215.0,229.0,38,215.0,229.0,38,215.0,229.0,38,215.0,229.0,38,215.0,229.0,38,215.0,229.0,38,215.0,229.0,38,215.0,229.0,38,215.0,229.0,38,215.0,229.0,38,215.0,229.0,38,215.0,229.0
pose_hands_px_mean,38,0.0,0.0,38,3.3422,5.9376,38,2.2767,4.4441,38,3.5447,5.802,38,4.2149,7.4563,38,3.5138,5.7391,38,4.165,6.8409,38,2.7601,5.4672,38,2.5326,4.7322,38,0.0,0.0,38,0.0,0.0,38,0.0,0.0,38,0.0,0.0,38,0.0,0.0,38,0.0,0.0,38,0.0,0.0
pose_hands_px_p95,38,0.0,0.0,38,7.9676,12.5134,38,5.2644,8.7382,38,7.3385,12.5464,38,10.0034,15.9377,38,7.5694,12.7975,38,8.6458,14.0956,38,6.2424,13.0349,38,5.3003,11.0973,38,0.0,0.0,38,0.0,0.0,38,0.0,0.0,38,0.0,0.0,38,0.0,0.0,38,0.0,0.0,38,0.0,0.0
score_overall,38,0.0,0.0,38,0.0,0.0,38,0.0,0.0,38,0.0,0.0,38,0.0,0.0,38,0.0,0.0,38,0.0,0.0,38,0.0,0.0,38,0.0,0.0,38,0.0,0.0,38,0.0,0.0,38,0.0,0.0,38,0.0,0.0,38,0.0,0.0,38,0.0,0.0,38,0.0,0.0
