metric,median_abs_value,R1-R2_n,R1-R2_median_delta,R1-R2_p90_delta,R1-M1_n,R1-M1_median_delta,R1-M1_p90_delta,M1-M23_n,M1-M23_median_delta,M1-M23_p90_delta,R1-M23_n,R1-M23_median_delta,R1-M23_p90_delta,R1-M28_n,R1-M28_median_delta,R1-M28_p90_delta,R1-H23_n,R1-H23_median_delta,R1-H23_p90_delta,R1-H28_n,R1-H28_median_delta,R1-H28_p90_delta,R1-M18_n,R1-M18_median_delta,R1-M18_p90_delta,R1-M12_n,R1-M12_median_delta,R1-M12_p90_delta,PR-PM1_n,PR-PM1_median_delta,PR-PM1_p90_delta,PR-PM23_n,PR-PM23_median_delta,PR-PM23_p90_delta,PR-PM28_n,PR-PM28_median_delta,PR-PM28_p90_delta,PR-PH23_n,PR-PH23_median_delta,PR-PH23_p90_delta,PR-PH28_n,PR-PH28_median_delta,PR-PH28_p90_delta,PR-PM18_n,PR-PM18_median_delta,PR-PM18_p90_delta,PR-PM12_n,PR-PM12_median_delta,PR-PM12_p90_delta
attackAngle,23.8794,38,0.0,0.0,38,13.6005,56.6447,38,21.4339,44.0904,38,20.5185,50.7248,38,19.3315,48.2381,38,18.8096,51.6309,38,15.5297,52.9437,38,16.5886,44.4346,38,18.8368,38.3148,38,11.2502,47.6116,38,15.6043,53.381,38,21.9817,47.4837,38,17.3533,46.1949,38,12.2082,39.6366,38,12.8275,38.0872,38,9.7297,30.4664
ballPosition,34.0359,25,0.0,0.0,25,1.7381,7.2744,25,0.5537,2.8843,25,1.3328,4.5459,25,1.7375,7.9545,25,1.9132,2.7044,25,1.7045,5.2663,25,0.9649,3.3266,25,1.1728,3.9392,25,0.0116,0.0385,25,0.0069,0.0741,25,0.0128,0.1427,25,0.0062,0.0588,25,0.013,0.0804,25,0.0029,0.0357,25,0.0022,0.0278
clubAngularSpeed,1699.6351,60,0.0,0.0,58,45.6178,198.6401,57,72.6109,286.0844,57,68.5547,254.031,55,49.1246,244.2859,57,46.0035,169.1158,56,50.9076,173.9015,58,54.2364,179.096,54,52.9078,252.5849,60,17.5938,107.1833,60,31.8862,93.9535,60,37.0462,173.2448,60,22.0419,130.0568,60,25.8988,114.3289,59,27.2135,95.0101,60,21.9502,159.7647
clubheadPeakLead,61.039,38,0.0,0.0,38,2.9375,158.6384,38,1.0595,94.2912,38,0.8515,159.4601,38,23.195,157.7498,38,2.3445,142.6605,38,2.705,160.6359,38,2.295,154.166,38,2.391,160.6359,38,0.0,52.5002,38,0.0,1.2501,38,0.0,44.1669,38,0.0,1.2501,38,0.0,0.0,38,0.0,4.1663,38,0.0,0.0
clubheadSpeed,3.7152,114,0.0,0.0,114,0.7864,6.9357,114,0.5373,6.9549,114,0.8456,9.1434,114,0.886,9.1974,114,0.7524,6.9728,114,0.889,9.0108,114,0.6707,9.3293,114,0.6913,9.7301,114,0.044,1.35,114,0.0496,1.3463,114,0.1115,3.0726,114,0.0501,2.0909,114,0.0548,1.6608,114,0.0426,2.2011,114,0.0273,0.9281
comOverLeadFoot,47.9101,152,0.0,0.0,152,2.2431,8.2195,152,1.5222,7.3929,152,1.7207,12.3253,152,2.8509,12.1757,152,1.9198,9.9344,152,2.0842,10.0614,152,1.9885,9.7067,152,1.5187,8.138,152,0.0,0.0,152,0.0,0.0,152,0.0,0.0,152,0.0,0.0,152,0.0,0.0,152,0.0,0.0,152,0.0,0.0
elbowAlignment,18.4517,110,0.0,0.0,108,0.9848,8.2394,107,0.936,5.9792,106,1.1497,10.9038,106,1.1883,14.1722,108,1.2358,9.2959,106,1.5005,6.6383,106,0.6243,7.3101,107,0.7961,8.4588,110,0.0,0.0,110,0.0,0.0,110,0.0,0.0,110,0.0,0.0,110,0.0,0.0,110,0.0,0.0,110,0.0,0.0
feetAlignment,3.2091,114,0.0,0.0,114,0.4869,2.3696,114,0.3487,1.8224,114,0.432,1.8354,114,0.5591,3.5169,114,0.4121,1.8463,114,0.4265,2.7877,114,0.5183,1.8582,114,0.3458,2.6304,114,0.0,0.0,114,0.0,0.0,114,0.0,0.0,114,0.0,0.0,114,0.0,0.0,114,0.0,0.0,114,0.0,0.0
handSpeed,1.0348,114,0.0,0.0,114,0.1704,1.2399,114,0.1534,0.8837,114,0.1635,2.5016,114,0.2209,2.2019,114,0.1746,1.4605,114,0.2068,1.0234,114,0.1365,1.1716,114,0.1258,2.1295,114,0.0029,0.0621,114,0.0041,0.0775,114,0.0026,0.1044,114,0.0016,0.0844,114,0.0027,0.0752,114,0.0028,0.0596,114,0.0024,0.0925
headLift,1.8643,114,0.0,0.0,114,0.2067,3.299,114,0.2438,2.5246,114,0.256,3.8141,114,0.2928,4.1989,114,0.219,3.422,114,0.2394,2.5708,114,0.2211,3.2909,114,0.2025,2.6922,114,0.0,0.0,114,0.0,0.0,114,0.0,0.0,114,0.0,0.0,114,0.0,0.0,114,0.0,0.0,114,0.0,0.0
headSway,2.282,114,0.0,0.0,114,0.1716,0.7059,114,0.1072,0.5534,114,0.1857,0.8796,114,0.22,0.9535,114,0.1736,0.7209,114,0.2384,0.9898,114,0.1617,0.777,114,0.1615,1.1168,114,0.0,0.0,114,0.0,0.0,114,0.0,0.0,114,0.0,0.0,114,0.0,0.0,114,0.0,0.0,114,0.0,0.0
headTilt,9.3862,114,0.0,0.0,114,4.5003,54.0711,114,3.4059,60.7531,114,5.8579,60.9264,114,4.616,68.2545,114,4.5687,55.3852,114,5.3235,67.8523,114,3.7134,62.932,114,2.9549,51.2335,114,0.0,0.0,114,0.0,0.0,114,0.0,0.0,114,0.0,0.0,114,0.0,0.0,114,0.0,0.0,114,0.0,0.0
hipLineTilt,5.4275,266,0.0,0.0,266,0.5619,3.6215,263,0.3489,2.3729,263,0.6243,2.8212,264,0.7569,3.9073,263,0.5413,4.3553,266,0.6972,3.8127,263,0.4597,2.6528,263,0.3998,3.0339,266,0.0,0.0,266,0.0,0.0,266,0.0,0.0,266,0.0,0.0,266,0.0,0.0,266,0.0,0.0,266,0.0,0.0
hm.forearmRotation,19.4691,33,0.0,0.0,33,0.0,0.0,33,0.0,0.0,33,0.0,0.0,33,0.0,0.0,33,0.0,0.0,33,0.0,0.0,33,0.0,0.0,33,0.0,0.0,33,0.0,0.0,33,0.0,0.0,33,0.0,0.0,33,0.0,0.0,33,0.0,0.0,33,0.0,0.0,33,0.0,0.0
hm.leadWristFlexExt,4.7632,33,0.0,0.0,33,0.0,0.0,33,0.0,0.0,33,0.0,0.0,33,0.0,0.0,33,0.0,0.0,33,0.0,0.0,33,0.0,0.0,33,0.0,0.0,33,0.0,0.0,33,0.0,0.0,33,0.0,0.0,33,0.0,0.0,33,0.0,0.0,33,0.0,0.0,33,0.0,0.0
hm.leadWristRadUln,31.4732,33,0.0,0.0,33,0.0,0.0,33,0.0,0.0,33,0.0,0.0,33,0.0,0.0,33,0.0,0.0,33,0.0,0.0,33,0.0,0.0,33,0.0,0.0,33,0.0,0.0,33,0.0,0.0,33,0.0,0.0,33,0.0,0.0,33,0.0,0.0,33,0.0,0.0,33,0.0,0.0
impactShaftLean,9.5,38,0.0,0.0,38,0.6388,4.0833,38,0.0049,3.1603,38,1.0,7.1018,38,1.0,13.6,38,0.9474,8.8,38,0.273,4.0528,38,0.0147,3.6,38,0.0111,14.0,38,0.0,0.0,38,0.0,1.2624,38,0.0,2.6,38,0.0,3.6289,38,0.0,0.4831,38,0.0,1.2624,38,0.0,0.0
lagAngle,8.4452,114,0.0,0.0,114,1.1028,5.1534,114,0.9882,4.8103,114,1.1373,5.9515,114,1.5435,5.588,114,1.3207,6.3248,114,1.3161,5.3427,114,1.0067,5.1038,114,1.1642,5.7393,114,0.041,1.126,114,0.0377,1.1419,114,0.0681,1.6153,114,0.0372,1.986,114,0.0475,1.1762,114,0.0367,1.3885,114,0.0232,1.2535
leadArmAngularSpeed,556.4827,72,0.0,0.0,72,12.0554,67.1187,71,9.5484,68.201,71,11.7807,99.4673,72,13.9718,80.6894,71,7.8839,81.0969,72,15.6528,94.622,71,10.39,73.5681,71,10.6161,92.5479,72,2.519,20.708,72,3.9615,22.3564,72,3.5995,29.3329,72,2.8479,20.3086,72,2.7658,20.0771,72,3.0209,19.2251,72,2.505,15.4382
leadArmToTorso,66.3525,151,0.0,0.0,151,0.9429,10.3502,152,0.8385,8.9952,151,0.878,11.0566,151,1.2156,9.9119,151,0.9247,13.8576,150,1.3074,10.3678,151,0.7212,14.6144,150,0.7296,8.4612,151,0.0,0.0,151,0.0,0.0,151,0.0,0.0,151,0.0,0.0,151,0.0,0.0,151,0.0,0.0,151,0.0,0.0
leadFootFlare,69.3321,38,0.0,0.0,38,2.1658,8.4815,38,1.6675,11.0709,38,2.1086,8.3844,38,3.3167,12.9171,38,2.3407,11.263,38,2.061,12.4019,38,2.359,13.9815,38,1.8093,5.8224,38,0.0,0.0,38,0.0,0.0,38,0.0,0.0,38,0.0,0.0,38,0.0,0.0,38,0.0,0.0,38,0.0,0.0
leadHandWidth,67.0637,151,0.0,0.0,151,0.9801,15.918,152,0.748,9.2911,151,1.1002,12.9042,151,1.1235,10.9644,151,0.9048,22.4048,151,1.49,17.1174,151,0.7745,17.3634,151,0.8944,14.4347,151,0.0,0.0,151,0.0,0.0,151,0.0,0.0,151,0.0,0.0,151,0.0,0.0,151,0.0,0.0,151,0.0,0.0
leadHeelLift,0.7793,84,0.0,0.0,84,0.2496,1.6536,87,0.1863,1.6246,84,0.2586,1.9718,84,0.3366,1.7324,84,0.24,1.5772,84,0.2589,1.6041,84,0.2024,2.1501,84,0.2958,1.0439,84,0.0,0.0,84,0.0,0.0,84,0.0,0.0,84,0.0,0.0,84,0.0,0.0,84,0.0,0.0,84,0.0,0.0
leadKneeDrift,3.5642,114,0.0,0.0,114,1.058,4.328,114,0.8663,6.4171,114,1.0182,6.3238,114,1.2633,5.4483,114,1.0115,6.735,114,1.4191,3.9571,114,1.2313,5.1702,114,0.9979,5.4229,114,0.0,0.0,114,0.0,0.0,114,0.0,0.0,114,0.0,0.0,114,0.0,0.0,114,0.0,0.0,114,0.0,0.0
leadUpperArmToChest,52.2311,151,0.0,0.0,151,0.8296,6.9185,152,0.5,4.9146,151,0.7677,6.1794,151,1.0932,5.2724,151,0.9574,5.4059,150,1.0554,5.3891,151,0.5528,4.3508,150,0.5724,6.317,151,0.0,0.0,151,0.0,0.0,151,0.0,0.0,151,0.0,0.0,151,0.0,0.0,151,0.0,0.0,151,0.0,0.0
lowPointAhead,1.9456,29,0.0,0.0,28,0.3269,1.354,27,0.3861,2.3052,27,0.5796,1.9838,26,0.7546,2.7718,27,0.4386,2.1827,29,0.4847,1.702,28,0.4763,2.2922,27,0.7588,2.5564,29,0.1529,0.8917,27,0.2485,0.7857,27,0.1383,2.5869,29,0.265,1.2528,29,0.1854,1.0956,29,0.1531,1.7544,28,0.1249,0.6442
pelvisAngularSpeed,201.3014,59,0.0,0.0,57,61.9609,398.4207,61,39.7019,234.5327,56,59.0917,253.4586,54,71.1658,457.3326,55,48.2457,215.5144,56,86.0007,507.0032,55,39.8205,163.0197,58,68.2346,336.0506,59,0.0,0.0,59,0.0,0.0,59,0.0,1.4005,59,0.0,0.0,59,0.0,0.0,59,0.0,0.0,59,0.0,0.0
pelvisLift,5.224,114,0.0,0.0,114,1.3252,5.7979,114,0.7816,3.2152,114,1.1414,5.6149,114,1.7862,5.1391,114,1.379,5.2632,114,1.3979,5.0039,114,0.9621,5.5252,114,0.8634,4.7274,114,0.0,0.0,114,0.0,0.0,114,0.0,0.0,114,0.0,0.0,114,0.0,0.0,114,0.0,0.0,114,0.0,0.0
pelvisSway,14.82,114,0.0,0.0,114,0.5443,1.8709,114,0.3339,1.6044,114,0.4756,1.8686,114,0.8102,2.5838,114,0.608,1.8114,114,0.6946,2.265,114,0.5004,2.3405,114,0.4652,2.5205,114,0.0,0.0,114,0.0,0.0,114,0.0,0.0,114,0.0,0.0,114,0.0,0.0,114,0.0,0.0,114,0.0,0.0
plumbBobDistance,0.8534,196,0.0,0.0,196,0.1568,0.5982,200,0.1355,0.5656,193,0.155,0.5134,194,0.2364,0.6402,193,0.1562,0.5351,196,0.1773,0.6806,193,0.1345,0.5828,193,0.1336,0.5526,196,0.0,0.0,196,0.0,0.0,196,0.0,0.0,196,0.0,0.0,196,0.0,0.0,196,0.0,0.0,196,0.0,0.0
secondaryAxisTilt,5.3395,113,0.0,0.0,113,0.3188,3.3149,114,0.1958,3.6786,113,0.2849,2.148,113,0.4495,3.0117,113,0.3136,2.2958,113,0.441,2.6777,113,0.2652,2.5921,113,0.248,3.4917,113,0.0,0.0,113,0.0,0.0,113,0.0,0.0,113,0.0,0.0,113,0.0,0.0,113,0.0,0.0,113,0.0,0.0
shaftAngleVsHorizontal,66.0,152,0.0,0.0,152,2.0,33.9,152,2.0,37.9664,152,2.9943,50.7641,152,3.0,35.7,152,3.1399,43.7947,152,3.0,35.3,152,2.1742,34.0,152,2.7616,38.9802,152,0.98,21.9947,152,0.3941,23.9931,152,1.4662,35.0,152,1.0,33.8803,152,0.8144,26.8,152,0.1376,19.9,152,0.0122,27.7693
shoulderPlaneAngle,11.7562,84,0.0,0.0,80,0.378,1.1163,84,0.2479,0.9255,79,0.3175,1.0301,79,0.5074,1.5186,78,0.2866,1.2828,78,0.43,1.2104,81,0.2065,1.1257,79,0.1889,0.9189,84,0.0,0.0,84,0.0,0.0,84,0.0,0.0,84,0.0,0.0,84,0.0,0.0,84,0.0,0.0,84,0.0,0.0
spineSideBend,8.364,84,0.0,0.0,80,1.1062,9.2952,84,0.4814,5.7078,79,1.093,6.971,79,1.0172,9.7558,78,0.842,8.377,78,1.2515,7.1918,81,0.6853,5.7773,79,0.4856,7.548,84,0.0,0.0,84,0.0,0.0,84,0.0,0.0,84,0.0,0.0,84,0.0,0.0,84,0.0,0.0,84,0.0,0.0
stanceWidth,81.3392,38,0.0,0.0,38,0.8324,2.3763,38,0.5854,1.2881,38,0.7752,2.0264,38,1.0833,2.5476,38,0.854,2.5425,38,1.4545,2.9852,38,0.7786,2.1096,38,0.7233,1.8216,38,0.0,0.0,38,0.0,0.0,38,0.0,0.0,38,0.0,0.0,38,0.0,0.0,38,0.0,0.0,38,0.0,0.0
stanceWidthMm,239.3481,28,0.0,0.0,28,2.032,5.1445,29,1.0943,3.6225,28,1.7287,4.7584,28,1.7139,7.2596,28,1.786,8.9971,28,3.2775,8.7955,28,1.4558,5.5429,28,1.9057,5.376,28,0.0,0.0,28,0.0,0.0,28,0.0,0.0,28,0.0,0.0,28,0.0,0.0,28,0.0,0.0,28,0.0,0.0
swingPlaneIotaBack,25.3867,38,0.0,0.0,38,1.9185,7.2497,37,1.7193,8.4745,37,2.7951,6.8044,37,2.2019,6.5137,38,2.1965,8.4584,38,2.2398,6.3292,38,2.521,7.895,38,2.5322,8.0008,38,1.6511,5.1228,38,1.4356,4.7723,38,1.7966,5.6487,38,1.0778,3.5667,38,1.5396,3.3511,38,1.3226,3.8899,38,1.261,4.5602
swingPlaneIotaDown,22.4379,38,0.0,0.0,38,2.7888,8.7507,37,1.8246,7.4617,37,2.9774,8.2195,37,3.0903,10.4834,38,2.3241,9.5392,38,3.6098,8.2639,38,3.4593,14.2843,38,3.6991,10.2038,38,1.6475,9.2263,38,2.3216,8.8383,38,2.0347,9.708,38,1.7886,7.8325,38,1.7921,7.5465,38,2.2197,7.9149,38,1.5799,7.5999
tempoBackswing,0.7572,38,0.0,0.0,38,0.0065,0.0337,38,0.0,0.0802,38,0.0067,0.0824,38,0.0068,0.0925,38,0.0066,0.0952,38,0.0065,0.0433,38,0.007,0.0637,38,0.0001,0.0824,38,0.0,0.0,38,0.0,0.0,38,0.0,0.0,38,0.0,0.0,38,0.0,0.0,38,0.0,0.0,38,0.0,0.0
tempoRatio,2.6547,38,0.0,0.0,38,0.0237,0.2208,38,0.0,0.4684,38,0.0566,0.9357,38,0.0666,0.9228,38,0.0233,0.9908,38,0.0226,0.2064,38,0.0743,0.5983,38,0.0412,0.9357,38,0.0,0.0,38,0.0,0.0,38,0.0,0.0,38,0.0,0.0,38,0.0,0.0,38,0.0,0.0,38,0.0,0.0
thoraxAngularSpeed,356.2565,48,0.0,0.0,44,55.6787,421.1694,41,35.3669,521.0701,39,50.4157,434.1612,42,55.5413,264.2711,45,42.3239,466.0474,46,57.6326,479.2142,43,44.3847,526.0235,45,33.4895,532.9878,48,0.0,7.4459,48,0.0,0.0,48,0.0,25.3052,48,0.0,7.9315,48,0.0,18.9822,48,0.0,7.4459,48,0.0,0.0
thoraxLateralDrift,39.7718,113,0.0,0.0,113,2.6376,17.5264,114,2.4235,14.6052,113,2.5525,15.6516,113,3.4507,22.9919,113,2.2069,18.9833,113,3.2962,16.3786,113,3.513,12.4702,113,2.6289,16.0755,113,0.0,0.0,113,0.0,0.0,113,0.0,0.0,113,0.0,0.0,113,0.0,0.0,113,0.0,0.0,113,0.0,0.0
toeLineAngle,177.2789,38,0.0,0.0,38,1.8857,349.9014,38,0.8417,60.8759,38,0.8116,182.7748,38,1.877,168.6333,38,0.9399,168.3053,38,0.8919,176.5441,38,0.7907,166.8534,38,0.5827,170.834,38,0.0,0.0,38,0.0,0.0,38,0.0,0.0,38,0.0,0.0,38,0.0,0.0,38,0.0,0.0,38,0.0,0.0
trailElbowHeight,97.508,118,0.0,0.0,114,0.9482,7.1212,119,0.7193,7.5054,113,0.916,7.4705,112,1.7273,8.6162,109,0.9267,13.7141,111,1.5689,9.2372,113,0.8139,9.3066,112,0.801,9.2456,118,0.0,0.0,118,0.0,0.0,118,0.0,0.0,118,0.0,0.0,118,0.0,0.0,118,0.0,0.0,118,0.0,0.0
trailFootFlare,121.7479,38,0.0,0.0,38,1.9651,8.5726,38,1.2016,7.7362,38,2.0583,7.4418,38,1.7006,7.2286,38,1.8225,7.697,38,1.3052,8.3274,38,0.9936,5.6441,38,2.0164,4.7289,38,0.0,0.0,38,0.0,0.0,38,0.0,0.0,38,0.0,0.0,38,0.0,0.0,38,0.0,0.0,38,0.0,0.0
trailWristFlexExt,10.2121,152,0.0,0.0,152,2.4383,19.7716,152,1.3652,22.6335,152,2.132,36.6847,152,2.7985,32.4018,152,2.0534,39.6514,152,1.9197,20.4828,152,1.5141,21.1529,152,1.3638,18.0393,152,0.0,0.0,152,0.0,0.0,152,0.0,0.0,152,0.0,0.0,152,0.0,0.0,152,0.0,0.0,152,0.0,0.0
transitionPlaneDelta,5.9515,38,0.0,0.0,38,4.6174,12.2373,37,2.8654,10.4884,37,4.7844,11.5899,37,4.5315,12.4693,38,3.8794,13.8457,38,4.0525,11.7768,38,4.6406,16.0576,38,6.4667,12.6031,38,3.425,14.7232,38,3.3461,10.014,38,3.6452,10.9356,38,2.5852,7.3752,38,1.7531,9.6552,38,2.4406,9.5694,38,3.024,9.737
