item,R1-M1_n,R1-M1_median,R1-M1_p90,R1-R2_n,R1-R2_median,R1-R2_p90,M1-M2_n,M1-M2_median,M1-M2_p90,PR-PM_n,PR-PM_median,PR-PM_p90
ball_found_agreement,38,1.0,1.0,38,1.0,1.0,38,1.0,1.0,38,1.0,1.0
ball_launch_found_mismatch,38,0.0,0.0,38,0.0,0.0,38,0.0,0.0,38,0.0,0.0
ball_launch_ms,20,0.0,2.6719,20,0.0,0.0,22,0.0,0.0,20,0.0,29.4745
ball_pos_px_median,32,0.0185,0.3029,32,0.0,0.0,33,0.0,0.0,32,0.0185,0.2993
club_frames_tracked_in_one_only,38,0.0,0.0,38,0.0,0.0,38,0.0,0.0,38,0.0,0.0
club_head_px_median,38,4.4114,9.9139,38,0.0,0.0,38,0.0,0.0,38,1.0276,5.7763
club_head_px_p95,38,29.5724,83.1505,38,0.0,0.0,38,0.0,0.0,38,18.2173,40.1578
club_theta_deg_median,38,0.1628,2.0,38,0.0,0.0,38,0.0,0.0,38,0.0,1.0
club_theta_deg_p95,38,3.0274,12.46,38,0.0,0.0,38,0.0,0.0,38,1.0,5.2804
metric:attackAngle:P5,38,13.6005,56.6447,38,0.0,0.0,38,0.0,0.0,38,11.2502,47.6116
metric:ballPosition:P0,25,1.7381,7.2744,25,0.0,0.0,25,0.0,0.0,25,0.0116,0.0385
metric:clubAngularSpeed:P5,20,61.007,137.3463,22,0.0,0.0,23,0.0,0.0,22,13.8707,121.8169
metric:clubAngularSpeed:P9,38,45.6178,225.176,38,0.0,0.0,38,0.0,0.0,38,23.1342,85.7523
metric:clubheadPeakLead:P5,38,2.9375,158.6384,38,0.0,0.0,38,0.0,0.0,38,0.0,52.5002
metric:clubheadSpeed:P0,38,0.3901,2.5256,38,0.0,0.0,38,0.0,0.0,38,0.0519,0.6274
metric:clubheadSpeed:P2,38,0.4506,3.222,38,0.0,0.0,38,0.0,0.0,38,0.0117,0.4958
metric:clubheadSpeed:P5,38,1.7556,9.0316,38,0.0,0.0,38,0.0,0.0,38,0.1397,4.9614
metric:comOverLeadFoot:P0,38,2.4955,24.1304,38,0.0,0.0,38,0.0,0.0,38,0.0,0.0
metric:comOverLeadFoot:P2,38,2.9133,7.5859,38,0.0,0.0,38,0.0,0.0,38,0.0,0.0
metric:comOverLeadFoot:P5,38,1.5799,5.7755,38,0.0,0.0,38,0.0,0.0,38,0.0,0.0
metric:comOverLeadFoot:P7,38,2.1696,6.234,38,0.0,0.0,38,0.0,0.0,38,0.0,0.0
metric:elbowAlignment:P0,38,1.8813,21.5209,38,0.0,0.0,38,0.0,0.0,38,0.0,0.0
metric:elbowAlignment:P2,32,1.9661,6.2545,34,0.0,0.0,35,0.0,0.0,34,0.0,0.0
metric:elbowAlignment:P5,38,0.3982,2.884,38,0.0,0.0,38,0.0,0.0,38,0.0,0.0
metric:feetAlignment:P0,38,0.5594,5.7759,38,0.0,0.0,38,0.0,0.0,38,0.0,0.0
metric:feetAlignment:P2,38,0.452,1.5042,38,0.0,0.0,38,0.0,0.0,38,0.0,0.0
metric:feetAlignment:P5,38,0.4149,1.35,38,0.0,0.0,38,0.0,0.0,38,0.0,0.0
metric:handSpeed:P0,38,0.0742,1.125,38,0.0,0.0,38,0.0,0.0,38,0.0011,0.0129
metric:handSpeed:P2,38,0.1537,0.8586,38,0.0,0.0,38,0.0,0.0,38,0.0015,0.012
metric:handSpeed:P5,38,0.2462,1.2263,38,0.0,0.0,38,0.0,0.0,38,0.0307,0.1562
metric:headLift:P0,38,0.2958,4.3668,38,0.0,0.0,38,0.0,0.0,38,0.0,0.0
metric:headLift:P2,38,0.1663,1.7712,38,0.0,0.0,38,0.0,0.0,38,0.0,0.0
metric:headLift:P5,38,0.2067,0.9032,38,0.0,0.0,38,0.0,0.0,38,0.0,0.0
metric:headSway:P0,38,0.0781,0.5301,38,0.0,0.0,38,0.0,0.0,38,0.0,0.0
metric:headSway:P2,38,0.262,0.7635,38,0.0,0.0,38,0.0,0.0,38,0.0,0.0
metric:headSway:P5,38,0.153,0.7107,38,0.0,0.0,38,0.0,0.0,38,0.0,0.0
metric:headTilt:P0,38,4.2852,41.14,38,0.0,0.0,38,0.0,0.0,38,0.0,0.0
metric:headTilt:P2,38,6.0799,49.532,38,0.0,0.0,38,0.0,0.0,38,0.0,0.0
metric:headTilt:P5,38,3.2517,54.4417,38,0.0,0.0,38,0.0,0.0,38,0.0,0.0
metric:hipLineTilt:P0,38,1.0027,10.5877,38,0.0,0.0,38,0.0,0.0,38,0.0,0.0
metric:hipLineTilt:P12,38,1.0764,5.0738,38,0.0,0.0,38,0.0,0.0,38,0.0,0.0
metric:hipLineTilt:P13,38,0.3974,0.943,38,0.0,0.0,38,0.0,0.0,38,0.0,0.0
metric:hipLineTilt:P2,38,0.5271,1.7482,38,0.0,0.0,38,0.0,0.0,38,0.0,0.0
metric:hipLineTilt:P5,38,0.5585,5.1026,38,0.0,0.0,38,0.0,0.0,38,0.0,0.0
metric:hipLineTilt:P8,38,0.4017,1.2614,38,0.0,0.0,38,0.0,0.0,38,0.0,0.0
metric:hipLineTilt:P9,38,0.6525,2.5572,38,0.0,0.0,38,0.0,0.0,38,0.0,0.5065
metric:hm.forearmRotation:P0,11,0.0,0.0,11,0.0,0.0,11,0.0,0.0,11,0.0,0.0
metric:hm.forearmRotation:P2,11,0.0,0.0,11,0.0,0.0,11,0.0,0.0,11,0.0,0.0
metric:hm.forearmRotation:P5,11,0.0,0.0,11,0.0,0.0,11,0.0,0.0,11,0.0,0.0
metric:hm.leadWristFlexExt:P0,11,0.0,0.0,11,0.0,0.0,11,0.0,0.0,11,0.0,0.0
metric:hm.leadWristFlexExt:P2,11,0.0,0.0,11,0.0,0.0,11,0.0,0.0,11,0.0,0.0
metric:hm.leadWristFlexExt:P5,11,0.0,0.0,11,0.0,0.0,11,0.0,0.0,11,0.0,0.0
metric:hm.leadWristRadUln:P0,11,0.0,0.0,11,0.0,0.0,11,0.0,0.0,11,0.0,0.0
metric:hm.leadWristRadUln:P2,11,0.0,0.0,11,0.0,0.0,11,0.0,0.0,11,0.0,0.0
metric:hm.leadWristRadUln:P5,11,0.0,0.0,11,0.0,0.0,11,0.0,0.0,11,0.0,0.0
metric:impactShaftLean:P5,38,0.6388,4.0833,38,0.0,0.0,38,0.0,0.0,38,0.0,0.0
metric:lagAngle:P0,38,0.5946,5.2792,38,0.0,0.0,38,0.0,0.0,38,0.0548,1.0748
metric:lagAngle:P2,38,1.861,7.6786,38,0.0,0.0,38,0.0,0.0,38,0.0801,1.6377
metric:lagAngle:P5,38,0.8118,3.3515,38,0.0,0.0,38,0.0,0.0,38,0.0318,0.7672
metric:leadArmAngularSpeed:P5,34,7.3102,66.2775,34,0.0,0.0,34,0.0,0.0,34,1.8152,14.5243
metric:leadArmAngularSpeed:P9,38,15.673,65.3407,38,0.0,0.0,38,0.0,0.0,38,3.8228,31.9445
metric:leadArmToTorso:P0,38,0.5182,2.1181,38,0.0,0.0,38,0.0,0.0,38,0.0,0.0
metric:leadArmToTorso:P2,38,2.6544,16.8752,38,0.0,0.0,38,0.0,0.0,38,0.0,0.0
metric:leadArmToTorso:P5,37,0.2802,2.2023,37,0.0,0.0,38,0.0,0.0,37,0.0,0.0
metric:leadArmToTorso:P7,38,3.4317,16.5337,38,0.0,0.0,38,0.0,0.0,38,0.0,0.0
metric:leadFootFlare:P0,38,2.1658,8.4815,38,0.0,0.0,38,0.0,0.0,38,0.0,0.0
metric:leadHandWidth:P0,38,0.5611,14.0778,38,0.0,0.0,38,0.0,0.0,38,0.0,0.0
metric:leadHandWidth:P2,38,0.9188,9.914,38,0.0,0.0,38,0.0,0.0,38,0.0,0.0
metric:leadHandWidth:P5,37,1.0891,9.1492,37,0.0,0.0,38,0.0,0.0,37,0.0,0.0
metric:leadHandWidth:P7,38,1.4836,20.7462,38,0.0,0.0,38,0.0,0.0,38,0.0,0.0
metric:leadHeelLift:P0,28,0.1805,1.3228,28,0.0,0.0,29,0.0,0.0,28,0.0,0.0
metric:leadHeelLift:P2,28,0.3257,1.932,28,0.0,0.0,29,0.0,0.0,28,0.0,0.0
metric:leadHeelLift:P5,28,0.3683,0.8136,28,0.0,0.0,29,0.0,0.0,28,0.0,0.0
metric:leadKneeDrift:P0,38,0.8202,6.4309,38,0.0,0.0,38,0.0,0.0,38,0.0,0.0
metric:leadKneeDrift:P2,38,0.9065,3.0523,38,0.0,0.0,38,0.0,0.0,38,0.0,0.0
metric:leadKneeDrift:P5,38,1.2937,4.0539,38,0.0,0.0,38,0.0,0.0,38,0.0,0.0
metric:leadUpperArmToChest:P0,38,0.5569,4.4935,38,0.0,0.0,38,0.0,0.0,38,0.0,0.0
metric:leadUpperArmToChest:P2,38,2.5031,7.1365,38,0.0,0.0,38,0.0,0.0,38,0.0,0.0
metric:leadUpperArmToChest:P5,37,0.3618,2.7895,37,0.0,0.0,38,0.0,0.0,37,0.0,0.0
metric:leadUpperArmToChest:P7,38,0.904,5.6731,38,0.0,0.0,38,0.0,0.0,38,0.0,0.0
metric:lowPointAhead:P5,28,0.3269,1.354,29,0.0,0.0,29,0.0,0.0,29,0.1529,0.8917
metric:pelvisAngularSpeed:P5,23,55.4077,175.8237,25,0.0,0.0,27,0.0,0.0,25,0.0,0.0
metric:pelvisAngularSpeed:P9,34,73.9597,475.814,34,0.0,0.0,37,0.0,0.0,34,0.0,61.6597
metric:pelvisLift:P0,38,0.8443,5.7845,38,0.0,0.0,38,0.0,0.0,38,0.0,0.0
metric:pelvisLift:P2,38,1.1721,2.5481,38,0.0,0.0,38,0.0,0.0,38,0.0,0.0
metric:pelvisLift:P5,38,1.6706,5.933,38,0.0,0.0,38,0.0,0.0,38,0.0,0.0
metric:pelvisSway:P0,38,0.3411,2.3127,38,0.0,0.0,38,0.0,0.0,38,0.0,0.0
metric:pelvisSway:P2,38,0.5924,1.6081,38,0.0,0.0,38,0.0,0.0,38,0.0,0.0
metric:pelvisSway:P5,38,0.6517,1.701,38,0.0,0.0,38,0.0,0.0,38,0.0,0.0
metric:plumbBobDistance:P0,28,0.1583,0.7069,28,0.0,0.0,29,0.0,0.0,28,0.0,0.0
metric:plumbBobDistance:P12,28,0.164,0.3456,28,0.0,0.0,29,0.0,0.0,28,0.0,0.0
metric:plumbBobDistance:P13,28,0.1838,0.3762,28,0.0,0.0,29,0.0,0.0,28,0.0,0.0
metric:plumbBobDistance:P2,28,0.1534,0.594,28,0.0,0.0,29,0.0,0.0,28,0.0,0.0
metric:plumbBobDistance:P5,28,0.1541,0.6578,28,0.0,0.0,29,0.0,0.0,28,0.0,0.0
metric:plumbBobDistance:P8,28,0.1112,0.3346,28,0.0,0.0,29,0.0,0.0,28,0.0,0.0
metric:plumbBobDistance:P9,28,0.1698,0.7373,28,0.0,0.0,29,0.0,0.0,28,0.0,0.1311
metric:secondaryAxisTilt:P0,38,0.1852,0.8335,38,0.0,0.0,38,0.0,0.0,38,0.0,0.0
metric:secondaryAxisTilt:P2,38,1.34,6.2563,38,0.0,0.0,38,0.0,0.0,38,0.0,0.0
metric:secondaryAxisTilt:P5,37,0.2197,0.8069,37,0.0,0.0,38,0.0,0.0,37,0.0,0.0
metric:shaftAngleVsHorizontal:P0,38,1.0,16.9894,38,0.0,0.0,38,0.0,0.0,38,0.0065,6.9326
metric:shaftAngleVsHorizontal:P2,38,3.5979,20.6741,38,0.0,0.0,38,0.0,0.0,38,1.0026,17.3394
metric:shaftAngleVsHorizontal:P5,38,5.7238,54.5409,38,0.0,0.0,38,0.0,0.0,38,0.8961,39.4771
metric:shaftAngleVsHorizontal:P7,38,4.5,34.3431,38,0.0,0.0,38,0.0,0.0,38,1.0,23.3828
metric:shoulderPlaneAngle:P0,38,0.3156,0.8033,38,0.0,0.0,38,0.0,0.0,38,0.0,0.0
metric:shoulderPlaneAngle:P2,5,3.0342,31.0768,9,0.0,0.0,12,0.0,0.0,9,0.0,0.0
metric:shoulderPlaneAngle:P5,37,0.3703,0.7572,37,0.0,0.0,38,0.0,0.0,37,0.0,0.0
metric:spineSideBend:P0,38,1.0799,10.573,38,0.0,0.0,38,0.0,0.0,38,0.0,0.0
metric:spineSideBend:P2,5,2.8867,31.3878,9,0.0,0.0,12,0.0,0.0,9,0.0,0.0
metric:spineSideBend:P5,37,0.604,5.3277,37,0.0,0.0,38,0.0,0.0,37,0.0,0.0
metric:stanceWidth:P0,38,0.8324,2.3763,38,0.0,0.0,38,0.0,0.0,38,0.0,0.0
metric:stanceWidthMm:P0,28,2.032,5.1445,28,0.0,0.0,29,0.0,0.0,28,0.0,0.0
metric:swingPlaneIotaBack:P2,38,1.9185,7.2497,38,0.0,0.0,38,0.0,0.0,38,1.6511,5.1228
metric:swingPlaneIotaDown:P5,38,2.7888,8.7507,38,0.0,0.0,38,0.0,0.0,38,1.6475,9.2263
metric:tempoBackswing:P5,38,0.0065,0.0337,38,0.0,0.0,38,0.0,0.0,38,0.0,0.0
metric:tempoRatio:P5,38,0.0237,0.2208,38,0.0,0.0,38,0.0,0.0,38,0.0,0.0
metric:thoraxAngularSpeed:P5,7,69.3089,730.3001,11,0.0,0.0,14,0.0,0.0,11,0.0,0.0
metric:thoraxAngularSpeed:P9,37,51.0382,331.2645,37,0.0,0.0,38,0.0,0.0,37,0.0,25.467
metric:thoraxLateralDrift:P0,38,2.8544,31.1872,38,0.0,0.0,38,0.0,0.0,38,0.0,0.0
metric:thoraxLateralDrift:P2,38,3.5287,15.3394,38,0.0,0.0,38,0.0,0.0,38,0.0,0.0
metric:thoraxLateralDrift:P5,37,2.2183,6.5539,37,0.0,0.0,38,0.0,0.0,37,0.0,0.0
metric:toeLineAngle:P0,38,1.8857,349.9014,38,0.0,0.0,38,0.0,0.0,38,0.0,0.0
metric:trailElbowHeight:P0,38,1.4242,25.7802,38,0.0,0.0,38,0.0,0.0,38,0.0,0.0
metric:trailElbowHeight:P2,5,23.1323,61.5612,9,0.0,0.0,12,0.0,0.0,9,0.0,0.0
metric:trailElbowHeight:P5,37,0.6464,2.1047,37,0.0,0.0,38,0.0,0.0,37,0.0,0.0
metric:trailElbowHeight:P7,34,1.9862,5.7556,34,0.0,0.0,36,0.0,0.0,34,0.0,0.0
metric:trailFootFlare:P0,38,1.9651,8.5726,38,0.0,0.0,38,0.0,0.0,38,0.0,0.0
metric:trailWristFlexExt:P0,38,3.3297,22.3909,38,0.0,0.0,38,0.0,0.0,38,0.0,0.0
metric:trailWristFlexExt:P2,38,3.7497,31.106,38,0.0,0.0,38,0.0,0.0,38,0.0,0.0
metric:trailWristFlexExt:P5,38,1.8243,31.5107,38,0.0,0.0,38,0.0,0.0,38,0.0,0.0
metric:trailWristFlexExt:P7,38,2.4097,7.4267,38,0.0,0.0,38,0.0,0.0,38,0.0,0.0
metric:transitionPlaneDelta:P3,38,4.6174,12.2373,38,0.0,0.0,38,0.0,0.0,38,3.425,14.7232
metric_keys_only_in_first,38,0.0,0.0,38,0.0,0.0,38,0.0,0.0,38,0.0,0.0
metric_keys_only_in_second,38,0.0,0.0,38,0.0,0.0,38,0.0,0.0,38,0.0,0.0
metric_value_count_diff,38,1.0,4.3,38,0.0,0.0,38,0.0,0.0,38,0.0,0.0
phase_P00_ms,38,0.0,28.6771,38,0.0,0.0,38,0.0,0.0,38,0.0,0.0
phase_P01_ms,38,0.0,96.7948,38,0.0,0.0,38,0.0,0.0,38,0.0,5.785
phase_P02_ms,38,0.0,19.1368,38,0.0,0.0,38,0.0,0.0,38,0.0,0.0
phase_P05_ms,38,0.0,0.0,38,0.0,0.0,38,0.0,0.0,38,0.0,0.0
phase_P07_ms,38,4.2985,22.2049,38,0.0,0.0,38,0.0,0.0,38,0.0,0.0
phase_P08_ms,38,0.836,3.3598,38,0.0,0.0,38,0.0,0.0,38,0.0,0.0
phase_P09_ms,38,0.494,5.1636,38,0.0,0.0,38,0.0,0.0,38,0.0,2.5692
phase_P10_ms,2,0.0,0.0,2,0.0,0.0,2,0.0,0.0,2,0.0,0.0
phase_P12_ms,38,1.313,4.1721,38,0.0,0.0,38,0.0,0.0,38,0.6645,3.7421
phase_P13_ms,38,0.117,0.6553,38,0.0,0.0,38,0.0,0.0,38,0.0,0.0
phase_P14_ms,38,0.857,6.9481,38,0.0,0.0,38,0.0,0.0,38,0.0,1.5426
phase_count_diff,38,0.0,0.0,38,0.0,0.0,38,0.0,0.0,38,0.0,0.0
pose_body_px_mean,38,2.1905,3.5516,38,0.0,0.0,38,0.0,0.0,38,0.0,0.0
pose_body_px_p95,38,5.3324,9.1102,38,0.0,0.0,38,0.0,0.0,38,0.0,0.0
pose_frames_common,38,215.0,229.0,38,215.0,229.0,38,215.0,229.0,38,215.0,229.0
pose_hands_px_mean,38,3.3422,5.9376,38,0.0,0.0,38,0.0,0.0,38,0.0,0.0
pose_hands_px_p95,38,7.9676,12.5134,38,0.0,0.0,38,0.0,0.0,38,0.0,0.0
score_overall,38,0.0,0.0,38,0.0,0.0,38,0.0,0.0,38,0.0,0.0
