tier,group,bias_deg,sigma_noise_deg,source
pred,address,-1.518,2.528,half
pred,early_bs,-1.518,2.528,half
pred,backswing,-1.518,2.528,half
pred,top,-1.518,2.528,half
pred,downswing,-1.518,2.528,half
pred,impact,28.529,25.489,half
pred,through,28.529,25.489,half
pred,finish,33.330,27.230,cell
ray,address,1.090,2.195,half
ray,early_bs,1.090,2.195,half
ray,backswing,1.956,1.767,cell
ray,top,1.090,2.195,half
ray,downswing,1.090,2.195,half
ray,impact,-3.438,4.535,cell
ray,through,-0.648,7.373,half
ray,finish,-0.648,7.373,half
band,address,-0.083,0.441,half
band,early_bs,-0.108,0.299,cell
band,backswing,-0.040,0.443,cell
band,top,-0.083,0.441,half
band,downswing,-0.078,0.588,cell
band,impact,-0.031,0.379,half
band,through,-0.025,0.348,cell
band,finish,-0.039,0.440,cell
recon,address,0.000,10.000,prior
recon,early_bs,0.000,10.000,prior
recon,backswing,0.000,10.000,prior
recon,top,0.000,10.000,prior
recon,downswing,0.000,10.000,prior
recon,impact,0.000,10.000,prior
recon,through,0.000,10.000,prior
recon,finish,0.000,10.000,prior
wedge,address,0.190,8.751,tier
wedge,early_bs,0.190,8.751,tier
wedge,backswing,0.190,8.751,tier
wedge,top,0.190,8.751,tier
wedge,downswing,0.190,8.751,tier
wedge,impact,0.190,8.751,half
wedge,through,0.190,8.751,half
wedge,finish,0.190,8.751,half
seg,address,2.005,1.854,half
seg,early_bs,2.005,1.854,half
seg,backswing,2.361,1.406,cell
seg,top,2.005,1.854,half
seg,downswing,1.422,1.744,cell
seg,impact,-1.435,4.014,cell
seg,through,-0.080,3.107,half
seg,finish,-0.080,3.107,half
ball,address,0.000,4.000,prior
ball,early_bs,0.000,4.000,prior
ball,backswing,0.000,4.000,prior
ball,top,0.000,4.000,prior
ball,downswing,0.000,4.000,prior
ball,impact,0.000,4.000,prior
ball,through,0.000,4.000,prior
ball,finish,0.000,4.000,prior
