tier,group,sigma_deg,p_gross,source,n_cell,swings_cell,n_used,n_gross,slope_deg_per_deg_frame
pred,address,4.915,0.2024,half,27,16,41,8,0.000
pred,early_bs,4.915,0.2024,half,12,9,41,8,0.000
pred,backswing,4.915,0.2024,half,1,1,41,8,0.000
pred,top,7.618,0.2024,half,1,1,41,8,0.000
pred,downswing,6.881,0.2024,half,0,0,41,8,0.000
pred,impact,46.189,0.0296,half,8,7,151,4,0.000
pred,through,43.990,0.0296,half,12,10,151,4,0.000
pred,finish,48.295,0.0038,cell,131,22,131,0,0.000
ray,address,3.749,0.0506,half,10,10,88,4,0.400
ray,early_bs,3.749,0.0506,half,22,16,88,4,0.400
ray,backswing,2.994,0.0781,cell,31,21,31,2,0.400
ray,top,5.811,0.0506,half,5,5,88,4,0.400
ray,downswing,5.249,0.0506,half,20,16,88,4,0.400
ray,impact,6.141,0.0417,cell,35,23,35,1,0.400
ray,through,6.071,0.0738,half,24,17,60,4,0.400
ray,finish,6.071,0.0738,half,1,1,60,4,0.400
band,address,1.717,0.0018,half,1,1,272,0,0.000
band,early_bs,0.500,0.0052,cell,95,10,95,0,0.000
band,backswing,1.211,0.0093,cell,53,11,53,0,0.000
band,top,2.661,0.0018,half,25,11,272,0,0.000
band,downswing,2.824,0.0051,cell,98,15,98,0,0.000
band,impact,0.525,0.0033,half,1,1,149,0,0.000
band,through,0.500,0.0098,cell,50,10,50,0,0.000
band,finish,0.528,0.0051,cell,98,19,98,0,0.000
recon,address,10.000,0.2000,prior,0,0,0,0,0.000
recon,early_bs,10.000,0.2000,prior,0,0,0,0,0.000
recon,backswing,10.000,0.2000,prior,0,0,0,0,0.000
recon,top,15.500,0.2000,prior,0,0,0,0,0.000
recon,downswing,14.000,0.2000,prior,0,0,0,0,0.000
recon,impact,10.500,0.2000,prior,1,1,1,0,0.000
recon,through,10.000,0.2000,prior,0,0,0,0,0.000
recon,finish,10.000,0.2000,prior,0,0,0,0,0.000
wedge,address,11.204,0.0143,tier,0,0,34,0,0.000
wedge,early_bs,11.204,0.0143,tier,0,0,34,0,0.000
wedge,backswing,11.204,0.0143,tier,0,0,34,0,0.000
wedge,top,17.367,0.0143,tier,0,0,34,0,0.000
wedge,downswing,15.686,0.0143,tier,0,0,34,0,0.000
wedge,impact,11.765,0.0143,half,22,19,34,0,0.000
wedge,through,11.204,0.0143,half,12,10,34,0,0.000
wedge,finish,11.204,0.0143,half,0,0,34,0,0.000
seg,address,3.002,0.0108,half,5,5,138,1,0.000
seg,early_bs,3.002,0.0108,half,17,12,138,1,0.000
seg,backswing,3.308,0.0069,cell,71,32,71,0,0.000
seg,top,4.653,0.0108,half,4,4,138,1,0.000
seg,downswing,5.886,0.0119,cell,41,29,41,0,0.000
seg,impact,4.752,0.0694,cell,35,26,35,2,0.000
seg,through,4.366,0.0818,half,9,6,54,4,0.000
seg,finish,4.366,0.0818,half,10,6,54,4,0.000
ball,address,4.000,0.0500,prior,8,8,8,0,0.000
ball,early_bs,4.000,0.0500,prior,0,0,0,0,0.000
ball,backswing,4.000,0.0500,prior,0,0,0,0,0.000
ball,top,6.200,0.0500,prior,0,0,0,0,0.000
ball,downswing,5.600,0.0500,prior,0,0,0,0,0.000
ball,impact,4.200,0.0500,prior,0,0,0,0,0.000
ball,through,4.000,0.0500,prior,0,0,0,0,0.000
ball,finish,4.000,0.0500,prior,0,0,0,0,0.000
