swing,pelvis_produced,pelvis_placed,pelvis_beforeImpactMs,pelvis_tSigmaMs,pelvis_peakDps,pelvis_routeId,pelvis_noEarlierThanMs,pelvis_noLaterThanMs,thorax_produced,thorax_placed,thorax_beforeImpactMs,thorax_tSigmaMs,thorax_peakDps,thorax_routeId,thorax_noEarlierThanMs,thorax_noLaterThanMs,leadArm_produced,leadArm_placed,leadArm_beforeImpactMs,leadArm_tSigmaMs,leadArm_peakDps,leadArm_routeId,leadArm_noEarlierThanMs,leadArm_noLaterThanMs,club_produced,club_placed,club_beforeImpactMs,club_tSigmaMs,club_peakDps,club_routeId,club_noEarlierThanMs,club_noLaterThanMs,order,orderResolved,verdict,routeSummary,clubheadPeakLead
2026-06-11_Mark-Liversedge_Wrist_01__swing_0001,1,0,127.237,53.5921135662904,141.68800924101228,faceOn,,,1,0,100.124,17.933474717456438,1152.4169863010884,faceOn,87.09400000000001,,1,1,53.557,17.54007779529819,877.2083667929497,faceOn,,,1,1,1.541,14.356514801495335,2172.402398239204,faceOnClub,,,leadArm → club,True,partial,estimated,1.541
2026-06-11_Mark-Liversedge_Wrist_01__swing_0002,1,0,93.915,43.72491438681606,207.35171315520338,faceOn,87.208,,1,0,127.453,10.115170974066524,1087.3264912577456,faceOn,,26.891000000000002,1,1,60.304,15.684060068648444,778.9309045102519,faceOn,,,1,1,3.042,7.334963419938505,1832.8941702537202,faceOnClub,,,leadArm → club,True,partial,estimated,3.042
2026-06-11_Mark-Liversedge_Wrist_01__swing_0003,1,0,160.705,30.531743435312166,344.0325310069196,faceOn,66.92,,1,0,100.436,25.346983532889773,1270.8059815932786,faceOn,86.933,,1,1,153.973,11.109335096863102,1000.584247659623,faceOn,,,1,0,10.748,5.758513219766142,1290.992575539696,faceOnClub,,,leadArm,False,unresolved,estimated,19.082
2026-06-11_Mark-Liversedge_Wrist_01__swing_0004,1,0,187.757,55.69526755888336,236.0881433415024,faceOn,114.155,,1,0,120.817,12.56675562199067,1170.4378451943726,faceOn,,40.283,1,1,160.961,22.266732667184737,709.687302621323,faceOn,,,1,1,35.033,14.89651698210376,1603.9712432638314,faceOnClub,,,leadArm → club,True,partial,estimated,55.866
2026-06-11_Mark-Liversedge_Wrist_01__swing_0005,1,0,127.266,32.53122266810207,343.244662695005,faceOn,113.733,,1,0,207.504,8.396576549623367,1378.127616578222,faceOn,267.725,,1,1,207.504,6.541134267315552,4211.050000042589,faceOn,,,1,1,51.956,11.071759072304658,1622.1531590534946,faceOnClub,,,leadArm → club,True,partial,estimated,168.623
2026-06-11_Mark-Liversedge_Wrist_01__swing_0006,1,0,167.506,45.29770957941127,294.02648592475373,faceOn,67.105,,1,0,100.465,16.720280253336725,1053.8772616537142,faceOn,,6.828,1,1,154.035,17.1859166728643,785.149336136989,faceOn,,,1,1,52.961,10.502221038804054,1744.7482144993455,faceOnClub,,,leadArm → club,True,partial,estimated,148.795
2026-06-11_Mark-Liversedge_Wrist_01__swing_0007,1,0,160.986,38.09401876913622,242.06680874565677,faceOn,,,1,0,93.977,16.684387344217555,995.9917267152616,faceOn,,,1,1,375.226,19.62746661904392,1101.8594199178897,faceOn,,,1,1,7.078,9.04009495916571,1910.7909307228301,faceOnClub,,,leadArm → club,True,partial,estimated,148.745
2026-06-11_Mark-Liversedge_Wrist_01__swing_0008,1,0,160.944,36.55645870480155,286.535799500058,faceOn,60.651,,1,0,80.494,37.83348655577264,979.8635907806605,faceOn,67.324,,1,1,160.944,17.404562506294265,640.029825581394,faceOn,,,1,1,45.294,11.931447193643676,1556.945598582381,faceOnClub,,,leadArm → club,True,partial,estimated,157.794
2026-06-11_Mark-Liversedge_Wrist_01__swing_0009,1,0,267.959,22.73415566075774,315.50905685267236,faceOn,46.887,,1,0,107.162,19.696354411217257,1398.107125513624,faceOn,93.679,,1,1,160.825,21.78487737313734,566.3153095082869,faceOn,,,1,0,80.86,5.997900062124235,1776.2861838191782,faceOnClub,,,leadArm,False,unresolved,estimated,155.86
2026-07-03_Mark-Liversedge_Wrist_01__swing_0002,1,0,147.313,62.46384224531586,274.9719266646504,faceOn,127.343,,1,0,40.038,127.35156533644124,357.12209997266973,faceOn,33.462,,1,1,93.685,19.257060512151295,607.9402438227643,faceOn,,,1,1,75.652,9.882810518268363,1762.80108723944,faceOnClub,,,leadArm → club,False,unresolved,estimated,21.486
2026-07-03_Mark-Liversedge_Wrist_01__swing_0003,1,0,6.621,274.42,547.6408806494629,faceOn,53.575,,1,0,180.776,12.71488784953926,894.8311803963543,faceOn,46.764,,1,1,100.224,19.2099886220669,651.7416985661633,faceOn,,,1,1,70.771,12.24242076847769,1715.838821037314,faceOnClub,,,leadArm → club,True,partial,estimated,37.438
2026-07-03_Mark-Liversedge_Wrist_01__swing_0004,1,0,73.799,39.062303591948314,238.01135658590763,faceOn,67.01,,1,0,200.98,15.097119153104222,1351.0797104762225,faceOn,,134.095,1,1,26.98,12.512769099443776,856.1878821952462,faceOn,,,1,1,5.848,7.362903997023961,1950.0445871014851,faceOnClub,,,leadArm → club,True,partial,estimated,76.681
2026-07-03_Mark-Liversedge_Wrist_01__swing_0005,1,0,113.946,41.191938409194286,290.52366017492614,faceOn,93.848,,1,0,160.814,90.22409470524993,936.0442381100723,faceOn,194.262,,1,1,80.441,12.92261820972651,857.9895563814232,faceOn,,,1,1,5.737,8.575025629620324,2010.8429964317784,faceOnClub,,,leadArm → club,True,partial,estimated,1.57
2026-07-03_Mark-Liversedge_Wrist_01__swing_0006,1,0,66.966,33.67607265182988,240.2535269223378,faceOn,53.835,,1,0,167.607,13.437294224732037,934.1970157225402,faceOn,,93.883,1,1,80.344,25.815099338833697,705.211026733432,faceOn,,,1,1,5.878,8.963573880852898,1773.973501075493,faceOnClub,,,leadArm → club,True,partial,estimated,35.045
2026-07-03_Mark-Liversedge_Wrist_01__swing_0007,1,0,120.572,37.66166959919095,261.1701470659556,faceOn,,,1,0,160.783,11.641269490274341,831.2813897994545,faceOn,40.079,,1,1,26.804,17.277497843317935,652.9472846130122,faceOn,,,1,1,68.353,13.96310360146724,1711.3394601951654,faceOnClub,,,club → leadArm,True,other,estimated,76.686
2026-07-03_Mark-Liversedge_Wrist_01__swing_0008,1,0,0,294.71500000000003,377.0590288316219,faceOn,53.568,,1,0,53.568,33.6391078150252,328.6308853377893,faceOn,46.882,,1,1,40.133,11.033366733055345,1645.3551141183768,faceOn,,,1,0,1.553,86.13110661522123,1844.6002647728296,faceOnClub,,,leadArm,False,unresolved,estimated,64.053
2026-07-03_Mark-Liversedge_Wrist_01__swing_0009,1,0,60.347,56.4162414072506,310.23528281662016,faceOn,53.647,,1,0,53.647,70.32008369280639,373.8020029354448,faceOn,46.891,,1,1,93.753,19.704717808081575,734.1455255974458,faceOn,,,1,1,63.734,8.570865729754283,1969.7409628029143,faceOnClub,,,leadArm → club,True,partial,estimated,42.901
2026-07-03_Mark-Liversedge_Wrist_01__swing_0010,1,0,0,267.993,344.3991414796704,faceOn,60.225,,1,0,53.48,32.15651901490283,470.74288259211863,faceOn,46.656,,1,1,33.463,26.3578851975116,770.5397276563498,faceOn,,,1,1,0.059,10.13144486465778,1771.057130533547,faceOnClub,,,leadArm → club,True,partial,estimated,0.059
2026-07-03_Mark-Liversedge_Wrist_01__swing_0011,1,0,67.02,79.4825252215899,195.35427168195096,faceOn,60.256,,1,0,53.627,33.94356855639193,400.07677408279477,faceOn,46.929,,1,1,26.817,15.006471937939692,1050.9272234727075,faceOn,,,1,1,3.282,26.594500347408555,1789.6038647952737,faceOnClub,,,leadArm → club,False,unresolved,estimated,57.449
2026-07-04_Mark-Liversedge_Wrist_01__swing_0001,1,0,134.297,79.08610606411266,373.5450591986346,faceOn,127.775,,1,0,208.181,14.929894448942392,668.8570609585977,faceOn,47.389,,1,0,53.833,71.45950019119047,610.7890779079853,faceOn,,,1,1,67.894,11.063586290841318,1768.4619765337932,faceOnClub,,,club,False,unresolved,estimated,163.728
2026-07-04_Mark-Liversedge_Wrist_01__swing_0002,1,0,180.847,31.14860919217071,247.45063041131652,faceOn,,53.581,1,0,207.604,26.153243951556455,857.7351726574378,faceOn,254.422,,1,1,113.907,23.766716227585533,673.6612153550539,faceOn,,,1,1,68.802,10.965867002157854,1830.2006910887155,faceOnClub,,,leadArm → club,True,partial,estimated,156.302
2026-07-04_Mark-Liversedge_Wrist_01__swing_0003,1,0,127.218,41.05351216191901,192.43012241714018,faceOn,,,1,0,207.634,9.52669064827217,673.3059006939271,faceOn,46.874,,1,1,60.122,34.1104896157094,717.6161268006349,faceOn,,,1,1,24.914,10.93568890402896,1869.3521280827238,faceOnClub,,,leadArm → club,False,unresolved,estimated,170.747
2026-07-04_Mark-Liversedge_Wrist_01__swing_0004,1,0,247.868,24.808537936622553,282.03029049553254,faceOn,,66.997,1,0,127.117,44.88772709792063,411.26574217862833,faceOn,40.188,,1,1,120.57,16.30274941117842,671.6300803842206,faceOn,,,1,1,71.188,8.750114269971244,1888.8398658989868,faceOnClub,,,leadArm → club,True,partial,estimated,158.688
2026-07-04_Mark-Liversedge_Wrist_01__swing_0005,1,0,241.117,24.05870427646226,358.5513580563528,faceOn,,,1,0,261.213,9.525922298735884,600.0303681673954,faceOn,40.081,,1,1,100.392,22.407813076384542,647.1754771307005,faceOn,,,1,1,72.459,9.55092599415023,1803.6370416922957,faceOnClub,,,leadArm → club,True,partial,estimated,164.126
2026-07-04_Mark-Liversedge_Wrist_01__swing_0006,1,0,174.212,28.13365129811203,317.8043280161581,faceOn,,80.346,1,0,247.816,11.993722192011777,374.7289782303684,faceOn,46.905,,1,1,113.836,22.126195495929053,671.2294866841183,faceOn,,,1,1,66.046,10.173412832080471,1938.537477005425,faceOnClub,,,leadArm → club,True,partial,estimated,166.046
2026-07-04_Mark-Liversedge_Wrist_01__swing_0007,1,0,107.156,56.93880310307063,185.16950883639416,faceOn,87.148,,1,0,207.635,15.550222907733986,467.75688034632276,faceOn,,,1,1,100.47,17.55237561197693,679.1821519576895,faceOn,,,1,1,70.703,9.279988188747692,1719.3790764102316,faceOnClub,,,leadArm → club,True,partial,estimated,149.87
2026-07-04_Mark-Liversedge_Wrist_01__swing_0008,1,0,167.481,38.29621552051906,213.20433473908642,faceOn,19.973,,1,0,140.737,27.548158232845335,505.4081039525565,faceOn,,,1,1,40.279,14.835349532810216,767.9013932125484,faceOn,,,1,1,28.32,22.94296156958924,1778.2332685628267,faceOnClub,,,leadArm → club,False,unresolved,estimated,157.487
2026-07-04_Mark-Liversedge_Wrist_01__swing_0009,1,0,160.677,26.58560237600845,316.6298442801526,faceOn,40.183,,1,0,207.563,21.289978223438027,408.8928383507301,faceOn,40.183,,1,1,80.367,21.203329504828325,690.9889172775352,faceOn,,,1,1,47.406,15.501423020592103,1795.5066975616671,faceOnClub,,,leadArm → club,True,partial,estimated,176.572
2026-07-04_Mark-Liversedge_Wrist_01__swing_0010,1,0,113.756,37.5487824191499,236.52395958722656,faceOn,20.05,,1,0,133.825,18.439484545577535,558.3387103117465,faceOn,46.834,,1,1,100.421,19.483631571643965,675.5978944852088,faceOn,,,1,1,57.433,14.124574467666267,1646.6934094206254,faceOnClub,,,leadArm → club,True,partial,estimated,149.1
2026-07-04_Mark-Liversedge_Wrist_01__swing_0011,1,0,127.134,67.46919102241871,202.9651929525695,faceOn,113.854,,1,0,147.259,28.873222952840482,402.8712167236346,faceOn,40.193,,1,1,93.721,25.143713485791814,663.7178385062027,faceOn,,,1,1,65.938,9.85105007325086,1854.8130286952962,faceOnClub,,,leadArm → club,True,partial,estimated,182.605
2026-07-04_Mark-Liversedge_Wrist_01__swing_0012,1,0,93.573,51.58377603223182,207.0444290626538,faceOn,86.846,,1,0,100.453,42.519262428279085,426.74410951746296,faceOn,,,1,1,86.846,17.092121450073815,696.5253741495503,faceOn,,,1,1,34.459,27.180155275219303,1838.5425113882911,faceOnClub,,,leadArm → club,True,partial,estimated,142.793
2026-07-04_Mark-Liversedge_Wrist_01__swing_0013,1,0,194.276,49.06384279586934,204.82861310386338,faceOn,80.46000000000001,,1,0,200.931,10.203456981525477,769.329510562723,faceOn,40.195,,1,0,60.244,43.20548108925312,774.2791979175554,faceOn,,,1,1,23.034,13.906260093637314,1710.5476472259036,faceOnClub,,,club,False,unresolved,estimated,156.368
2026-07-04_Mark-Liversedge_Wrist_01__swing_0014,1,0,93.849,34.41787890699207,266.7611668820523,faceOn,87.084,,1,0,207.545,10.434896525254715,983.1151372010797,faceOn,33.354,,1,1,87.084,16.191469376336975,743.0143165241094,faceOn,,,1,0,37.903,42.24532370180657,1808.033910450109,faceOnClub,,,leadArm,False,unresolved,estimated,150.403
2026-07-04_Mark-Liversedge_Wrist_01__swing_0015,1,0,107.266,30.246571804849108,325.8600174107607,faceOn,93.83800000000001,,1,0,140.443,17.542581130449264,622.054248338051,faceOn,,,1,1,100.434,20.782715619330133,695.526762081248,faceOn,,,1,1,53.08,11.883807712714326,1964.560785823166,faceOnClub,,,leadArm → club,True,partial,estimated,148.913
2026-07-05_Mark-Liversedge_Wrist_02__swing_0001,1,0,140.54,79.27781254835847,161.15698798799642,faceOn,133.849,,1,0,167.414,19.887899672452335,955.9588336825946,faceOn,,73.58500000000001,1,1,201.05,12.755810547863934,736.6607838067193,faceOn,,,1,1,61.529,9.78290631664298,1887.1290199118957,faceOnClub,,,leadArm → club,True,partial,estimated,182.362
2026-07-05_Mark-Liversedge_Wrist_02__swing_0002,1,0,160.811,102.90205447414148,124.27363322655287,faceOn,,,1,0,160.811,11.386353324740313,1244.689830913387,faceOn,140.673,,1,1,194.049,13.549576241413893,709.4234902238416,faceOn,,,1,1,63.146,8.484178130323826,1921.8428626693183,faceOnClub,,,leadArm → club,True,partial,estimated,183.98
2026-07-05_Mark-Liversedge_Wrist_02__swing_0003,1,0,160.672,95.83626874083211,209.45467219126886,faceOn,,,1,0,133.988,25.084891287083334,1462.4430153841058,faceOn,127.295,,1,1,174.289,13.357981663832037,803.301533818046,faceOn,,,1,1,63.517,10.932155239669637,1898.1933755674497,faceOnClub,,,leadArm → club,True,partial,estimated,1.017
2026-07-05_Mark-Liversedge_Wrist_02__swing_0004,1,0,147.285,43.3475446057212,213.55782525493717,faceOn,,,1,0,160.644,19.287362962935664,998.9150444020961,faceOn,,66.952,1,1,66.952,22.015315079543125,769.9813742932448,faceOn,,,1,1,66.708,8.406692208905103,2045.590612724923,faceOnClub,,,leadArm → club,False,unresolved,estimated,0.042
2026-07-05_Mark-Liversedge_Wrist_02__swing_0005,1,0,140.474,54.232873560054976,179.00601545262847,faceOn,,,1,0,180.668,11.783018002780759,644.2849321330298,faceOn,46.83,,1,1,80.363,16.753853262382165,742.9525146458233,faceOn,,,1,1,70.638,8.16477767392741,2067.437712508767,faceOnClub,,,leadArm → club,False,unresolved,estimated,3.972
2026-07-05_Mark-Liversedge_Wrist_02__swing_0006,1,0,154.022,56.94501492423545,187.78196363036068,faceOn,140.519,,1,0,160.659,14.115517556696384,1067.4328945311884,faceOn,,107.138,1,1,46.723,16.995841007514205,809.106751377872,faceOn,,,1,1,68.165,9.40347498418388,1770.6545268700427,faceOnClub,,,club → leadArm,True,other,estimated,197.332
2026-07-05_Mark-Liversedge_Wrist_02__swing_0007,1,0,227.869,32.08282328508315,214.5442081614363,faceOn,,,1,0,154.072,15.172563383416986,1174.0192135556292,faceOn,,80.257,1,1,93.709,12.441467502890506,779.5436468574978,faceOn,,,1,1,70.653,6.70729036257656,1965.7519449686883,faceOnClub,,,leadArm → club,True,partial,estimated,83.153
2026-07-05_Mark-Liversedge_Wrist_02__swing_0008,1,0,160.8,43.721211387415124,216.71497907508956,faceOn,,,1,0,160.8,14.062384203154695,894.44221286498,faceOn,33.304,,1,1,200.984,13.14833041394666,756.4054502378397,faceOn,,,1,1,62.517,7.834727281772605,1981.2371448310307,faceOnClub,,,leadArm → club,True,partial,estimated,62.517
2026-07-05_Mark-Liversedge_Wrist_02__swing_0009,1,0,147.318,50.2316876099669,256.6936968003011,faceOn,140.656,,1,0,194.14,13.519500628537283,630.6165410155038,faceOn,46.67,,1,1,66.798,21.090346123188446,757.2759742162009,faceOn,,,1,1,63.313,8.13658666803939,2150.5966889370907,faceOnClub,,,leadArm → club,False,unresolved,estimated,59.146
2026-07-05_Mark-Liversedge_Wrist_02__swing_0010,1,0,134.134,46.70110989889766,313.68531776847135,faceOn,127.35900000000001,,1,0,281.424,10.51950460767748,1491.0786002183365,faceOn,321.523,,1,1,200.982,11.435267445966755,1008.3661119451847,faceOn,,,1,1,63.966,5.8394898386050444,2258.734110131265,faceOnClub,,,leadArm → club,True,partial,estimated,143.133
2026-07-08_Mark-Liversedge_Wrist_01__swing_0001,1,0,134.053,30.9309179553481,296.00609317963733,faceOn,,100.55,1,0,147.384,12.066427722154952,641.0108879061726,faceOn,,,1,1,93.553,30.836443330800073,610.8729569460351,faceOn,,,1,1,67.788,11.397690577601015,1787.6735766796903,faceOnClub,,,leadArm → club,False,unresolved,estimated,163.621
2026-07-08_Mark-Liversedge_Wrist_01__swing_0002,1,0,120.667,35.22388828578825,287.21833924044836,faceOn,107.367,,1,1,134.171,32.264550045979405,424.2770948293154,faceOn,,,1,1,94.014,23.94282028552466,629.8061952380502,faceOn,,,1,1,68.762,9.08883585029709,1899.4918331307895,faceOnClub,,,thorax → leadArm → club,False,unresolved,estimated,143.762
2026-07-08_Mark-Liversedge_Wrist_01__swing_0003,1,0,127.148,40.27358499031106,299.7914212647699,faceOn,,66.992,1,0,167.372,18.216955678910423,544.7792100701577,faceOn,46.899,,1,1,93.729,17.291250252629652,618.8056056681887,faceOn,,,1,1,70.075,7.286582312051794,1921.5006390562476,faceOnClub,,,leadArm → club,True,partial,estimated,145.075
2026-07-08_Mark-Liversedge_Wrist_01__swing_0004,1,0,114.089,26.00226995942445,376.4416175888111,faceOn,100.651,,1,0,127.354,16.203354386344227,995.8214836554464,faceOn,40.322,,1,1,107.334,19.884130761984604,656.7025248919617,faceOn,,,1,1,59.686,9.924929023532936,1952.607460253001,faceOnClub,,,leadArm → club,True,partial,estimated,143.019
2026-07-08_Mark-Liversedge_Wrist_01__swing_0005,1,0,127.057,44.21706510278177,398.1459773993597,faceOn,113.73700000000001,,1,0,133.963,11.656024441860398,166.41005958090963,faceOn,,,1,1,147.067,28.554611167572517,650.1858173857966,faceOn,,,1,1,70.11,7.653169462914277,1982.073838409303,faceOnClub,,,leadArm → club,True,partial,estimated,136.776
2026-07-08_Mark-Liversedge_Wrist_01__swing_0006,1,0,33.563,66.18256705316546,336.8589338746913,faceOn,26.92,,1,0,113.945,28.919636790384338,1103.355170313582,faceOn,107.304,,1,1,20.156,38.440130317947634,989.9847757882064,faceOn,,,1,1,62.886,9.745268851037075,1924.862840345675,faceOnClub,,,club → leadArm,True,other,estimated,162.886
2026-07-08_Mark-Liversedge_Wrist_01__swing_0007,1,0,113.947,38.87950976985903,318.1680965225676,faceOn,107.279,,1,0,120.675,21.929947660332495,1201.065858603242,faceOn,113.947,,1,1,46.952,21.62125384040067,652.5706336414934,faceOn,,,1,1,60.821,9.431414269937996,1917.8136606312319,faceOnClub,,,club → leadArm,False,unresolved,estimated,156.655
2026-07-08_Mark-Liversedge_Wrist_01__swing_0008,1,0,120.523,46.60763198095586,256.8329013571636,faceOn,113.88,,1,0,220.717,13.432622130102002,798.336288741452,faceOn,40.182,,1,1,67.004,34.87925721506033,629.9087832797416,faceOn,,,1,1,66.637,8.265610632263925,2043.599812054157,faceOnClub,,,leadArm → club,False,unresolved,estimated,41.637
2026-07-08_Mark-Liversedge_Wrist_01__swing_0009,1,0,113.916,64.35167693155093,214.74453297541763,faceOn,107.351,,1,0,174.142,15.650893553672232,627.5727741172087,faceOn,40.374,,1,1,187.631,16.533838591578938,541.1084027995297,faceOn,,,1,1,62.6,7.813412992755137,2009.7542248081809,faceOnClub,,,leadArm → club,True,partial,estimated,158.433
2026-07-08_Mark-Liversedge_Wrist_01__swing_0010,1,0,120.53,29.881578276086465,281.5446894189801,faceOn,46.844,,1,0,167.178,11.191284224213835,516.2689955204277,faceOn,,,1,1,100.343,29.778475770464645,640.5055168776418,faceOn,,,1,1,59.046,10.341459367210467,1910.0263170347198,faceOnClub,,,leadArm → club,True,partial,estimated,129.879
2026-07-08_Mark-Liversedge_Wrist_01__swing_0011,1,0,127.176,103.38427545854394,291.7489447701768,faceOn,120.605,,1,1,100.557,22.630231840472124,589.9531277144393,faceOn,,,1,1,87.045,38.86037604824778,598.8679862051829,faceOn,,,1,1,65.453,8.478740330871068,1968.9031340442084,faceOnClub,,,thorax → leadArm → club,False,unresolved,estimated,190.453
2026-07-09_Mark-Liversedge_Wrist_01__swing_0001,1,0,114.033,43.12148854134339,153.374369478148,faceOn,40.187,,1,0,167.512,13.098006038808679,567.2499245796724,faceOn,45.599000000000004,,1,1,120.699,17.683670945072663,603.896736470551,faceOn,,,1,1,67.615,10.178771145323905,1789.4893688894317,faceOnClub,,,leadArm → club,True,partial,estimated,175.948
2026-07-09_Mark-Liversedge_Wrist_01__swing_0002,1,0,170.458,30.204268886937164,313.79896272113626,faceOn,103.516,,1,0,177.309,26.90621036240463,427.97676983104566,faceOn,55.099000000000004,,1,1,123.708,19.30988843454436,629.2150721342307,faceOn,,,1,1,58.652,9.042552281857214,1768.7752866329995,faceOnClub,,,leadArm → club,True,partial,estimated,29.485
2026-07-09_Mark-Liversedge_Wrist_01__swing_0003,1,0,108.095,41.68193657194585,293.50234791523184,faceOn,101.33800000000001,,1,0,174.303,14.134405949917445,494.09251983814266,faceOn,46.463,,1,1,81.327,22.596825380476666,663.5527367204461,faceOn,,,1,1,58.415,13.164671975788796,1777.286634192815,faceOnClub,,,leadArm → club,False,unresolved,estimated,50.082
2026-07-09_Mark-Liversedge_Wrist_01__swing_0004,1,0,26.741,57.73108190129523,287.02147841141476,faceOn,17.965,,1,0,126.958,40.605248142042754,1148.9857980318047,faceOn,118.033,,1,1,46.837,13.217762305153306,778.749884378463,faceOn,,,1,1,3.745,5.824257488579429,2011.1179956712804,faceOnClub,,,leadArm → club,True,partial,estimated,3.745
2026-07-09_Mark-Liversedge_Wrist_01__swing_0005,1,0,24.3,65.79210482898232,334.68775405068527,faceOn,19.714,,1,0,147.171,12.273171343724334,709.9712229597119,faceOn,40.219,,1,1,66.09,22.316683023878014,639.8202814105474,faceOn,,,1,1,59.891,11.596822174460062,1857.4655589550437,faceOnClub,,,leadArm → club,False,unresolved,estimated,168.224
2026-07-09_Mark-Liversedge_Wrist_01__swing_0006,1,0,27.279,78.66556982608587,214.42030002471037,faceOn,17.427,,1,0,161.334,16.91603765626806,773.1306853765813,faceOn,39.97,,1,1,140.399,19.190207769118928,607.3637587716082,faceOn,,,1,1,63.431,8.85074077932168,1967.0942204875728,faceOnClub,,,leadArm → club,True,partial,estimated,163.431
