swing,downswing_ms,elbows_addr_bias_deg,elbows_fit_before_impact_ms,elbows_fit_imp_deg,elbows_fit_peak_dps,elbows_fit_rms_px,elbows_fit_sigma_t_ms,elbows_fit_top_deg,elbows_fit_w0_over_addr,elbows_imp_deg_ref_max,elbows_maxdown_over_addr,elbows_pw_before_impact_ms,elbows_pw_peak_dps,elbows_sig_w,elbows_square_before_impact_ms,elbows_top_deg_ref_max,elbows_w_addr,pelvis_addr_bias_deg,pelvis_fit_before_impact_ms,pelvis_fit_imp_deg,pelvis_fit_peak_dps,pelvis_fit_rms_px,pelvis_fit_sigma_t_ms,pelvis_fit_top_deg,pelvis_fit_w0_over_addr,pelvis_imp_deg_ref_max,pelvis_maxdown_over_addr,pelvis_pw_before_impact_ms,pelvis_pw_peak_dps,pelvis_sig_w,pelvis_square_before_impact_ms,pelvis_top_deg_ref_max,pelvis_w_addr,thorax_addr_bias_deg,thorax_fit_before_impact_ms,thorax_fit_imp_deg,thorax_fit_peak_dps,thorax_fit_rms_px,thorax_fit_sigma_t_ms,thorax_fit_top_deg,thorax_fit_w0_over_addr,thorax_imp_deg_ref_max,thorax_maxdown_over_addr,thorax_pw_before_impact_ms,thorax_pw_peak_dps,thorax_sig_w,thorax_square_before_impact_ms,thorax_top_deg_ref_max,thorax_w_addr
2026-06-11_Mark-Liversedge_Wrist_01__swing_0001,280.7010000000001,54.454910922727755,172.701,-62.27101938844316,1999.9999999999998,26.550321228916363,42.074008867972466,30.179508763477273,1.7536126484435866,49.204092984918724,1.7201535619879238,168.701,3072.1148271393467,4.255603480050116,188.70100000000002,28.43424290685177,109.06964926906309,21.96114353701871,-7.2990000000001665,2.160512458364592,692.1689570682402,1.472430436243775,8.844332774281074,45.85276881689781,1.0766355086947763,0.536180612794339,1.0782395532680389,4.700999999999844,1066.4088084873742,2.584647606439566,0.7009999999998406,46.0158107207284,81.6544514690183,16.657468153924285,-7.2990000000001665,11.53210977599764,588.5615852483344,6.232006038028729,12.220201853215583,42.91623068771819,1.0440283636069085,11.458611379734263,1.043802607985745,-3.299000000000163,579.5100458608231,1.5,-19.299000000000177,45.19273068998702,134.49217071132816
2026-06-11_Mark-Liversedge_Wrist_01__swing_0002,301.5880000000002,58.32288427047623,285.5880000000002,-62.64720634547941,1999.9999999999998,19.84105665214569,27.896634603876926,18.951077356040585,1.8947624549326432,51.49731146686081,1.9042838743041637,161.58800000000008,2582.9507389092646,3.3463336336860365,189.58800000000008,25.798867259614582,113.67777924139445,23.857676474445714,13.587999999999933,-7.516019811446794,721.7480190257742,0.731288830595278,11.313708498984768,44.067857264480786,1.0921317284949823,8.434260765362051,1.0934303690937923,1.5879999999999228,763.0749366978478,2.3409030531110115,13.587999999999933,43.80750873399044,83.21524983073867,19.604065200769135,-2.4120000000000807,9.753633790686559,660.1538252831934,8.223268959957867,13.316656236958796,43.052619089999546,1.0611141427238202,10.023974247135698,1.0615332056028062,-6.412000000000084,710.0627748064381,2.2318922073653806,-14.412000000000091,43.779980326771586,135.84684628047142
2026-06-11_Mark-Liversedge_Wrist_01__swing_0003,267.8959999999999,56.37417534727877,155.89599999999982,-61.47443711978589,1999.9999999999998,19.704292790904447,29.567249148715607,23.081652309378512,1.8227523066437232,50.70413900633337,1.8058139246024327,155.89599999999982,2379.037757892009,4.737211362986822,183.89599999999984,21.35554632621326,110.41359127074352,17.613991111837176,43.89599999999972,-7.807660164620901,693.3106240317755,1.664798736069319,10.583005244258372,52.50952910796934,1.0492419038425491,8.550741421153143,1.0491893506182384,43.89599999999972,837.7308141625838,2.8086903565363692,35.8959999999997,55.48035774171811,80.6241519114727,18.996994337204022,-4.10400000000033,10.600883683854244,548.5222537253146,6.5516055810895875,14.514360704718175,37.864249665561694,1.0573340369261026,10.518756729510523,1.0576015792024462,147.89599999999982,669.9135198678902,1.5,-24.104000000000347,35.24822119140384,131.18525642364716
2026-06-11_Mark-Liversedge_Wrist_01__swing_0004,368.7070000000001,55.803445459748104,288.70700000000005,-58.495017371406796,1999.9999999999998,17.559787849059603,13.7113092008021,58.24491823901952,1.782200459041888,47.0134168130419,1.7792529266066228,160.70699999999994,2433.3578044646183,1.854929331294211,212.707,59.85212405762756,101.14922667241103,15.45182332093492,-31.293000000000237,7.123095558449718,1009.6078414636456,2.841593948136475,31.88869531493709,37.1679119774672,1.0361152063522199,9.258744284664838,1.0375006501411472,-23.29300000000023,772.3755981007846,1.5,-15.293000000000223,35.65790667325755,79.81286065862386,17.078876066928455,368.7070000000001,12.803677582103633,808.4925354478898,6.4810066322774045,12.788884062167265,47.39552930250209,1.0459753119731992,12.719362593294104,1.046133047514502,372.7070000000001,927.4219730384011,1.5,-31.293000000000237,46.875541856866725,130.9110397535227
2026-06-11_Mark-Liversedge_Wrist_01__swing_0005,308.09299999999996,51.12580414004119,132.0929999999998,-310.50012388506633,1999.9999999999998,75.95291174257927,98.52241707685964,7.917962706353091,1.585373143342787,45.04792725177703,1.5933398425555647,272.0929999999999,2146.1997950766,2.263453103897154,288.09299999999996,9.401760997048967,112.96833696356609,13.241010984115947,-11.907000000000334,-2.9326403081426085,627.7447725944769,2.4658520864456195,23.05548862105413,49.31973425164276,1.0282408523433875,3.706662367899957,1.0273108480348836,328.09299999999996,694.8352206369509,2.289552581003818,16.09299999999969,48.97859142480961,81.157016723733,21.640784397670007,4.09299999999968,10.379090296919992,698.3979563686175,6.496306770891655,22.06052281036575,39.772277566706315,1.0759690316658537,10.250553971157307,1.0758307812394121,0.09299999999967667,694.5549306236304,3.0060670797348394,-15.907000000000338,35.07381351459004,131.43246195122407
2026-06-11_Mark-Liversedge_Wrist_01__swing_0006,287.9810000000003,56.91863215325159,159.98100000000017,-61.70875105115424,1999.9999999806055,19.76114015276099,8.326663997864538,34.270558992007246,1.8655803240235271,50.77952116763956,1.8320738936676202,147.98100000000014,2605.528552564658,2.6614962551118824,171.98100000000017,35.16060358270578,111.48262914042219,18.70024740610089,-16.019000000000005,0.005085903873248543,864.134454485227,0.9060680726373528,10.81151649348458,46.95365933301276,1.0575747196531997,3.1725225165512323,1.0557333309037733,-12.019000000000002,890.9859678550414,2.94174252747147,-4.018999999999995,50.538197763485925,81.2516921264207,20.53115217431886,-32.01900000000002,12.357799541204948,735.3537928064657,7.002997065972366,14.590712418826207,44.27527002200034,1.0678476059255375,12.294904032570734,1.0678265937308888,-32.01900000000002,730.2195174304201,2.6923486675763733,-24.019000000000013,44.8056323031025,133.95478245231564
2026-06-11_Mark-Liversedge_Wrist_01__swing_0007,375.22600000000006,58.10129116693094,151.22599999999986,-59.73365481408893,1999.9999999999948,17.638671024192465,14.590712418826207,62.057020603816724,1.9189331291519944,48.83373648832377,1.8924369032860484,139.22599999999986,2379.113023782678,4.6306275844035145,187.22599999999989,62.24885339847956,100.26347587633718,26.88266422288328,7.225999999999733,0.28514384225223566,759.4897978064406,5.78040820925901,42.81225162133956,48.60822360560442,1.121196574078599,1.538386858143359,1.12115871084863,11.225999999999736,846.9844207622909,1.6243475428024945,3.225999999999729,46.97508231621186,77.84051658156682,19.018249690719763,391.22600000000006,14.73030023670981,1191.3956460563159,6.669328502861359,10.192589900947112,39.91003106163556,1.0570084320114748,14.975182184172574,1.0577367413387173,395.22600000000006,984.8297564517126,1.5,-28.7740000000003,34.755463108011085,132.48015702395588
2026-06-11_Mark-Liversedge_Wrist_01__swing_0008,274.8219999999999,55.9249917665445,178.8219999999998,-63.57366486766282,1999.9999999999989,23.772683945276576,18.036999011291595,31.065400574320353,1.7782046157205573,52.95125983849115,1.7848290399828266,170.8219999999998,3230.3829568118254,4.16587908922966,182.82199999999983,27.875588565485373,117.73515523060551,22.89025519597447,-29.17800000000037,5.922398922787815,775.8955048884181,0.47604477303728154,9.140872800534733,46.5198698336132,1.087145324736523,4.586899957147494,1.0854798278770184,-37.17800000000038,686.077222373214,2.181878621157866,-9.178000000000353,47.27064554294386,81.489178980576,13.878661764943997,-45.17800000000038,13.501740077881854,578.9322943964804,9.180608937283825,13.991068579633236,46.862944047008554,1.0300253933337247,13.38816575694062,1.0300720463362716,150.82199999999978,790.4774529713727,3.2219239267435045,-29.17800000000037,43.739586712251715,139.36279873061665
2026-06-11_Mark-Liversedge_Wrist_01__swing_0009,274.7550000000003,41.77868510827026,194.75500000000022,-52.64115409467917,1999.9999999999998,21.838211988237216,11.193996406804667,68.18203900910001,1.334273970653893,34.58584059061744,1.3409788649787868,162.7550000000002,3450.680624100951,6.42322978342384,174.75500000000022,63.56071891820453,106.48887199885124,22.08621264035933,18.755000000000077,-13.445491779224733,1210.8880084675443,2.3456028145457934,5.9628479399994445,50.54119934681608,1.0785702684615193,13.819056643689786,1.079192043839363,6.7550000000000665,1366.438856203834,2.060303826349415,10.75500000000007,55.41768420389243,80.39901291640669,15.465822448603872,-29.244999999999965,8.584455025901354,641.2823799878659,0.7734163942317296,9.977753031397185,54.12481268533123,1.0373144689998315,8.673337447281881,1.0375707563098975,-29.244999999999965,669.6637152425404,2.255233724619775,-17.244999999999955,53.30882510135755,129.99386277347367
2026-07-03_Mark-Liversedge_Wrist_01__swing_0002,281.24599999999987,32.06226255435078,41.24599999999967,0.035343506947018814,1078.812635873516,7.383303437055491,20.39335403725659,71.95141004429458,1.1740806275854176,9.040926126667998,1.1799803503933195,33.24599999999967,1189.4155589370855,12.367391738253412,-10.754000000000374,68.29569447548279,97.66007876178969,22.275631070193633,25.245999999999658,-18.39182485043177,1086.987550872108,0.5968643137750507,0.0,37.60209998603441,1.0752443872991078,19.10169049994678,1.0806476254262374,21.245999999999654,1376.2509216665287,3.7182649931953318,25.245999999999658,37.888973451675405,76.98178365278646,17.488491986922764,-38.7540000000004,3.714125203773296,722.1744395718529,1.862472943375192,19.855030149113926,64.21469170143729,1.0473783760990127,4.781947671664346,1.04846274859186,181.2459999999998,837.5238338226302,3.3092579353136906,-10.754000000000374,63.2413867715253,129.3217635559207
2026-07-03_Mark-Liversedge_Wrist_01__swing_0003,287.9149999999999,35.8017371303529,47.91499999999971,-10.877014274866736,1119.8667621310685,9.141357896040907,14.951774328003884,70.67216351519852,1.2362729873725173,9.958562524842344,1.2329755612570013,43.91499999999971,1429.8037828850447,10.149663721981103,11.914999999999676,71.67642142437998,92.88099965803542,23.8909385976668,31.914999999999694,-21.63889708135939,886.6791438143899,0.8690494518302709,7.888106377466161,39.685596598334406,1.0882428006306177,21.169530727582657,1.093711357417706,43.91499999999971,1556.034139775151,9.690268080159557,39.9149999999997,40.35942694466178,77.08717188474976,18.563308596158677,-16.08500000000035,-1.6786466278447993,682.9141685827249,4.2406584699429635,16.43843734125062,58.21455900425846,1.055618082042285,1.78859904241413,1.0548829515913734,191.91499999999985,941.9191301180315,11.829525416589174,3.9149999999996687,58.300921961704155,129.25317024061536
2026-07-03_Mark-Liversedge_Wrist_01__swing_0004,274.7230000000003,34.77421902850734,50.72300000000007,5.773411171522357,1315.0652335936586,6.680270569772329,21.384703775258526,73.35295239616195,1.2128017489677312,8.835884402167338,1.2174248668980099,46.72300000000007,1681.1426863928846,9.640424402632679,-37.277,72.10654139246775,99.23277663875822,22.097254690772466,34.723000000000056,-16.4766651732456,1101.6446538646683,0.4953605259282828,7.542472332656513,39.24735896868785,1.0768527519005038,16.99967205107166,1.079276464937129,34.723000000000056,1339.1716812335787,2.0212193428158223,38.72300000000006,39.39624347429591,79.50637656230506,11.231788921014083,-29.276999999999997,3.42065359692651,623.1070889455265,5.923967835497011,15.648926125740683,55.13567503528055,1.019734619543776,2.7831433052674233,1.0195267522078266,190.72300000000018,773.9652078930944,3.827988038302294,-5.276999999999976,53.90608151017387,136.35574739999322
2026-07-03_Mark-Liversedge_Wrist_01__swing_0005,281.4190000000001,38.84775220803436,41.41899999999987,-3.8096852684257,898.2059682361589,10.228244758861045,19.11078811096556,70.9581042065224,1.2777504264566815,10.63105705703328,1.284001215897554,21.418999999999855,1057.4444980173264,17.364954530169406,13.418999999999848,72.9614511646617,93.76409105173406,21.682902688114545,41.41899999999987,-16.41528727323156,509.63449949134235,0.8057153429284638,58.965149782637674,39.70818339430702,1.070764208489553,15.373749655202655,1.0761449331553294,49.41899999999988,1244.4893950161545,18.67963127744317,45.418999999999876,41.03259901465355,80.26643221298039,19.46954654488296,185.419,-1.6960479915924127,731.4223566326733,4.247510097447195,11.925695879998889,62.74640322910408,1.0613593321654373,2.9562429850821395,1.0606492154548892,193.419,827.0460761987738,6.403131965936139,5.418999999999841,63.373788926924135,135.11548848862049
2026-07-03_Mark-Liversedge_Wrist_01__swing_0006,281.5440000000002,36.009690551369374,41.544000000000025,0.21582249599985992,1234.514223839441,9.074976421994231,19.95550606279437,77.97598608130494,1.2392280235321314,1.8627544126043383,1.2362199038738275,45.544000000000025,2177.683148074549,13.179846723737834,-10.45600000000002,78.00303649296248,98.09648527899594,22.405299681156222,41.544000000000025,-19.485585125949672,970.8220153702084,0.7770020043805839,9.521904571390476,43.97043195885355,1.0823995663566226,18.610152370872353,1.081653150670537,41.544000000000025,1211.7519425630062,3.3194424866036143,33.54400000000002,44.85346427598084,81.39509868031494,16.24081237642656,-22.45600000000003,-0.3182857135025233,831.6469742555963,2.9591599618511712,15.304320377665341,63.109217427233745,1.0421492127622258,1.599506229497012,1.0415639057295785,-26.456000000000035,826.9207962866928,5.51941229123983,1.5439999999999898,68.58546636045085,135.49390252143746
2026-07-03_Mark-Liversedge_Wrist_01__swing_0007,274.48499999999984,36.70620552473122,34.48499999999966,-1.017798538656485,1147.7755425558814,5.904619022716989,15.26069752301281,74.02700957693884,1.252566004234996,6.652791424261276,1.2473324040122853,34.48499999999966,1677.7584064410355,18.03652565548674,-9.515000000000384,73.08881389472614,95.68065302335621,20.87174449752772,34.48499999999966,-16.43106620113756,718.6961369591938,0.9432931946440802,10.583005244258372,40.58431359800412,1.0648769181626372,16.491256625580032,1.0702280584549115,22.484999999999644,1221.5908761993048,5.670641697034065,26.484999999999648,41.15110753270617,78.76970163166767,12.972594510206294,34.48499999999966,-1.627973768461126,517.7141889798868,3.4687490168945936,11.234866364235156,61.74082996551163,1.0275442144907845,2.643698170029381,1.02619090502212,262.48499999999984,830.6230911691043,7.210105281681946,6.48499999999963,63.506222750322344,131.20694732984342
2026-07-03_Mark-Liversedge_Wrist_01__swing_0008,281.342,35.88544103651273,41.34199999999977,2.0954867046835335,1031.630596964257,3.7358622132093813,13.840359661351142,78.32085993478904,1.2426942761821058,7.2313228511366665,1.2342774458962307,37.341999999999764,1756.0064789165306,18.484354869820002,-14.658000000000282,75.82284810156641,91.2037823966263,21.080800476303747,25.341999999999754,-22.790593643353485,1051.3080849769005,0.6716112387844452,8.000000000000007,43.58742286270445,1.0663675944171036,22.49778255836953,1.0717262255448277,37.341999999999764,1655.5182321014925,7.2354931659491495,33.34199999999976,43.601893475899566,75.6402550785315,13.812671320882874,41.34199999999977,-3.4357990067394137,628.2289710415845,2.7395211208011685,13.449494001221353,66.39291905759241,1.0309996845215212,1.5412935440336943,1.02977968061356,37.341999999999764,755.6857158769267,5.707713881114511,1.3419999999997323,63.610433477013444,121.15556182712012
2026-07-03_Mark-Liversedge_Wrist_01__swing_0009,261.28499999999997,35.25903517350819,53.284999999999805,11.328359208867175,1049.7078363777985,4.35901878025676,13.597385369580772,76.81035644079402,1.228242119163661,12.476489934835204,1.2246639487082058,-38.71500000000027,1226.0395994306325,15.093216789814898,-26.715000000000266,73.0308231185061,91.9551453891453,19.788055845594876,37.28499999999979,-19.579181928370733,753.3544737978744,0.39951328864866875,9.775252199076794,41.16690069016692,1.0638535526087232,19.010893100083194,1.0627541856512188,49.2849999999998,830.158736861026,6.887646334639127,29.284999999999783,40.904884709676686,73.79271446267737,12.522536857780972,-10.715000000000252,1.1421246569366943,761.5700996752777,2.1045231129452624,15.776212754932326,62.34981159150987,1.0250410946615116,2.1364924232131854,1.0243689204770605,-22.715000000000263,935.907972258166,6.592896546852131,-2.715000000000245,61.19639366724658,120.62027520953491
2026-07-03_Mark-Liversedge_Wrist_01__swing_0010,267.99300000000017,32.557714857412435,43.99299999999995,9.349425835955708,1162.5377695709603,5.6428804877433025,16.000000000000014,75.9595097644524,1.1818726315043218,10.517889260480404,1.1864510304330174,43.99299999999995,1671.5203164304003,13.177882967225107,-12.007000000000101,72.49991171904449,89.63857799266952,16.15455304180208,43.99299999999995,-20.13871198289657,773.5108473924846,0.3333075391419535,16.653327995729075,39.68331362384412,1.0359029608898924,19.93309403046492,1.0411085034069267,43.99299999999995,1559.0667065398184,6.397059973134724,39.992999999999945,40.2967820909169,74.75024120818773,13.388377706518483,43.99299999999995,-2.9380942531196426,926.8558281155991,1.5913643791694834,18.42703328144702,66.70954312802324,1.0275574651183106,1.8874350627278975,1.0279363625948383,43.99299999999995,1120.1761162911753,3.929613882794102,3.9929999999999133,68.74167746146826,116.42457195979843
2026-07-03_Mark-Liversedge_Wrist_01__swing_0011,281.31800000000015,33.73043765109284,41.31799999999997,-5.296358052384222,1293.275313726747,5.915843990504714,14.787382008545903,75.7380129905431,1.205426419245942,9.406755019379014,1.2024155315013811,33.317999999999955,2475.5817656189733,18.54055253734682,25.31799999999995,72.60197856665644,88.04247420685928,20.584944925590396,25.31799999999995,-17.133137723504742,702.4338591033206,0.884790652119294,19.310331143947003,41.14705964358778,1.0628616393142116,18.385650420814702,1.0682026525770967,37.31799999999996,1164.5626323995662,9.249078033427638,33.317999999999955,41.50411668225282,72.26897341101967,11.835526610006523,-38.6820000000001,1.6326402921444962,1034.254540316671,1.9164359939528106,13.046923860520629,67.30287575804662,1.0258143102920942,1.3067431870943087,1.0217213864249945,-34.6820000000001,1322.022726417382,6.770130032118516,-2.682000000000073,69.01512946620231,117.23355591516679
2026-07-04_Mark-Liversedge_Wrist_01__swing_0001,281.4519999999998,37.516300869892625,25.451999999999586,-12.330791853673754,1159.7756452058488,13.18452971898171,25.29822128134706,75.58135555954176,1.2590639516410596,14.114381680012546,1.260747695686343,185.4519999999997,3408.9475224583493,12.715911988050648,17.45199999999958,79.75072705325584,94.93548955465418,9.169367742583987,25.451999999999586,-6.156475307553713,636.7347148475822,0.6052357446219752,16.000000000000014,40.389440741112224,1.010527525186161,9.243921519028202,1.012943799149306,29.45199999999959,881.1320346073757,3.434557205074309,21.451999999999583,40.05075800352964,84.06241081306663,17.195719087028785,233.45199999999977,-3.55788468470173,787.8932485324972,2.582041158154081,11.234866364235156,74.69666791557302,1.046691622595391,3.8966160061939603,1.0467910867683823,229.45199999999977,818.8376960833773,1.710543376041086,13.451999999999575,71.6377410226829,129.46351333501013
2026-07-04_Mark-Liversedge_Wrist_01__swing_0002,274.68400000000014,39.454896985291484,34.68399999999994,-8.459678461293228,1144.0995263054572,5.796736643592745,16.43843734125062,75.4847585367622,1.2982186699381797,9.45590500808853,1.2951269794150604,182.68400000000008,1537.0045924220908,11.358846645287118,18.683999999999923,74.35340097439472,89.99885223744167,6.681104899912038,-45.31600000000013,-9.940450440127096,738.3295245888055,1.5256477068696879,16.31631766736057,43.89713344080223,1.00180317381856,11.101751120648428,1.0068373606215084,38.68399999999994,1089.0598845210711,4.2312288135896425,30.683999999999934,48.16275142257051,83.60818773201518,21.91346196235068,162.68400000000005,1.1475649323051489,895.0425392743006,2.085580116016839,47.098006563146875,73.67353507708813,1.0782495545251662,1.610555623573862,1.0778782181209625,-13.316000000000106,659.0918089908638,3.1137166577291495,-5.316000000000098,74.4343514448828,127.11885153963371
2026-07-04_Mark-Liversedge_Wrist_01__swing_0003,281.2550000000003,38.74411357442562,41.25500000000004,-9.470645875834025,1056.7527358891743,11.419904304564072,19.855030149113926,74.73539844964492,1.281921486881663,9.929001507027378,1.2821354677329442,201.2550000000002,1827.9131617075682,9.957112964046608,17.25500000000002,75.6343996158344,92.23990057101511,13.018767052779657,-46.74500000000003,6.662165186421313,663.3931412353666,0.9776632623186464,16.206994374857636,44.4229937851487,1.021843391561428,9.114534319326523,1.026381777996252,-18.74500000000001,785.159437008185,3.593083171609018,-10.745000000000005,46.681279041043325,84.65614028805825,19.314488245223142,217.2550000000002,-4.290084776665048,749.4008971659746,1.6911988843435193,77.83458243109057,69.88467986689987,1.0596827036739662,4.600883432795496,1.059639313891577,213.2550000000002,806.4174898164745,1.6014001374476434,13.255000000000017,69.85579936201543,129.30922229833627
2026-07-04_Mark-Liversedge_Wrist_01__swing_0004,281.32899999999995,53.2916864732244,201.32899999999987,-57.619879993030516,1999.9999999999998,27.50176630382659,11.717745327304046,73.882349911705,1.6645992258988784,41.39308282437398,1.6729640461295259,189.32899999999987,4033.705989697767,6.898075952080881,185.32899999999987,73.66735046916243,88.81989712762746,7.363559903879048,-46.67100000000035,8.902369959744163,948.4923496013743,0.9710379872809297,22.744962812309325,43.919691288127865,1.0079896973767246,6.921482626707897,1.0083157048816878,-46.67100000000035,1464.9608510152361,3.8381277156105553,-38.67100000000035,46.74406728962471,82.19692132194102,19.732310877153456,25.328999999999713,-0.544322178027068,503.51948615580716,5.008997484930697,16.59986613065166,68.85567750878384,1.0630388102714672,0.8551179547798363,1.0623828031071445,329.329,575.9115183421472,3.2606766372891847,1.3289999999996915,68.06473535069325,126.55441868357255
2026-07-04_Mark-Liversedge_Wrist_01__swing_0005,274.521,55.509955983683405,210.52099999999996,-57.38474075487203,1999.9999999999998,28.65502911790063,15.26069752301281,76.28660866360595,1.7571339770292336,42.40325357374367,1.7659637960092798,178.52099999999993,3881.605883570427,9.535059083765514,182.52099999999993,78.70719285788763,90.29915915303971,13.484039284786887,-13.47900000000024,9.734434060380304,905.921506905568,1.0474425162844856,19.95550606279437,44.525459531673455,1.0248205248513815,11.329406950527424,1.0283464597831917,-25.47900000000025,1113.8612235954436,1.9875147663830843,-17.479000000000244,49.02301257391357,84.02927245727429,19.028504235192504,146.5209999999999,-2.711702842945085,748.1662235323664,2.7481690440058575,29.93325909419156,71.09779034341405,1.0577897517162054,3.7421355735756143,1.0578020140881041,14.520999999999784,712.6293686752107,1.5,6.520999999999777,74.5398184898179,130.102758677695
2026-07-04_Mark-Liversedge_Wrist_01__swing_0006,274.6299999999997,37.128940075483584,34.6299999999995,-7.719530150978912,1007.9712177278421,8.479279827230405,18.654758106177646,70.10795420538912,1.250429135410562,10.573268445698385,1.254265841250951,18.62999999999948,1191.2060443964808,12.64708067245571,14.629999999999477,74.85887578215511,92.24656459172955,16.76204376203035,50.62999999999951,-11.551361116540503,957.5495238252013,1.492518190780534,7.972173828734273,42.845496682884985,1.0391528134509664,13.103322896540675,1.04437468688517,34.6299999999995,1272.1816688892225,3.89549045940447,38.6299999999995,46.93783209422213,81.99457733105768,16.059031335908436,2.629999999999466,-0.25644002967384494,617.6981295400211,5.288569944679948,9.591663046625447,71.09925358932996,1.0406076916457323,1.9242770767453143,1.0406074160487504,10.629999999999473,691.9978259509311,3.0861963113167254,2.629999999999466,76.75165515675464,130.13977523791613
2026-07-04_Mark-Liversedge_Wrist_01__swing_0007,274.58900000000017,,,,,,,,,,,,,,,,,,,,,,,,,,,,,,,,,,,,,,,,,,,,,,,,
2026-07-04_Mark-Liversedge_Wrist_01__swing_0008,281.2649999999999,36.278164276217744,41.26499999999966,-5.047830095359463,1017.332332687315,9.507684399316204,15.534906930308074,73.34471303930482,1.2345014171915945,6.286650749006812,1.2404580200261042,209.26499999999982,1775.5970362730245,12.395551312109745,5.264999999999631,75.85261202451001,89.97318846352582,11.794941873129083,41.26499999999966,-13.333363560609566,1135.1397385733674,0.8656494780457743,8.844332774281074,44.759586722892294,1.0164621530946074,17.85218462518932,1.021570003110158,-38.73500000000041,1460.1574456390756,5.516020371482877,-30.7350000000004,46.46328165739914,83.48172045577388,8.619305828313404,153.26499999999976,0.711993369159623,925.2194469459135,2.457641919160185,43.73658524495131,72.01257774469619,1.011186783111594,1.5888359033232473,1.0114230739503283,109.26499999999973,683.0906009562992,2.729645754412676,1.2649999999996275,73.53777116423957,131.27932236966214
2026-07-04_Mark-Liversedge_Wrist_01__swing_0009,274.4690000000003,35.41861167410225,34.46900000000008,-6.208104136258632,1200.4888689964755,12.41114192355358,25.845695966640193,73.15623104317706,1.2345799382568188,4.049477222658329,1.2270848320190633,190.46900000000022,3975.3763013530092,10.216600784488431,10.469000000000062,73.38733190574088,92.08675672169814,13.534783152688673,18.46900000000007,-10.850703989171212,722.786234757031,0.8603023651400218,10.81151649348458,46.09505921094137,1.0305900519410789,8.983699859602913,1.028565293645507,26.469000000000076,1172.7534680374235,4.493807649329438,22.469000000000072,47.74514842930484,81.60425874976066,18.839394798210638,18.46900000000007,-2.515014934225579,643.3129331173666,6.092084264802565,16.532795690183008,71.57525903336705,1.056602654897754,3.0451723187430733,1.0566050183200346,14.469000000000065,626.2461530630821,1.5,6.469000000000058,74.16432247577521,126.04741751413792
2026-07-04_Mark-Liversedge_Wrist_01__swing_0010,274.5660000000001,47.19003735321482,178.566,-52.527892048280094,1999.9999999999998,26.61281039454362,12.934664879909175,73.96512319194333,1.4641635831660615,35.12516650409684,1.471521189111619,158.56599999999997,5140.142558702693,9.710824015011722,162.56599999999997,73.42666291907378,93.99316521234222,15.721475159101852,-45.4340000000002,11.959349786152444,1116.609682902864,1.00213502238463,21.62303298696916,45.45371474808007,1.0376953318390676,11.171268292635022,1.038863623828839,-37.43400000000019,1518.5978417726158,3.239669073981124,-29.434000000000182,48.40632131172471,82.9431908812318,14.387997350287444,146.56599999999997,3.2379835110679656,977.9149108126727,4.893048847019027,30.95516470998376,71.36650352829693,1.0317768576038189,4.292468160294341,1.0323803656337447,146.56599999999997,795.0225227672546,2.657794394618695,-5.434000000000161,75.41835412620425,130.46367287285642
2026-07-04_Mark-Liversedge_Wrist_01__swing_0011,274.6550000000001,36.973045728762415,18.654999999999866,-0.7204671056365375,984.8404096253123,5.503489725840992,17.18445680129448,73.60814619963216,1.2497468424705125,1.2918346294371792,1.251692068644335,30.654999999999877,1070.4463932568815,11.516763826754788,2.654999999999852,73.78759388755599,92.38947384304137,13.95973394995338,34.65499999999988,6.3642632230482565,595.0302508280748,0.38797104735687193,13.449494001221353,42.9584420420544,1.025281163078918,10.138763371398328,1.0304333297275559,-29.345000000000176,1111.1417235451026,3.349641838916933,-21.34500000000017,43.709068809127686,80.8205720002777,14.119492322235743,34.65499999999988,0.20604844410482265,594.4393137384649,5.988551128865041,20.379046973682463,73.11063599108357,1.031390364404637,0.8158446188584534,1.0311520520855504,30.654999999999877,595.0924577535146,2.7300776842099745,2.654999999999852,74.63739353123532,127.56099388900947
2026-07-04_Mark-Liversedge_Wrist_01__swing_0012,274.508,40.05050633069883,34.50799999999976,-6.385012217194136,1168.1269639336588,8.746209456651927,11.234866364235156,72.2027840200812,1.3051602380964047,6.783404705948162,1.306374079610885,190.5079999999999,1616.1544696741996,8.6583101228535,6.507999999999736,75.98790315142193,91.52684566879662,13.922539338138618,34.50799999999976,-13.981614074032604,1142.696920595712,0.7906528061251138,6.497862896539315,41.601905265254054,1.0251159547209514,18.050230556848188,1.0302672911768354,34.50799999999976,1287.3557389043222,3.246109192779462,30.507999999999758,45.33831419136369,84.08885605078784,18.011846291486698,34.50799999999976,0.21356095680544243,618.780993173487,1.8787274530091578,13.856406460551032,73.86204852572646,1.0510602709456467,1.386379231261354,1.051532888013122,34.50799999999976,575.6555366432789,1.8748680184546052,-1.4920000000002709,75.10143430079154,127.45493804586059
2026-07-04_Mark-Liversedge_Wrist_01__swing_0013,267.7909999999999,42.70156045606199,59.790999999999705,12.848807026195054,814.5737790471667,7.047913391679545,22.225485871454488,71.79711910032455,1.3539328429838997,14.270796558444726,1.3607365256119575,175.7909999999998,1518.384500068229,10.556111672778393,-32.20900000000037,66.7313509456651,92.32306808369033,14.823357407063241,-48.20900000000039,6.694295469033582,817.0337404406513,0.8166125670003535,24.53059314407218,47.66828732175392,1.029254439647645,7.393835425010749,1.0344265725101958,51.7909999999997,1711.674211676607,3.006203033433965,47.7909999999997,47.860815790431296,84.96169283068865,18.75704558700506,11.790999999999663,0.7465370403604471,642.7087151553216,3.432251811208705,7.272474743090483,67.21751919315588,1.0555964004366387,0.7072446965401087,1.0560882164376102,7.790999999999659,631.5581089895312,2.061979582209974,-0.2090000000003478,62.922629518447415,130.96367096800998
2026-07-04_Mark-Liversedge_Wrist_01__swing_0014,268.02799999999974,55.4989473460438,188.02799999999965,-56.989676294850945,1999.9999999999998,29.38313863533557,16.0934769394311,78.07264853252782,1.7566427377468727,41.5111392562723,1.7654700881878116,184.02799999999962,4330.734538005406,9.71325614311368,180.02799999999962,78.16403750294164,90.91323070778346,9.977574711782644,-47.97200000000057,-2.2530447525913115,582.3810654453438,0.6873990490402917,11.294049564064952,43.37334059804661,1.0162209099774273,2.10200575885577,1.0153566163258012,-19.972000000000545,744.596586628451,3.1022877621158234,4.027999999999476,44.68162742999187,85.06129665118732,21.581738763213803,108.02799999999957,5.425671813117522,617.592919506675,3.241843560012396,11.135528725660054,67.5431928886368,1.0749059664448224,5.917640324792839,1.0753916583333931,-19.972000000000545,642.6195891067697,2.282020655804609,-11.972000000000538,67.36157074505805,129.7377450416934
2026-07-04_Mark-Liversedge_Wrist_01__swing_0015,274.5689999999996,39.14608162830679,50.56899999999942,2.249846404247083,1029.4242527339577,6.268917487947476,18.463176565501655,73.508233848664,1.2829788113905827,6.3244139840000875,1.289425941096063,-45.431000000000665,1590.0578548464368,11.40053287054515,-37.43100000000066,66.57494570873037,89.20595245917772,15.050147907920044,-45.431000000000665,16.380731320059933,1295.9180450175559,2.0119824421598325,15.776212754932326,48.674842189407656,1.0313372431976104,15.562246821391811,1.0355194285684055,-41.431000000000665,1608.034116832886,3.6430503241291903,-33.43100000000065,54.153543621664205,83.45237967190957,15.13967717766994,146.5689999999995,4.766231467631383,935.6744154945687,3.9312345316480313,12.055427546683429,71.4611820342616,1.0356094651009389,4.947009790810351,1.0359559586843703,146.5689999999995,678.1086043479647,2.73713411921335,-9.431000000000633,73.67342390329878,127.84008882700172
2026-07-05_Mark-Liversedge_Wrist_02__swing_0001,274.667,37.52801999607422,322.66700000000003,-374.06697503655306,1999.9999999999998,50.68203438174241,149.37499418874944,-52.454958139065475,1.254641011639859,18.55322848835586,1.2609457403415667,310.66700000000003,3094.699924116605,12.588837320641572,302.66700000000003,63.60276519543415,95.42237286029888,12.172259687114465,34.66699999999978,-20.210259464674902,941.1999411578987,0.852466889740075,18.281745601069467,35.341689879809245,1.0178839710496987,20.088422474293566,1.0229989658790941,34.66699999999978,1385.5924891743953,4.162982033286249,30.666999999999778,34.84976386986289,82.97307371290762,17.785223755834274,2.666999999999753,-2.347332856479851,729.9494413213285,4.16844669785788,8.615231988880065,56.452946017223745,1.0494432790448691,2.8625165812406843,1.0501904961518223,14.666999999999764,709.8360250434819,3.277399102911235,2.666999999999753,59.94374312175912,132.17244895359357
2026-07-05_Mark-Liversedge_Wrist_02__swing_0002,281.2549999999998,37.2010716132911,25.254999999999583,-4.803405979936751,939.3550961448576,11.434067537743209,15.08494466531303,67.7566562249764,1.2594405669795539,6.019549715903568,1.2554634474289266,197.25499999999974,1417.3057162959476,12.388821464957967,13.254999999999573,63.014502354989574,96.17516734274537,15.844771547192556,25.254999999999583,-11.811289762601813,642.420502878356,0.5523107757761817,9.775252199076794,35.81792557014554,1.0351298190802658,12.089591330136367,1.039495704760661,33.25499999999959,1093.6208500075365,3.710637734779241,25.254999999999583,36.38195055595381,81.45338901222132,21.251062782601885,9.25499999999957,0.5681087896740126,726.5378265634004,0.9429688486760677,13.26649916142161,61.7258738653818,1.072643841677941,1.0723550133283402,1.072960053788848,9.25499999999957,735.7493469583726,3.344611844749796,1.254999999999562,61.458645845038475,131.97954528088192
2026-07-05_Mark-Liversedge_Wrist_02__swing_0003,274.65399999999994,33.53683659523998,66.65399999999977,9.018631310337215,1057.4453860544304,10.551089087346838,19.218047073866117,65.27560630569253,1.1937171389441714,10.462778931856086,1.199715717531825,222.6539999999999,1431.4903456945221,10.109656147044811,-25.346000000000313,61.25282713247602,96.26738652362299,13.029739240371553,50.653999999999755,-20.867465035046305,1092.8590645203449,0.40184441241572494,6.497862896539314,38.08417262001203,1.0212951082442316,21.596300316425214,1.0264272444665643,50.653999999999755,1428.4323277636558,3.784671434820033,54.653999999999755,38.93506251190398,82.37034797060355,17.019307873137326,-13.346000000000302,-2.0184069533622115,687.3887846846811,2.5428937361648343,10.24152766382482,55.86989747817976,1.0458570401197462,2.3068659734194976,1.045799561400849,170.65399999999985,758.1576105277811,4.089017813750116,2.653999999999712,56.052872157307355,131.76985043316293
2026-07-05_Mark-Liversedge_Wrist_02__swing_0004,281.35600000000017,34.897683841973716,73.35599999999998,14.194806612240482,941.2028572698815,9.487494820643342,18.366636418607893,67.49797358683122,1.2131557231032608,13.597641388348196,1.2192519830145367,-46.64400000000013,1362.3222924398651,11.372724159284234,-38.64400000000012,64.77573421120823,93.68364029470355,15.950273066864742,41.35599999999995,-18.198934321611144,958.366269579018,0.47689986565560694,4.61880215351701,38.53248695656525,1.0348407918233615,19.10887259495536,1.0400409968073983,45.35599999999995,1445.8303448950842,3.6176194355751243,41.35599999999995,37.25736565890312,80.83068813220191,17.793269991417358,169.35600000000005,-2.3619602413326275,697.920051679334,2.8912983499648344,9.977753031397185,59.52808871713488,1.050714336012918,2.4193976042459058,1.0502378178878882,25.355999999999934,620.1927230042871,2.895697780092304,5.355999999999916,59.29720138696332,131.11778746272722
2026-07-05_Mark-Liversedge_Wrist_02__swing_0005,267.6409999999998,32.98904910197457,75.64099999999962,7.9844785215090415,1062.2852000292366,13.568551555268183,25.263060428661912,67.49687491552136,1.1879529480539794,9.655744851089999,1.1922153359261574,195.64099999999974,2034.0221460143048,13.180490408689284,-32.35900000000047,67.28515613876553,97.50632862636482,12.932388467169755,43.64099999999959,-18.22060547028354,683.9582340080068,0.3838705947226003,7.542472332656513,36.42485587915439,1.0211014948890351,19.047933934538825,1.0260252974473643,43.64099999999959,1314.3412905973012,3.6405742114510544,51.64099999999961,37.69499038025001,84.77602466262368,19.83431050524378,171.6409999999997,-4.3419536832338625,634.321674509573,3.6573764910700857,7.542472332656513,59.039041408607744,1.062898626986826,4.35523826850922,1.063063303434513,183.64099999999974,720.0649674153293,2.605796373729423,7.640999999999565,57.25763678042006,134.7849006474689
2026-07-05_Mark-Liversedge_Wrist_02__swing_0006,267.8879999999997,46.3868910254997,299.8879999999997,-334.12459538106486,1999.9999999999998,53.75021424740163,153.76605607220353,-23.39742333867453,1.4424780092259577,29.703421811451953,1.449726642438148,247.88799999999966,2750.3249523805493,12.648109692294506,299.8879999999997,19.98262954010247,93.53255838561361,13.947796871360099,43.88799999999948,-16.69126257826993,1074.1322212006905,0.48589696558017215,5.9628479399994445,37.68068507582065,1.0284660188450971,17.13205443519304,1.030379988881209,31.887999999999472,1220.15911120306,2.184416093601858,35.88799999999948,38.06956762515086,82.68758199246327,22.224328583852255,171.8879999999996,0.49020752496639114,777.0489634770463,2.121715468183584,14.590712418826207,62.6129323965601,1.0801119112438164,0.41302794368807944,1.0802518390089444,-28.11200000000058,708.5648187426509,2.8093657647454893,-0.1120000000005561,63.31129253758105,131.52264701080338
2026-07-05_Mark-Liversedge_Wrist_02__swing_0007,274.7010000000003,45.18918872981279,258.7010000000003,-328.45401172311347,1999.9999999999998,54.64864739588484,152.77397975077082,15.798005725117179,1.4118119379228293,31.704450805007156,1.4189064702742,242.70100000000028,2787.826673545085,12.410345167632665,310.70100000000036,22.86479149114109,97.05883246016191,19.749805929315077,50.70100000000011,-21.528737689758138,1408.3897341897027,0.5268625064857122,6.497862896539315,41.12962365680149,1.0571867257981242,22.175746449585535,1.0624992219076625,50.70100000000011,1795.257670460307,2.895407292204087,46.70100000000011,41.814226368803155,82.2952773916389,23.93607657689174,162.7010000000002,-0.2742092466548878,738.1475388132383,4.414462482830797,13.792107243718146,57.376758026759454,1.0942336331196951,0.5376138779337992,1.0940934903109258,174.70100000000022,631.7648481861357,2.5162798779286764,2.7010000000000645,61.81606497991659,130.51431305618786
2026-07-05_Mark-Liversedge_Wrist_02__swing_0008,274.72599999999983,49.71998348199451,210.72599999999974,-346.71157174794587,1999.9999999999998,53.45837420083863,147.7587184868931,-30.387659166860917,1.5389999479154406,36.44063170321117,1.5467336159954173,218.72599999999974,2422.638233537994,13.237759218970428,322.72599999999983,39.23600232161099,93.33925513788216,17.6601562748843,34.72599999999959,-17.63238918383078,911.0913855002125,0.2659301733340126,9.591663046625447,39.57324910789951,1.0442108628720461,18.290610061443605,1.0494581536402472,34.72599999999959,1249.1303553262037,4.379262967264294,38.725999999999594,39.76129764025955,82.60003832648029,21.28248409810715,-13.274000000000452,3.741831105275434,691.3828115239038,2.6135131261637223,7.745966692414841,59.544397056537065,1.0732165485197152,4.406525173869076,1.0731890994676372,-17.274000000000456,749.4317792095625,2.5981974417650884,-9.274000000000449,62.44121971006379,133.19619115456803
2026-07-05_Mark-Liversedge_Wrist_02__swing_0009,267.89400000000006,44.62588077306132,219.89400000000003,-328.7423657645152,1999.9999999999998,58.14172840133239,145.3256878722946,-35.78287109856522,1.3980436794918214,30.58823087102444,1.4050690246148956,119.89399999999995,2385.2459247826287,13.217946885419735,311.8940000000001,22.77614852979888,94.71159679782322,16.620538033129527,43.89399999999988,-20.215538733205943,1067.1428371813245,0.3625870702931978,3.197221015541816,40.42291228572618,1.0383835547400597,20.214827766616217,1.043601562552821,51.893999999999885,1324.5831296780723,3.3886127489562536,43.89399999999988,41.21445433500063,84.10171596828398,21.42435861602744,171.894,-6.518833431046708,644.6478644919182,4.494919800187597,14.544949486180967,58.69629433352573,1.074101387968519,6.683689229631828,1.0742285380747731,215.89400000000003,543.2479643914314,3.058632978923134,11.89399999999985,56.49128520040587,131.91493207365045
2026-07-05_Mark-Liversedge_Wrist_02__swing_0010,268.09499999999974,46.283434017825286,236.09499999999971,-324.3499226232156,1999.9999999999998,54.004323547372216,126.0871612108951,21.29317884066263,1.4397516440271962,32.25893921059214,1.4469865769117547,244.09499999999974,2767.437672029768,14.156682852931308,248.09499999999974,25.87993712578802,96.10176652751963,13.547115658981363,28.094999999999537,-12.812687282077762,654.4215539918739,0.7510587367955275,11.756794725698942,39.69310383050139,1.0234755206885628,14.945115922405595,1.0286186137573494,44.09499999999955,996.6528450866701,4.526764545699988,36.094999999999544,39.5552151808277,83.05657470290515,19.73679026856085,-19.905000000000506,6.639485343305811,808.8628745248136,4.244708972713597,9.018499505645797,63.19834130220217,1.0624728983584073,6.937452980534996,1.062412598835152,-19.905000000000506,769.9609343082524,2.6770264705484967,-11.905000000000499,64.16476704659752,135.29355485867075
2026-07-08_Mark-Liversedge_Wrist_01__swing_0001,281.39300000000003,35.604937975933716,9.392999999999763,-3.4232652286074114,957.2738766584469,6.049719535293611,15.776212754932326,71.32872788189087,1.228161064438334,3.8151726837962467,1.2299357681986325,149.3929999999999,1589.5709735168953,7.25793167812041,5.392999999999759,71.18632103002635,91.52449451856533,15.494873868984993,-38.60700000000028,11.745833121612012,942.5359562224527,0.7139723363046904,16.43843734125062,38.112278539459034,1.0367456805586983,12.238972414563596,1.0377164707211413,-46.60700000000028,911.2429011805494,3.861797482982539,-26.60700000000027,37.91007928380744,82.2251248552258,17.990038573278586,137.3929999999999,2.689304709718873,736.0135233578999,3.3743743541966795,10.24152766382482,59.43363177801783,1.0505403067902643,3.8233784266565025,1.0514028459205877,213.39299999999994,700.7863720876692,3.1187300988383297,-6.607000000000252,57.169075229650176,127.55941673410376
2026-07-08_Mark-Liversedge_Wrist_01__swing_0002,281.453,32.89744965727973,25.452999999999726,-9.7817226817668,1061.2780541340608,5.853261615263395,17.575235101952103,70.23001936299558,1.1863734539865847,12.997341191415677,1.1909808807933835,157.45299999999983,1704.055643665906,7.7193784369269665,17.45299999999972,65.32334626046057,90.35882555067701,4.273408917302019,73.45299999999978,-13.88108323148318,976.3054859152442,0.7758828898591291,13.792107243718146,38.2467554786656,0.99777398738831,12.843270217329506,1.0027879270234223,5.452999999999708,1053.9269757030754,3.487293061483448,13.452999999999715,38.555391607135924,82.1499609729991,16.489223668679184,-6.547000000000303,-5.763362591987116,691.3117534530018,3.603098725270052,10.994948334980437,66.95578778469104,1.0427981274726503,5.151951591228996,1.0428908290705807,-2.547000000000299,836.4160003427513,1.9634915996102866,5.452999999999708,66.07900690139402,125.18411296432757
2026-07-08_Mark-Liversedge_Wrist_01__swing_0003,287.86099999999993,37.78075593606332,31.860999999999695,-2.4081181367775524,1021.5908544697751,5.900759330911426,13.59738536958077,69.82543252880872,1.2700249334306228,2.790792149702699,1.2652448941491476,155.86099999999982,1823.7108394738218,10.130486613476178,-4.139000000000337,71.42069968310663,85.384833688036,0.0,79.86099999999973,-12.951329613405347,836.5049024511876,0.9201050538887803,26.229754097208023,40.21159817153303,0.9912184778820965,11.546781707784548,0.9958140463165623,63.86099999999972,1151.551316211659,2.7164470499055007,71.86099999999973,39.49377855550779,82.45943222052507,18.76682935872556,143.8609999999998,3.4069750855230914,666.9797194248575,6.413084026590322,14.787382008545903,68.01031112713306,1.0558823968288176,3.2310187320553285,1.0561494761463157,139.8609999999998,786.3382712755082,1.9402227164956682,-4.139000000000337,74.75732849705902,123.92211773538264
2026-07-08_Mark-Liversedge_Wrist_01__swing_0004,273.749,37.05654631740137,17.748999999999793,-3.55514504160951,864.646221595295,4.798323860141635,11.294049564064952,70.6167592186466,1.2505446447309538,3.3064289455954587,1.2530681714518093,153.7489999999999,1577.2116322121276,10.528087045355925,1.7489999999997785,71.57812044987246,89.2724236496493,12.551256605138764,17.748999999999793,-5.586702018632954,906.9343834364017,0.6203601330868344,38.71261637588796,40.55694224697622,1.024332017270325,6.0245624121755394,1.024483107178099,17.748999999999793,771.0454330132695,1.9356826928805557,9.748999999999786,40.45298906246302,82.81598045092497,19.452096635862617,129.74899999999988,-3.827129112734214,738.1536405205554,3.6060615570315795,9.23760430703402,63.73974051219156,1.0598092535279002,3.058023882365097,1.0605350793411827,137.7489999999999,741.6680006813143,2.892356997906213,5.748999999999782,62.177765573655115,128.48163658685405
2026-07-08_Mark-Liversedge_Wrist_01__swing_0005,288.1389999999997,45.37286450708952,112.13899999999954,-38.94162587438992,1999.9999999999998,28.9726630865305,53.62126135612153,71.70153820595277,1.4163898809704891,27.539404030620634,1.423507418060793,180.1389999999996,4546.388778049574,7.978848926566823,176.1389999999996,71.35265722868938,92.48319507311643,11.777064943821426,-15.861000000000569,8.941161623705593,821.1193924966464,0.797346831390705,18.42703328144702,43.34401994641205,1.0163959805033262,12.152222279977913,1.0215034979932927,-23.861000000000576,1549.60968573635,4.171281023843902,-19.861000000000573,43.0722214868026,86.36101900316743,24.59990775802461,128.13899999999956,2.2337764991191578,736.2566696068077,2.7951284189843686,8.615231988880065,65.77821614681724,1.0992044123886549,2.74368713889039,1.0998235254516482,216.13899999999964,862.1627531606646,5.380067925271959,-3.8610000000005584,65.64671970110936,125.8668402882351
2026-07-08_Mark-Liversedge_Wrist_01__swing_0006,288.2929999999999,44.276152363659804,128.29299999999978,-38.08159405264695,1999.9999999999998,28.46876893054037,50.93505831241642,74.92309052375835,1.389697089784035,29.88675412615519,1.3966804922452611,200.29299999999984,4364.641231905251,11.1445871972319,192.29299999999984,76.24681020946308,92.64817863363369,18.145230208467783,16.29299999999967,-10.203866389371997,1413.2239674717691,0.712553157733559,6.497862896539315,39.55747782373181,1.047070631387111,16.67119209139723,1.0523322928513679,-15.70700000000036,1575.0281951738864,3.4584507730350698,-19.707000000000363,39.984284035572465,84.15778493084147,18.480858462882356,128.29299999999978,-0.893922657054711,626.4083727213384,3.8152474915700787,12.489995996796807,63.42739808470466,1.0538206093005875,0.3861635969394796,1.0543745062596976,212.29299999999984,894.4764082698298,4.665493828576347,0.29299999999965465,66.82316870422883,128.86361963992394
2026-07-08_Mark-Liversedge_Wrist_01__swing_0007,274.667,36.84811087465751,18.666999999999767,-2.5463386031221305,961.462465519163,7.036704207927845,15.084944665313026,69.64849282689259,1.2455998287624046,3.2615176587102823,1.2496437067527377,18.666999999999767,965.1647624991919,9.77383158661045,2.666999999999753,71.34103344582228,94.61988045619506,7.847246744533059,2.666999999999753,-4.818654561852044,708.0241060903755,0.8426236912343238,22.300971578236997,38.97622992869806,1.0044056654028146,4.36817033791017,1.00945293005308,-49.3330000000003,1257.5677328687052,3.8958442061408602,2.666999999999753,39.27772486096667,85.0673034306838,19.087956165447547,-13.333000000000261,1.5800532741711844,763.833020179583,3.4269811219230863,30.804040139061154,64.14579488533326,1.0576137821408065,3.2343411438663963,1.058181267437442,-13.333000000000261,850.1391158552838,3.2157543046744452,-5.333000000000254,62.06481593633366,131.24049629161166
2026-07-08_Mark-Liversedge_Wrist_01__swing_0008,281.336,39.40830924102837,25.335999999999803,-6.9821103127064115,1069.4443141205463,5.454750646805045,17.07499796648761,71.94522361270126,1.2884734476478152,9.586453449616318,1.2942612858445572,17.335999999999796,1316.7816761015781,9.028683993544991,9.335999999999789,68.62113645935403,88.80661262246919,9.81683577395274,-6.664000000000225,-2.798430855282635,758.0801449336454,0.3496787209160503,18.17201756058536,39.65006424594282,1.0128527673144418,4.783251085247607,1.0148597369849406,53.33599999999983,804.9184082501956,3.1603299167315924,5.335999999999785,40.03199827250882,84.85522711708764,20.173589113540274,-22.66400000000024,3.396658787067356,865.2465391892924,4.991947142839666,9.977753031397185,68.80564265961158,1.0665107757078607,3.3683465893200184,1.0653574524223504,-22.66400000000024,867.3336454589737,2.6013028222752808,-6.664000000000225,66.42326575447417,128.26943170761146
2026-07-08_Mark-Liversedge_Wrist_01__swing_0009,281.30200000000013,41.373609298611264,41.30199999999995,8.464413133638368,939.1299603735401,5.466536269737887,18.033918659631986,73.20693758740073,1.3259319353278531,9.477922682750274,1.3325949098772272,-42.69800000000012,1037.6759645585498,8.762868476961703,-34.69800000000012,66.50654545792754,88.35857007485075,0.0,185.30200000000008,-4.088226227380285,444.4661053117142,0.5565399346628256,16.000000000000014,38.667273770571676,0.9765489656161397,6.198930226108504,0.9787594451591421,21.301999999999932,729.6240148126805,3.470627427655847,13.301999999999925,41.07968573888925,86.86543836364896,20.324090012669206,-22.698000000000107,3.3927397256208125,769.273412517205,4.7203762561286595,11.756794725698942,67.3672425229249,1.067230625201859,2.851123497215982,1.06639027808837,189.30200000000008,876.7462209435253,2.309315752070996,-6.698000000000093,71.46947368211202,128.7269571068203
2026-07-08_Mark-Liversedge_Wrist_01__swing_0010,267.887,37.295996209444326,59.8869999999998,0.9367033597504741,964.0269971655857,2.9905027180994903,12.874393189583744,73.70336942001141,1.2567824315690197,0.4834412112618526,1.2570460179491694,59.8869999999998,955.7848857224833,7.172159670467316,-0.11300000000025179,72.86869771504738,90.75768649668099,0.0,11.886999999999759,-4.191891495477635,835.8396097913809,0.553957025312136,13.975176405167696,37.33485289702171,0.9921915132970303,8.323652171904772,0.9971774002985228,15.886999999999762,976.045317202881,3.510928692413177,7.886999999999755,38.583676895732054,85.08622224246578,20.64886624774342,123.88699999999986,1.988361934669771,714.4732388824419,6.654180996430293,12.99572579307863,64.55197352191098,1.0692706523644464,2.8240783298687635,1.0686510888039933,123.88699999999986,637.4166597279577,2.638399571333239,-8.113000000000259,60.83719044947795,127.17047791686315
2026-07-08_Mark-Liversedge_Wrist_01__swing_0011,288.2229999999999,37.60330271872631,32.22299999999967,3.8793581785619473,1064.3590329306335,11.629871689792296,25.284492392681265,70.36464568183519,1.265027370828305,5.662873122946979,1.2622207084855412,204.22299999999981,1719.0334842652603,12.316352947559073,-39.7770000000004,73.30134077166262,91.75718863391758,10.056620363213138,32.22299999999967,-5.288595612385152,620.5711126490277,0.5582943499623289,19.310331143947003,39.41981308103164,1.0113330013739859,6.845115358445636,1.0156040751386384,36.22299999999967,1171.617394971448,4.359588630178847,28.222999999999665,39.955356447620936,86.46366241406857,21.08945002283181,-15.777000000000374,5.581566655129218,584.8768809019579,4.8081069267203755,11.294049564064952,66.90483850958934,1.0711645152964864,6.1862200384862644,1.0717886090889015,40.22299999999967,666.2698123852205,4.4680902115500585,-11.77700000000037,70.94892354345798,129.46758069039328
2026-07-09_Mark-Liversedge_Wrist_01__swing_0001,281.39899999999994,37.09092177493044,25.398999999999727,-3.996361641585972,1020.3802928713278,12.522473374489863,26.368647207537148,70.03122878588357,1.248653618811792,12.071333333959375,1.25363633822244,201.3989999999999,2073.717364688379,12.942386990204191,17.39899999999972,71.0568193808688,95.65114747315593,16.454421870720676,-46.60100000000034,15.488667421572412,914.1641292006685,0.34131404735540805,19.31896017445615,39.72900504545893,1.0434914473831987,13.838104278626595,1.0427035458534692,-34.601000000000326,669.557436827446,3.073062440353504,-54.60100000000034,39.69755065851295,85.40493997067736,17.030756345390383,153.39899999999983,1.9458429764887637,630.4770664255634,4.83423380242682,22.38054710879271,64.39210075102642,1.0457407371006746,1.7561485848183085,1.0458635501842406,9.398999999999713,555.4823113344456,2.543704577444673,-2.6010000000002975,62.113739938613755,133.24965236785198
2026-07-09_Mark-Liversedge_Wrist_01__swing_0002,284.39800000000037,39.390922122571816,44.39800000000016,-6.795453302163585,895.8361543077308,9.181157938288377,20.033305601755647,70.70540396369407,1.2950335021688006,7.099894869506831,1.2939387139859757,24.398000000000142,1156.1184574856782,8.674284795622478,20.39800000000014,68.4559290273323,88.51196979130253,5.473796020888003,-47.60199999999992,4.196607503272891,734.5670560159507,1.065170906298116,15.260697523012809,41.46932405244286,1.0045036301465633,6.277806333995205,1.0045809605974232,-35.60199999999991,888.1834629348687,3.762962287888045,-27.601999999999904,43.72837420321612,85.82003542515807,18.51837209385173,-3.601999999999883,-5.911860724257546,643.3353873567252,5.489778673879136,12.14724477219241,65.51188176268944,1.0536238265590931,6.208083515909531,1.0546055100597465,0.3980000000001205,709.5261489364688,3.3540277358288435,8.398000000000128,65.3568866779358,132.93519419744632
2026-07-09_Mark-Liversedge_Wrist_01__swing_0003,268.659,34.46710828113846,28.658999999999768,-5.549346049074501,1048.1074070002662,6.874665046087082,14.360439485692023,72.78232576951049,1.2113821820425057,10.026554604832398,1.2129280534057187,36.65899999999978,1192.815220885616,8.93489749499293,-27.34100000000028,68.55141540218347,98.19653425575487,15.568898612315524,-3.3410000000002604,0.9993653846391685,704.4466650368787,0.41952162543418103,9.775252199076794,38.22919847622038,1.0346116748305514,3.7345133206227197,1.0380891515153028,-11.341000000000268,922.3754435562885,2.9620987965623025,-3.3410000000002604,38.27569875196123,87.08700141259965,22.4011881082409,-3.3410000000002604,0.507528748416697,693.7933360210434,2.683824471921576,7.888106377466163,66.3954414487645,1.0803814362037019,0.9571415940445427,1.0816211533659335,8.65899999999975,663.854541283089,1.8361660942266969,0.6589999999997431,63.747860650328995,132.3860046801176
2026-07-09_Mark-Liversedge_Wrist_01__swing_0004,281.1279999999998,36.259316338658905,25.127999999999595,-7.274190250678319,1110.3550782561504,6.500135599692375,17.28197519575431,71.54048187888985,1.2339578561795832,9.480896313686062,1.2401586494263817,13.127999999999584,1418.7110248350355,8.868186043649208,9.127999999999581,70.66929812176365,97.28306546761071,15.42292384558881,9.127999999999581,0.9410223208595208,739.5285621455288,0.6555901706174777,8.844332774281074,40.023615204242326,1.037645766378611,2.3895543643345043,1.0373561504050317,-18.872000000000444,818.9060625428554,3.7972815765267733,-2.8720000000004298,40.01897593515181,87.19827280055122,23.79702957346007,-22.872000000000448,7.988335830285501,721.466910120107,3.028185135238396,10.583005244258372,65.8603044543789,1.0924437709135035,8.256513911151155,1.0929193615825405,-18.872000000000444,717.3047583418374,2.2878086402822078,-10.872000000000437,65.68916396884273,130.61922934387638
2026-07-09_Mark-Liversedge_Wrist_01__swing_0005,286.8520000000001,40.60932214588055,30.85199999999988,-5.944724607413268,1079.1544742693654,10.146691978957625,25.68181371234432,72.66131996717087,1.3106498009980627,10.891647691990723,1.3172359809017067,182.852,2074.471793753736,9.558616281162012,10.851999999999862,75.62621090607865,87.94449920917073,14.018105001082173,14.851999999999865,-6.547775665794056,877.3340793828886,0.48596686557805535,9.775252199076794,39.089389865422866,1.0255414103227405,9.910004763976543,1.03069488474644,-37.14800000000018,1150.3946735000009,2.4996009822773915,-41.14800000000018,39.544951833080866,83.49972635075854,25.644471279587997,-17.148000000000163,9.666767473962116,861.761473873287,4.0826396216050265,32.159325587179595,63.60136902194273,1.108699783914103,9.524084757046285,1.1092661762980927,-17.148000000000163,889.0311852789494,3.333251304438825,-9.148000000000156,60.317072463165005,123.65912111551944
2026-07-09_Mark-Liversedge_Wrist_01__swing_0006,288.37,38.34820552794172,32.36999999999979,-5.175822138525199,1109.1992224499083,5.9619555628988525,12.220201853215583,70.35337510597242,1.2774840404805932,4.059513489182827,1.2750960503849742,176.36999999999992,1400.5734207857843,8.182956778595791,4.369999999999763,71.47547410645944,90.34493265322868,11.327610095096261,0.3699999999997594,1.1003611747473372,720.5497431557899,0.2505259845388419,6.394442031083632,40.06007636439328,1.0203894202242276,1.0784137655791592,1.0198668837143183,8.369999999999767,736.1874462463846,3.560350392392455,-3.630000000000244,40.04109139773052,86.4947482244579,18.435878625149584,-15.630000000000255,6.060364169815105,707.425392818687,3.3584757033545447,9.977753031397185,64.67594705539977,1.0541964457688595,6.180564384998802,1.0540982555358318,-19.63000000000026,711.8328905558335,2.400599923978012,-11.630000000000251,62.790118265272504,130.50519868502866
