swing,session,club_before_impact_ms,club_peak_dps,club_placed,club_sigma_t_ms,downswing_ms,dtl_frame,ext_n_placed,ext_order,ext_order_resolved,ext_verdict,fo_frame,fo_order_resolved,fo_verdict,leadArm_before_impact_ms,leadArm_peak_dps,leadArm_placed,leadArm_sigma_t_ms,pair_n_placed,pair_order,pair_order_resolved,pair_verdict,pelvis_W_fit,pelvis_W_fit_over_peak,pelvis_W_peak,pelvis_Wd_fit,pelvis_Wd_fit_over_peakcorr,pelvis_Wd_peak,pelvis_Wd_peak_corr,pelvis_anch_Wd,pelvis_anch_clos_downswing_p50,pelvis_anch_clos_impact50_p50,pelvis_anch_clos_top_p50,pelvis_anch_ext_before_impact_ms,pelvis_anch_ext_peak_dps,pelvis_clos_address_p50,pelvis_clos_address_p90,pelvis_clos_backswing_p50,pelvis_clos_backswing_p90,pelvis_clos_downswing_p50,pelvis_clos_downswing_p90,pelvis_clos_follow_p50,pelvis_clos_follow_p90,pelvis_clos_impact50_p50,pelvis_clos_impact50_p90,pelvis_clos_top_p50,pelvis_clos_top_p90,pelvis_cons_Wd,pelvis_cons_gamma_deg,pelvis_cons_r2,pelvis_cons_rms_px,pelvis_dtl_at_fo_max_over_W,pelvis_dtl_conf_a_p10,pelvis_dtl_conf_b_p10,pelvis_dtl_conf_min_p10,pelvis_dtl_conf_min_p10_postimp,pelvis_dtl_span_min_over_W,pelvis_dtl_vs_sin_r,pelvis_ext_at_edge,pelvis_ext_before_impact_ms,pelvis_ext_peak_dps,pelvis_ext_sigma_t_ms,pelvis_ext_spikeflag,pelvis_ext_state,pelvis_fit_rms,pelvis_fo_before_impact_ms,pelvis_fo_bound_no_earlier_ms,pelvis_fo_bound_no_later_ms,pelvis_fo_conf_min_p10,pelvis_fo_peak_dps,pelvis_fo_sigma_t_ms,pelvis_fo_state,pelvis_fold_ext_before_impact_ms,pelvis_fold_ext_peak_dps,pelvis_fold_minus_tsq_ms,pelvis_fold_span_min_over_W,pelvis_fox_clos_downswing_p50,pelvis_fox_clos_impact50_p50,pelvis_fox_clos_top_p50,pelvis_fox_ext_at_edge,pelvis_fox_ext_before_impact_ms,pelvis_fox_ext_peak_dps,pelvis_gamma_deg,pelvis_gamma_from_tsq_deg,pelvis_gen_W,pelvis_gen_Wd,pelvis_pair_after_reversal_ms,pelvis_pair_at_edge,pelvis_pair_before_impact_ms,pelvis_pair_bound_no_earlier_ms,pelvis_pair_curv,pelvis_pair_peak_dps,pelvis_pair_sigma_dps,pelvis_pair_sigma_t_ms,pelvis_pair_spikeflag,pelvis_pair_state,pelvis_pair_turn_addr_deg,pelvis_pair_turn_imp_deg,pelvis_pair_turn_top_deg,pelvis_sens10_dt_ms_max,pelvis_sens10_ext_dps_rel_max,pelvis_sens10_ext_dt_ms_max,pelvis_sens3_dt_ms_max,pelvis_sens3_ext_dps_rel_max,pelvis_sens3_ext_dt_ms_max,pelvis_sig_theta_addr_deg,pelvis_sig_theta_imp_deg,pelvis_sig_theta_top_deg,pelvis_sig_w_dtl_px,pelvis_sig_w_fo_px,pelvis_t_sq_diff_ms,pelvis_t_sq_dtl_before_impact_ms,pelvis_t_sq_fo_before_impact_ms,pelvis_th_fo_minus_pair_early_deg,pelvis_th_fo_minus_pair_late100_deg,pelvis_th_fo_vs_pair_p50_deg,pelvis_th_fo_vs_pair_p90_deg,pelvis_tilt_deg,thorax_W_fit,thorax_W_fit_over_peak,thorax_W_peak,thorax_Wd_fit,thorax_Wd_fit_over_peakcorr,thorax_Wd_peak,thorax_Wd_peak_corr,thorax_anch_Wd,thorax_anch_clos_downswing_p50,thorax_anch_clos_impact50_p50,thorax_anch_clos_top_p50,thorax_anch_ext_before_impact_ms,thorax_anch_ext_peak_dps,thorax_clos_address_p50,thorax_clos_address_p90,thorax_clos_backswing_p50,thorax_clos_backswing_p90,thorax_clos_downswing_p50,thorax_clos_downswing_p90,thorax_clos_follow_p50,thorax_clos_follow_p90,thorax_clos_impact50_p50,thorax_clos_impact50_p90,thorax_clos_top_p50,thorax_clos_top_p90,thorax_cons_Wd,thorax_cons_gamma_deg,thorax_cons_r2,thorax_cons_rms_px,thorax_dtl_at_fo_max_over_W,thorax_dtl_conf_a_p10,thorax_dtl_conf_b_p10,thorax_dtl_conf_min_p10,thorax_dtl_conf_min_p10_postimp,thorax_dtl_span_min_over_W,thorax_dtl_vs_sin_r,thorax_ext_at_edge,thorax_ext_before_impact_ms,thorax_ext_peak_dps,thorax_ext_sigma_t_ms,thorax_ext_spikeflag,thorax_ext_state,thorax_fit_rms,thorax_fo_before_impact_ms,thorax_fo_bound_no_earlier_ms,thorax_fo_bound_no_later_ms,thorax_fo_conf_min_p10,thorax_fo_peak_dps,thorax_fo_sigma_t_ms,thorax_fo_state,thorax_fold_ext_before_impact_ms,thorax_fold_ext_peak_dps,thorax_fold_minus_tsq_ms,thorax_fold_span_min_over_W,thorax_fox_clos_downswing_p50,thorax_fox_clos_impact50_p50,thorax_fox_clos_top_p50,thorax_fox_ext_at_edge,thorax_fox_ext_before_impact_ms,thorax_fox_ext_peak_dps,thorax_gamma_deg,thorax_gamma_from_tsq_deg,thorax_gen_W,thorax_gen_Wd,thorax_pair_after_reversal_ms,thorax_pair_at_edge,thorax_pair_before_impact_ms,thorax_pair_bound_no_earlier_ms,thorax_pair_bound_no_later_ms,thorax_pair_curv,thorax_pair_peak_dps,thorax_pair_sigma_dps,thorax_pair_sigma_t_ms,thorax_pair_spikeflag,thorax_pair_state,thorax_pair_turn_addr_deg,thorax_pair_turn_imp_deg,thorax_pair_turn_top_deg,thorax_sens10_dt_ms_max,thorax_sens10_ext_dps_rel_max,thorax_sens10_ext_dt_ms_max,thorax_sens3_dt_ms_max,thorax_sens3_ext_dps_rel_max,thorax_sens3_ext_dt_ms_max,thorax_sig_theta_addr_deg,thorax_sig_theta_imp_deg,thorax_sig_theta_top_deg,thorax_sig_w_dtl_px,thorax_sig_w_fo_px,thorax_t_sq_diff_ms,thorax_t_sq_dtl_before_impact_ms,thorax_t_sq_fo_before_impact_ms,thorax_th_fo_minus_pair_early_deg,thorax_th_fo_minus_pair_late100_deg,thorax_th_fo_vs_pair_p50_deg,thorax_th_fo_vs_pair_p90_deg,thorax_tilt_deg
2026-07-04_Mark-Liversedge_Wrist_01__swing_0004,2026-07-04_Mark-Liversedge_Wrist_01,67.022,1929.934236904615,1,7.958933382834146,281.32899999999995,512x1024,3,leadArm>club>pelvis,1,other,1280x1024,1,partial,120.57,671.3993536992282,1,16.25438906188489,2,leadArm>club,1,partial,95.57780679467832,1.1567512874856725,82.62606476317593,103.49891174016311,0.9073980514851384,77.20298753651434,114.06120122339522,144.624927634795,0.059597295634766345,0.030439204948862653,0.17792021715015505,-48.15500000000128,571.7556927768304,0.04637771000635027,0.09470015880828626,0.07652201540521997,0.15938641958416752,0.02046044678983372,0.04353220358560646,0.33274965208959817,0.39207420927843334,0.16421588653517882,0.2515783158565542,0.051119763587051725,0.11414319101559497,105.27904915786414,80.48742057176679,0.955629676922032,8.111407473402037,0.038493930505483026,0.8111187994480134,0.7455956935882568,0.7455956935882568,0.5917340874671936,0.02088120501754413,0.7776851503053176,0,-48.15500000000128,887.2081440875413,12.648896736617436,0,placed,0.0944339889156829,247.868,,66.997,0.7359667301177979,282.03029049553254,24.808537936622553,bounded,-36.155000000001266,806.3730014811697,4.0000000000000036,0.10942829527047865,0.020755233882499446,0.17850028365257142,0.05885912901954726,0,-44.15500000000128,928.7312407915465,48.22835872798559,92.47093018419349,82.60190297294128,76.59023817861959,196.00000000000017,1,3.844999999998766,3.844999999998766,-47002.78887215588,327.653311818083,146.1679965923113,78.8640963622772,0,bounded,24.5414184399864,19.56077348576094,50.91781100671424,0.0,0.19279420831763275,4.0000000000000036,0.0,0.054192882093927974,4.0000000000000036,2.8776453709248044,3.1172833032852965,2.7181497833350576,5.2609431625221905,3.8381277156105553,-2.5932693991448375,-37.561730600856436,-40.15500000000127,-9.758277017432446,-15.656281865777721,9.256332359869385,12.497303990412673,-51.582059132022785,151.47631699086352,1.1266423981021088,134.4493312572239,126.35802158007965,0.9777571843286007,119.0799159886721,129.23251662614607,134.72721125930966,0.1267650222441694,0.08569268914137795,0.1729702519803148,-28.155000000001262,617.5021568282577,0.09321423210271229,0.23611026067929594,0.12252513487124594,0.22259988154882668,0.055021359272935166,0.20812747045426966,0.12432599541189704,0.2419730499378981,0.11566706317289144,0.26878505998222224,0.10582956494157303,0.2080438076737709,118.17163778990245,78.07099295395966,0.9637402683351228,11.042269506027449,0.3106629285255653,0.7799216687679291,0.7230256617069244,0.7220036208629608,0.6881995558738708,0.003097959853918173,0.8777585499821704,0,-28.155000000001262,736.5805574646981,42.131036249575395,0,neither,0.12859709005812905,127.117,40.188,,0.5606439232826232,411.26574217862833,44.88772709792063,bounded,-28.155000000001262,909.9734689523674,4.0000000000000036,0.16690127112425351,0.037073225478686966,0.17447538716735123,0.07212478505490116,0,-40.15500000000127,867.5025118241824,61.001010521769736,70.53808002386504,129.40257173510668,113.3320917409268,176.00000000000017,1,3.844999999998766,3.844999999998766,,46028.10417999397,503.93881666970174,357.5556393942532,124.64511717701411,0,bounded,15.647062402528384,19.37145607041851,69.60202547676666,0.0,0.20887160693483128,0.0,0.0,0.05880670266107157,0.0,8.607109153614552,7.763247778401388,3.0857988207412608,17.04863059245943,3.2606766372891847,27.729927342665217,-27.884927342666455,-0.15500000000123748,-1.224051395507077,-12.266207762615249,3.0171547051386507,10.720504448462538,-42.13043257809125
2026-07-04_Mark-Liversedge_Wrist_01__swing_0005,2026-07-04_Mark-Liversedge_Wrist_01,72.459,1834.7279341189917,1,7.984558944689864,274.521,512x1024,4,leadArm>club>thorax>pelvis,0,unresolved,1280x1024,1,partial,100.392,639.6210551203724,1,22.936298830209978,2,leadArm>club,1,partial,93.94341663104669,1.0884199594837825,86.31173639594255,105.84479498597179,0.9420155914346559,79.65282530820062,112.3599184008982,127.34579700893603,0.048376984442891846,0.030114347841693867,0.10197206830434058,-32.17200000000098,648.9214858898383,0.03032188049131679,0.06449347568075861,0.04580297477510298,0.16641772416892905,0.012436889631419312,0.04503376438517044,0.34820626825053114,0.40111081975328866,0.13563258259665123,0.1852584268631677,0.029341580749318696,0.0987610431586133,104.46177482141341,82.14091592181852,0.9862401647595022,5.064691937014994,0.0934923202899999,0.7708225250244141,0.7417773008346558,0.7380967736244202,0.5969025254249573,0.01770351118625793,0.8308587498821702,0,-32.17200000000098,832.894698791738,13.256940114229828,0,placed,0.0800828374310352,241.117,,,0.7548005282878876,358.5513580563528,24.05870427646226,neither,-24.17200000000097,778.3375260212846,4.0000000000000036,0.11185756677086459,0.014993732278078209,0.14357624332182306,0.028943170593321854,0,-32.17200000000098,859.6216638637218,59.66654824347999,84.39781587870604,84.37202518308824,80.7873404556969,nan,1,3.8279999999990544,3.8279999999990544,781297.8767913226,392.1585078398941,109.70158059224099,16.75765010656065,0,bounded,24.365463721140962,14.250087382413515,49.55610385123717,0.0,0.19556324584297857,0.0,0.0,0.05564943494124358,0.0,2.2149594836299267,2.338977045037402,1.8156061869889555,4.106172565911117,1.9875147663830843,6.785707868417479,-22.957707868418442,-16.172000000000963,-6.297856928677749,-10.113922936360632,6.385873372997265,11.119914068298764,-53.965137057645585,149.68266013823913,1.0877958978858702,137.60178764154855,131.58094487848743,0.9679304798712127,120.80046686721326,135.94049119725503,137.8014075822756,0.12573103778563655,0.0860456819042893,0.20302173019812209,-24.17200000000097,617.673474389618,0.11294691848843336,0.18935134369149892,0.11044726851857933,0.1707770416014037,0.07174618450527581,0.12895784179887287,0.11599833167057894,0.22668767972374196,0.10663159442813541,0.22020609905103503,0.144527798785533,0.16991343455826716,124.3556041884144,80.0969634192473,0.9725972084080479,10.443627978073701,0.29764924097083906,0.7986597418785095,0.7068983912467957,0.7068983912467957,0.7083702087402344,0.009858041691534761,0.9170671925709499,0,-24.17200000000097,700.2107954753176,28.115125354040572,0,placed,0.10996891024970713,261.213,40.081,,0.550053745508194,600.0303681673954,9.525922298735884,bounded,-20.172000000000967,842.1267145290001,4.0000000000000036,0.14392305990660237,0.04885953971659018,0.18027079969201742,0.10865406365864372,0,-24.17200000000097,805.83012836844,63.166322570314584,71.95231267070972,131.03035488550444,117.45112161360903,176.00000000000017,1,3.8279999999990544,3.8279999999990544,,184699.28928887012,516.2991061346821,295.2067907126084,56.5386660100101,0,bounded,17.35574798211199,14.066292851626324,74.1646381034279,0.0,0.20966987177389304,0.0,0.0,0.05899155550166704,0.0,6.62098730451233,6.375361949656729,1.9295075982920904,14.269769546384035,1.5,28.83299494853997,-21.00499494854091,7.827999999999058,-0.6522606705084726,-10.291949884170688,1.5743290405778887,9.84289912240506,-43.76386738399421
2026-07-04_Mark-Liversedge_Wrist_01__swing_0006,2026-07-04_Mark-Liversedge_Wrist_01,61.88,1966.563628168787,1,8.441759287784233,274.6299999999997,512x1024,4,leadArm>club>thorax>pelvis,0,unresolved,1280x1024,1,partial,113.836,669.3609761642404,1,22.23913991665718,2,leadArm>club,1,partial,95.32332090806186,1.112667246963715,85.67100466755306,105.5158144380033,0.9583258023042271,77.66224221686034,110.10432379499532,131.29571479505842,0.03220569381629934,0.03692758795232376,0.10992599179561324,-26.79100000000112,598.1153877435386,0.045143843557613084,0.10956059461284687,0.057418920836441845,0.12828161482119566,0.01905252108282607,0.06833918065151352,0.34231557346705155,0.4322876733160831,0.18856590877964363,0.2159851065763265,0.042915826805964175,0.14234499452344868,95.30267999366768,74.8640908263791,0.9075503786912648,13.50206670367089,0.42518202757427664,0.7688931226730347,0.7458580732345581,0.7422358989715576,0.6033069968223572,0.02509178064365592,0.8108225214649462,0,-26.79100000000112,813.8209030931439,13.352833158293942,0,placed,0.07836699516992818,174.212,,80.346,0.7375696897506714,317.8043280161581,28.13365129811203,bounded,-22.791000000001116,794.1782045017615,4.0000000000000036,0.11968611104089051,0.017362657248777946,0.20229646099006182,0.04844767493586588,0,-26.79100000000112,837.1744234413213,53.67431433592208,66.48379579445493,84.40156236670582,78.1110225149776,nan,1,1.2089999999989054,1.2089999999989054,386695.80600999366,508.9218353045132,123.6085160372272,25.284505432036255,0,bounded,25.38966330408529,13.767494969410333,49.80583965859175,0.0,0.20328041039614927,4.0000000000000036,0.0,0.05713176550514801,0.0,2.452884078931809,2.6185005422191217,2.5154848597812274,4.342035641935466,3.89549045940447,61.614010743286315,-20.405010743287377,41.20899999999894,-7.747379608950505,-15.925585975774466,8.199252220678657,11.663816757484806,-53.45097654265134,147.75151651430758,1.0914156317177108,135.37603111087085,129.11333405512661,1.0364305814023709,118.26717292620242,124.57499457457756,136.2343811063004,0.07825036273775976,0.08293134860550344,0.20912740356949433,-22.791000000001116,659.8800653106439,0.08361822393359442,0.20379191102573738,0.1149184694512847,0.183497741444485,0.02867914935023541,0.10734724620978156,0.08344797216099942,0.21895555616699588,0.105051583755005,0.22108427006116224,0.14728065903256637,0.18075364003270913,124.38701017981296,82.64376842103798,0.9740911950777025,10.27539375701551,0.2354791415687451,0.7533506751060486,0.7652838826179504,0.7482292652130127,0.6953266501426697,0.008816021529544674,0.9153077968599937,0,-22.791000000001116,754.9996143012453,30.645213690579634,0,placed,0.11404206276176557,247.816,46.905,,0.529588520526886,374.7289782303684,11.993722192011777,bounded,-18.791000000001112,836.8895242220497,4.0000000000000036,0.13004487434068265,0.01826343044718004,0.14960522495183692,0.09930731493784584,0,-26.79100000000112,843.8807527421484,64.97832231499561,75.61593799798601,131.03943192609816,115.45659293077516,nan,1,1.2089999999989054,1.2089999999989054,,20271.831361584424,564.853898372478,351.9092015737409,186.3304431448069,0,bounded,14.437456372888535,13.690145136737641,77.12681453650528,0.0,0.20689932020008484,0.0,0.0,0.05834369776576876,0.0,7.896222158953664,7.495846735389636,2.1749317884413624,16.380147630543362,3.0861963113167254,20.72544836407575,-19.516448364076844,1.2089999999989054,-1.5364616294343678,-10.765358202810475,3.7617317701309116,7.641874060354306,-44.44211063146545
2026-07-04_Mark-Liversedge_Wrist_01__swing_0007,2026-07-04_Mark-Liversedge_Wrist_01,29.037,1836.0552031405268,1,9.447303079929789,274.58900000000017,512x1024,2,leadArm>club,1,partial,1280x1024,1,partial,100.47,714.9299225629304,1,16.038287762713363,2,leadArm>club,1,partial,98.92575582394423,1.1671101144329328,84.76128738890209,100.10958840162678,0.8588116975640324,75.91591737256624,116.56756502686397,137.42371945379492,0.05117670911351113,0.03192376433059907,0.12030098446413895,-32.19300000000081,499.66476586190595,0.07931123915736943,0.10253308079488645,0.08494158721526845,0.12318340121677925,0.027561416266252414,0.09429965542224582,0.34945562380244855,0.40603960548529217,0.2552396917997115,0.286594636831373,0.02252493461220917,0.17528374608578906,99.45102184363789,81.61039260506479,0.9429924682566269,9.963141267900763,0.10900154191299541,0.7942451238632202,0.7617563009262085,0.7617563009262085,0.6064454913139343,0.00989975560807331,0.8632833425266899,0,-28.1930000000008,776.8032069524585,424.5890000000001,0,neither,0.08880712893920685,107.156,87.148,,0.769151896238327,185.16950883639416,56.93880310307063,bounded,-24.193000000000797,755.654893884132,4.0000000000000036,0.11713463613516853,0.033325250781269355,0.2819860694076265,0.028412771753525967,0,-28.1930000000008,803.9115136008327,50.1100277950991,97.04016357119932,87.48178771318993,74.72189996698832,132.0000000000001,1,3.8069999999992277,3.8069999999992277,300239.1401176823,511.43164795276334,nan,274.58900000000017,0,bounded,23.08983821246584,14.279156254900872,50.43424718460458,0.0,0.2005382446198575,4.0000000000000036,0.0,0.056834137727210854,0.0,nan,nan,nan,3.357762827194157,nan,-8.723147412379895,-19.469852587620906,-28.1930000000008,-10.107709391044777,-14.855161725359675,10.107709391044777,12.40921434707716,-52.43856806339819,147.42779092557728,1.090423255365479,135.20235394848,125.79085999150938,0.9858999035355507,119.92852557367073,127.5898897447995,131.68190331843417,0.1328336773705886,0.048531718226842324,0.24551526999986784,-20.193000000000794,617.4448891037737,0.15054116008960733,0.2174183248073113,0.1499418444688354,0.20046095627712673,0.05255381156613881,0.13790031290582497,0.11789835217249944,0.2087413726224595,0.11208928945439545,0.19097471416778256,0.20013162762988412,0.2093485596362617,119.1634051933202,80.68628041715952,0.9685753869659469,10.697367177579068,0.26082315711658927,0.7406860589981079,0.7918550372123718,0.7406860589981079,0.7260666251182556,0.010726273820566325,0.8693829191516067,0,-20.193000000000794,701.5903447313855,424.5890000000001,0,neither,0.13775569222451364,207.635,,,0.5650606453418732,467.75688034632276,15.550222907733986,neither,-8.193000000000783,824.5796649913625,-8.000000000000007,0.13219556192101198,0.03610624941889584,0.14997895856842347,0.18573950687341512,0,-24.193000000000797,759.6318108348187,61.87133573399706,74.15370649120398,129.82583799170948,114.19567809225885,192.00000000000017,1,3.8069999999992277,3.8069999999992277,,131231.97902211672,549.4148771327345,nan,274.58900000000017,0,bounded,13.110411006871079,13.9110503396143,74.53220123294557,0.0,0.21067207819783357,0.0,0.0,0.059225197093670044,0.0,nan,nan,nan,16.219763320773335,nan,23.21050488658072,-19.40350488658149,3.8069999999992277,-1.194754937698659,-11.958397165275851,2.9052996426539317,9.778118429715844,-43.1527462724223
2026-07-04_Mark-Liversedge_Wrist_01__swing_0008,2026-07-04_Mark-Liversedge_Wrist_01,53.32,1611.7774218863278,1,13.043507477746317,281.2649999999999,512x1024,4,club>leadArm>thorax>pelvis,0,unresolved,1280x1024,0,unresolved,33.542,705.1921216113036,1,17.948295380116928,2,club>leadArm,0,unresolved,95.67949527731129,1.1216275872307835,85.30415653696338,102.43732009593194,0.9578731291092851,77.67236336154355,106.9424717981046,125.98540029548961,0.04210476373312311,0.026072256344597644,0.12647387577724944,-30.602000000000906,698.924930327154,0.0664287252812038,0.12080474014429947,0.07516419833393728,0.12678185907035475,0.016640557846510307,0.044566005648185456,0.3203550404788307,0.36126849699850716,0.1670829787567406,0.23289705345993436,0.04708095563534209,0.07167549155762268,103.12153130576286,84.00782830883958,0.9442730536247722,10.362930591090985,0.12529528339443177,0.7762466669082642,0.7416216194629669,0.7416216194629669,0.5955894231796265,0.016822049549514682,0.8439326664956619,0,-30.602000000000906,940.5783422374178,10.866110540791306,0,placed,0.07951664855844405,167.481,19.973,,0.7538237690925598,213.20433473908642,38.29621552051906,bounded,-26.602000000000903,904.0224526599916,4.0000000000000036,0.11586987975879537,0.016637496290363707,0.17640601144192425,0.047088078393358046,0,-30.602000000000906,970.3086566280157,54.766569184556424,97.54894555292034,84.66850754064447,77.57877218549463,nan,1,1.3979999999991222,1.3979999999991222,566187.210880903,459.3336509826327,117.17888863533165,20.345091976564124,0,bounded,21.479748603298745,16.803157084015275,50.461406685488065,0.0,0.19366928018601987,0.0,0.0,0.05519205584149354,0.0,2.268371589716792,2.4780382033211876,2.9706523504993987,3.6940597523621626,5.516020371482877,-7.009748246318281,-23.592251753682625,-30.602000000000906,-7.928822278833786,-10.83603534328639,8.155645380611267,11.588147650928045,-52.58076280840743,146.6597354696228,1.1044950007663747,132.78442669985847,130.17451027611787,0.9601096834519168,120.02483001580414,135.58295736388865,137.88283723710336,0.13191989560314976,0.07731864084584328,0.1793174397258155,-26.602000000000903,678.4938174726283,0.11764826872213408,0.21545195747830678,0.1056270781095221,0.19121429591876105,0.05790284498592624,0.1628745165632792,0.10534874717989084,0.185981452004932,0.09352021037486302,0.20045538310680722,0.10412924304119797,0.13464939839719878,125.72021316577057,82.19439078807368,0.9609467184270937,12.312188530378132,0.2945278481653468,0.7699220180511475,0.8056449711322784,0.7699220180511475,0.7052106022834778,0.015061265950325595,0.9118704107111497,0,-26.602000000000903,787.8978422413692,24.557980784803956,0,placed,0.11513553508373818,140.737,,,0.5357861280441284,505.4081039525565,27.548158232845335,neither,-22.6020000000009,923.1810277679373,4.0000000000000036,0.1740785663147617,0.0489109035730253,0.1410013609001276,0.08197697949307436,0,-30.602000000000906,907.5152868872767,65.48204262565119,71.94533903072208,131.68805232770998,117.40602319986642,180.00000000000017,1,1.3979999999991222,1.3979999999991222,,-2096.6415205478734,541.1157472082705,263.97063288826433,281.2649999999999,0,bounded,12.725466338855725,17.182479068749718,74.26043563836701,0.0,0.20627119515192088,0.0,0.0,0.058198925659266085,0.0,6.228016129755019,5.638549180463486,1.9306610747004784,12.684785064344194,2.729645754412676,25.151354482703336,-23.753354482704214,1.3979999999991222,-0.9350526679666925,-12.422752544448363,1.6960574482272792,11.046680899655698,-44.69338866377526
2026-07-04_Mark-Liversedge_Wrist_01__swing_0009,2026-07-04_Mark-Liversedge_Wrist_01,55.739,1924.5872672459602,1,9.21778371969748,274.4690000000003,512x1024,4,leadArm>club>thorax>pelvis,0,unresolved,1280x1024,1,partial,87.088,655.9690920129758,1,22.70479482458889,2,leadArm>club,1,partial,93.80696124269573,1.1201510766378042,83.74491905526043,100.76350585140263,0.94626900392717,78.08437297365242,106.48505386229256,126.34782039824584,0.022992127083690805,0.0650021074459115,0.15489859212381063,-26.821000000000872,694.4217647988205,0.04913064578696369,0.08856163316961108,0.06830594048902217,0.14810953908069202,0.01841234529980218,0.09829394239031353,0.17743191439989903,0.37976935217060853,0.13333545905309419,0.29588777918113046,0.06349003977165424,0.11081181109658489,93.84094020348437,78.21470215870754,0.9396970910046413,10.57739292304506,0.37023013294091955,0.8012505769729614,0.7516958117485046,0.7516958117485046,0.6262325286865235,0.004427093587033287,0.8156272206742757,0,-26.821000000000872,955.6346333184168,10.443305311089777,0,placed,0.09235587095843013,160.677,40.183,,0.7717724442481995,316.6298442801526,26.58560237600845,bounded,-22.82100000000087,915.5666553208009,4.0000000000000036,0.133515195406807,0.017706879855941438,0.13457590164664546,0.06225000239816414,0,-26.821000000000872,979.936793973765,54.81080170695373,70.66611184879908,83.39341803174864,76.66944919137082,76.00000000000007,1,1.178999999999153,1.178999999999153,959094.1732268624,458.34867135651467,123.01381471831736,16.01626753974841,0,bounded,23.971427821440702,17.40903224077592,50.498557325114646,0.0,0.1990575334450615,0.0,0.0,0.056495607592873406,0.0,2.524500380913252,2.6148967534184333,2.7659581508496456,4.199512811920572,4.493807649329438,43.747916587488334,-22.568916587489163,21.17899999999917,-7.760220225474333,-8.954638532637922,7.363129235652522,9.893287251861835,-52.58428508052826,145.22978837668748,1.0904049067048394,133.18886175555298,125.6413905525412,1.003877262473441,117.43765762620515,125.1561273964657,132.57539462469694,0.10470863096038663,0.08261524415353771,0.20109151262910807,-22.82100000000087,697.6099376852235,0.14184247948964213,0.2107577711153794,0.131122811338876,0.21020545174107189,0.045896113626139545,0.10531618698512443,0.11174478648690922,0.2200605822900555,0.06649348006595157,0.19206475652020732,0.12816935223832182,0.15290154049377927,122.03077206753225,82.11836168986521,0.950226408631237,13.673546182109689,0.3391921881824215,0.7840326428413391,0.7902240753173828,0.7642236351966858,0.6856996655464173,0.00691524533725516,0.8825987734717724,0,-22.82100000000087,797.6178245438814,26.93824682303467,0,placed,0.1246259277329257,207.563,40.183,,0.5497644245624542,408.8928383507301,21.289978223438027,bounded,-22.82100000000087,906.7386378337544,4.0000000000000036,0.16269124691274145,0.03257507415174277,0.10085079444064449,0.11081517743091918,0,-26.821000000000872,877.6175066033856,64.40020354404024,69.21704933740793,128.46457720335405,114.21226976023084,176.00000000000017,1,1.178999999999153,1.178999999999153,,184165.6393020609,546.6549458252612,340.61538732221675,60.81949741903636,0,bounded,10.685336624730713,17.844710157916907,74.71373341175713,0.0,0.2072322610654202,0.0,0.0,0.05842701175493934,0.0,8.245515531515931,7.26518680681053,2.1530599650837976,16.1002445338327,1.5,28.5032163088923,-23.324216308893142,5.1789999999991565,-1.2079583913141247,-11.56830176104701,2.3837894162527524,10.370667317595636,-43.19273029443917
2026-07-04_Mark-Liversedge_Wrist_01__swing_0010,2026-07-04_Mark-Liversedge_Wrist_01,57.433,1682.0756146140075,1,11.596801706298304,274.5660000000001,512x1024,4,leadArm>club>pelvis>thorax,0,unresolved,1280x1024,1,partial,113.756,673.1258556448041,1,23.510413202126216,3,thorax>leadArm>club,1,partial,95.64559351333958,1.1100221565085715,86.16548142983036,104.5538707629136,0.919672521358902,79.14497289964388,113.68597879648019,128.6238690987696,0.0228126579830632,0.014219879612909825,0.10316856248580852,-33.4200000000009,690.503547956582,0.08359204104635892,0.09945112242014652,0.08628394363493841,0.1367880201490279,0.020636873681229573,0.05443529375247767,0.38202724437166935,0.4262091557963559,0.14294589450000483,0.19281991166943763,0.020850236966040825,0.08572751315255736,106.78765749576554,84.55296852370613,0.9628886845984866,8.543086558632119,0.10366536453576525,0.7983938455581665,0.7704964876174927,0.7704964876174927,0.5993589282035827,0.028972698535307363,0.7956627835645058,0,-29.42000000000089,922.7356900479869,9.566611368644033,0,placed,0.08146928837179784,113.756,20.05,,0.7596150040626526,236.52395958722656,37.5487824191499,bounded,-25.420000000000886,863.980384486424,4.0000000000000036,0.13545473322089863,0.020515112349048237,0.1602504055626761,0.02587551888117412,0,-29.42000000000089,962.256025803099,52.317470154507795,96.07860079619732,84.26954170749164,78.06215413599597,nan,1,2.5799999999991385,2.5799999999991385,843495.1239986953,435.23657757445125,89.87720482886783,14.598172404146066,0,bounded,24.769126502170913,15.538088431968134,51.30961566427266,0.0,0.19654954437453934,0.0,0.0,0.055883227848791614,0.0,1.8499807279461022,1.9053771870959348,1.9463054542420417,3.160991192542323,3.239669073981124,-5.678948067111111,-23.74105193288978,-29.42000000000089,-8.47716328834399,-8.950891514352298,8.519355196959976,10.868561370351287,-52.610594426594204,148.22592446476918,1.1005176004480992,134.68746379377833,126.41937244416378,1.0058970376236673,119.64246714297309,125.67824311603212,132.72553075701617,0.12769327954763976,0.06322519583945674,0.24663776289656814,-29.42000000000089,709.0549866300195,0.12258075041146943,0.2189664813212187,0.11770162915278637,0.2015234202411951,0.04757556955596304,0.15562086508581804,0.10036552207512806,0.19206985998695358,0.1036663683591148,0.2106001335296149,0.1886281990381784,0.2685222090745501,117.45235732605805,82.09549848907119,0.9624428108336069,11.618996919118153,0.2398388331389626,0.7039104104042053,0.7572000026702881,0.6999870538711548,0.6969195961952209,0.005953375195387939,0.8811540019470872,0,-29.42000000000089,813.267374105179,22.614084043388008,0,placed,0.1300090415562242,133.825,46.834,,0.4638465940952301,558.3387103117465,18.439484545577535,bounded,-25.420000000000886,902.8373665347524,4.0000000000000036,0.13838873160361712,0.07139211668636863,0.14643726998199647,0.15883723153070395,0,-33.4200000000009,929.1887459832568,62.76435285520452,75.22097633893898,132.25888412996275,113.79235199553455,36.00000000000003,0,142.57999999999927,,,-1266084.7618899704,503.31244274329936,166.67030531304428,16.22604673101014,1,placed,12.038014855349585,17.270586702831963,75.30248662298982,140.0000000000001,0.20534399833804146,0.0,0.0,0.05798068907210742,0.0,7.444914707838676,6.775272567090249,2.1901902910598294,14.841315763958631,2.657794394618695,20.377673374035954,-25.797673374036822,-5.420000000000869,-0.3505538102863185,-12.503334579713224,1.0432612674980568,8.301262833022165,-44.45252040660294
2026-07-04_Mark-Liversedge_Wrist_01__swing_0011,2026-07-04_Mark-Liversedge_Wrist_01,61.772,1838.8391653371816,1,10.361437718726135,274.6550000000001,512x1024,4,leadArm>club>pelvis>thorax,0,unresolved,1280x1024,1,partial,93.721,680.5424903377922,1,23.791495836293535,2,leadArm>club,1,partial,93.07888463119244,1.1148969461608964,83.48653653748528,108.76489380780905,0.9404819997463503,80.24336558554619,115.64803349467947,139.39958786138178,0.03231145930825541,0.022460529733861145,0.16034014582532263,-26.595000000000812,596.8676614530311,0.052157868342338376,0.10322522255796825,0.07231108411187703,0.14897121893472412,0.012366118432813433,0.06682196185584975,0.37437875368631074,0.44710752497301964,0.13507435459406014,0.20984446405582433,0.06710381102643947,0.08934138984445653,107.24457661322585,82.60212716228847,0.9819027504229998,5.718704373853331,0.05254639536637122,0.8037590980529785,0.7463409304618835,0.7458526492118835,0.6318352818489075,0.01893417155169064,0.7317185632498729,0,-26.595000000000812,841.2391070863018,11.483272291821397,0,placed,0.08807895055145296,127.134,113.854,,0.750614583492279,202.9651929525695,67.46919102241871,bounded,-26.595000000000812,818.6576238213496,4.0000000000000036,0.14889090817965112,0.011759781857169749,0.14575797969313609,0.06629787556097233,0,-26.595000000000812,869.3911364857404,51.814509864191464,87.01808846059765,81.93608785604835,79.5174150071779,272.0000000000002,1,1.4049999999992124,1.4049999999992124,1185502.9584200843,353.8421036538541,124.53708273212914,14.494826485842184,0,bounded,24.050329632842764,18.27801016813615,47.54300389339185,0.0,0.206714626390281,0.0,0.0,0.05830920798563776,0.0,2.5489045581815595,2.642202777219843,2.3711218852763483,4.730679942362351,3.349641838916933,2.940457673012098,-25.535457673012907,-22.59500000000081,-7.984143582071431,-8.600858224802678,7.98712073616371,11.301728466937028,-53.40533125865469,146.1519790960688,1.1111152195610212,131.53629481721117,129.02406908390893,0.8656408639819877,118.45106408631358,149.0503446087241,136.94039189530838,0.10869168637964677,0.10840075680747607,0.3076418238264699,-26.595000000000812,619.7539986198785,0.11215794586561406,0.19476421354768494,0.12553731675556934,0.2132573753773083,0.05347241361325339,0.17328024367401162,0.12035292926848451,0.21987838366823081,0.06789521764912798,0.2129588522018031,0.23962069328192348,0.2694787835457706,120.03104183409185,80.24441027127975,0.937273574766794,14.628550737028306,0.3494435182366636,0.816345751285553,0.6841097474098206,0.6841097474098206,0.6828345060348511,0.005749038592130065,0.888871140213736,0,-26.595000000000812,726.066918108064,22.947399313616273,0,placed,0.14177359967098255,147.259,40.193,,0.5631052851676941,402.8712167236346,28.873222952840482,bounded,-14.595000000000802,955.5071981944197,-8.000000000000007,0.19516038636953187,0.03999540550142999,0.09902153729834429,0.2062291272496498,0,-74.59500000000085,856.9426258462352,60.82144094034028,68.92292753575023,128.71408542263026,115.14351823330324,256.0000000000002,1,1.4049999999992124,1.4049999999992124,,340909.94966606615,455.85766550585413,234.7069716048382,37.10719739077619,0,bounded,15.611559337934214,20.569465933588397,74.9326570055791,0.0,0.20856936635052406,0.0,0.0,0.05873513314859796,0.0,5.607649028877059,5.0092885535963925,1.9478776100586936,11.548238154489425,2.7300776842099745,31.58555349240144,-30.18055349240223,1.4049999999992124,-0.4380654225699639,-11.36268414122015,1.7812088311552174,9.40885514027501,-44.22253511867962
2026-07-04_Mark-Liversedge_Wrist_01__swing_0012,2026-07-04_Mark-Liversedge_Wrist_01,46.959,1866.6094599725293,1,17.07619115287903,274.508,512x1024,4,leadArm>club>thorax>pelvis,0,unresolved,1280x1024,1,partial,86.846,678.265223357586,1,17.731079345655722,2,leadArm>club,1,partial,94.13165224627257,1.0824123808824326,86.96468546445496,110.46019728309915,1.0602298281109437,79.0631225266496,104.18514397006803,131.80608860109461,0.022767943825990233,0.04609383003973577,0.06558125608058263,-30.768000000001017,655.3245517563021,0.0327920644553954,0.0953599924752376,0.04796669484939409,0.11383796364402644,0.017344944987779165,0.03234551809605274,0.33960346303546607,0.45648001570283625,0.1499460083688825,0.18183849302906024,0.013422914338826475,0.04656158175796222,96.00510253614958,75.62161436966412,0.9037610276414682,13.702419300343289,0.37823416001956134,0.766403317451477,0.7458087205886841,0.7458087205886841,0.6286521315574646,0.02355485377729206,0.8552124753060083,0,-30.768000000001017,834.061818715585,10.823940552584643,0,placed,0.06193602151213875,93.573,86.846,,0.7584701478481293,207.0444290626538,51.58377603223182,bounded,-26.768000000001013,786.9762481897208,4.0000000000000036,0.11369518359538851,0.015933088496198566,0.16491374888903143,0.01529267075207541,0,-30.768000000001017,866.7476658267038,59.77069759174944,74.0262932614819,85.1915986736033,82.57191404832614,nan,1,1.2319999999990117,1.2319999999990117,888771.4433698442,367.4951128732598,90.27579041295391,14.252977566843155,0,bounded,21.915532294407793,15.378022644603524,47.40402014786308,0.0,0.201514881847305,0.0,0.0,0.057071381859719064,0.0,1.8377836860942702,1.9203795980610692,1.9266412304003147,3.329987366757525,3.246109192779462,54.44811120727966,-25.216111207280623,29.231999999999037,-5.792741207378257,-7.98410792492807,5.976412042337766,7.548548708367271,-55.45534807623577,147.02468176104261,1.0968520566916844,134.04239966919255,127.45923473110298,0.9035545815610718,121.16696809434863,141.0642337852923,133.867958704564,0.12216656683331761,0.07485243751457604,0.2357358576439531,-22.76800000000101,675.9632992890444,0.13885210145297283,0.20881127184621412,0.12721260459881267,0.19269228032312383,0.06380313530663562,0.11506072077600339,0.1105573348336546,0.19074352689731966,0.08596506206409382,0.1982377199601612,0.18185250812624865,0.208947344419856,123.5032758751933,81.92889277578186,0.9459391461713622,14.42718046634484,0.24910063274656385,0.7733386754989624,0.7196257710456848,0.7196257710456848,0.7230738282203675,0.01375279567219548,0.8897910458885738,0,-22.76800000000101,774.0382991681093,26.20185218382603,0,placed,0.1283769082894692,100.453,,,0.5879844129085541,426.74410951746296,42.519262428279085,neither,-22.76800000000101,912.2941010835143,4.0000000000000036,0.1547906998292538,0.046092876380433245,0.12693676729511405,0.15252119567262246,0,-22.76800000000101,850.8944028328448,63.56371151556333,74.91169895971079,130.08554506636978,114.38804647584908,184.00000000000017,1,1.2319999999990117,1.2319999999990117,,74955.0477734863,576.1295654938456,313.844819596227,91.51073370734915,0,bounded,12.98934777219028,16.89296882367028,74.80124037971261,0.0,0.20798168693277555,0.0,0.0,0.05860162424480927,0.0,7.35026710577268,6.691163896015631,2.120956079728056,14.813761573510286,1.8748680184546052,18.93421496825587,-21.70221496825686,-2.768000000000992,-1.2152322874266077,-14.089212936408655,2.003738349128819,10.865551686040533,-44.08600992323695
2026-07-04_Mark-Liversedge_Wrist_01__swing_0013,2026-07-04_Mark-Liversedge_Wrist_01,60.534,1863.6367812928786,1,9.278534047123278,267.7909999999999,512x1024,4,leadArm>club>pelvis>thorax,0,unresolved,1280x1024,1,partial,113.891,681.9956289078871,1,34.026165709771654,2,leadArm>club,1,partial,95.00653672331734,1.0771796688518245,88.1993408068922,104.4956863940648,1.0185346291163417,76.15134646386599,102.59414202217451,120.50739254791594,0.05278947359096797,0.012830596859686905,0.14765207127893343,-25.299000000001293,667.9739660237999,0.04053255384391152,0.06961993592459001,0.05805223725440667,0.15146603148707083,0.018997337845337303,0.058701443419957415,0.2961236958179714,0.3927758869540593,0.11326226217410207,0.15643167383937967,0.08191286169668777,0.13462374651333625,94.69860955520711,76.62361184459243,0.8823784673131335,15.242723842268264,0.41421972663881274,0.7913209974765778,0.7425906181335449,0.7425906181335449,0.6200324058532715,0.03036464165342948,0.8498893893722922,0,-25.299000000001293,819.5345888650108,12.51870103163617,0,placed,0.0825527365368573,194.276,80.46000000000001,,0.7461176633834838,204.82861310386338,49.06384279586934,bounded,-21.29900000000129,766.2686877162985,4.0000000000000036,0.12562961926315444,0.017290785340767112,0.12460623327514453,0.07647932593911,0,-25.299000000001293,843.9165299053599,56.28837071580845,74.97009628958273,85.9538415206479,77.42001526209175,nan,1,2.700999999998732,2.700999999998732,885275.0326204721,419.1653040399348,121.8266289589713,16.59002358294499,0,bounded,21.732078180509706,13.258881040341656,49.19791547065581,0.0,0.2021815247248237,0.0,0.0,0.057230115951470185,0.0,2.5018203044323646,2.589350536509113,2.23199980420314,4.505094944900336,3.006203033433965,65.85431617753024,-19.153316177531465,46.70099999999877,-6.6320973029726495,-17.789134759496445,7.48727649421013,8.908312489583391,-54.95841778293199,144.45586160793061,1.044802046660095,138.26146500163432,132.76852807624334,0.9000595194391783,124.16747447710692,147.51083146031345,136.80491130189085,0.054630237213227906,0.06635726830349986,0.13960138871829586,-25.299000000001293,675.7196267299255,0.10743282977838259,0.1550653233765348,0.12303650374819136,0.16329907221570808,0.04286179309401872,0.0953471365459186,0.1075821209977188,0.21132252067926194,0.0760564942363251,0.11331394196583715,0.10515536336020548,0.1492797320621215,127.13134750211528,84.1338173853061,0.9670278234986952,11.273392684693924,0.26543048339766806,0.7591120183467865,0.7729727745056152,0.7480008125305176,0.6666728854179382,0.025051366409935733,0.9126929675254863,0,-25.299000000001293,725.3516100866308,22.861106913222528,0,placed,0.10835634651736295,200.931,40.195,,0.5037672996520997,769.329510562723,10.203456981525477,bounded,-25.299000000001293,849.4326954596332,4.0000000000000036,0.1394380502282604,0.05073200512706022,0.10055533106870884,0.10849822994336833,0,-109.29900000000137,824.178880390251,65.53567904945417,74.43945304433171,132.2449540090584,117.06081282654493,84.00000000000007,1,2.700999999998732,2.700999999998732,,661836.7217168057,451.92808972258837,289.0381188852678,29.554058512065996,0,bounded,11.709290395250525,16.007568554311426,63.23264906605524,116.0000000000001,0.20980073787790343,0.0,116.0000000000001,0.05902409634865341,0.0,6.708422117997564,6.179688387714867,3.0764460382659586,14.821697833546919,2.061979582209974,22.155163392092447,-23.45416339209372,-1.2990000000012714,-0.777947561276112,-9.545659992378637,0.9108827908612654,6.325195342349067,-47.59423377488195
2026-07-04_Mark-Liversedge_Wrist_01__swing_0014,2026-07-04_Mark-Liversedge_Wrist_01,0.403,1593.6685584091804,1,13.970998943647603,268.02799999999974,512x1024,4,leadArm>club>pelvis>thorax,0,unresolved,1280x1024,1,partial,80.285,809.8764212105192,1,14.807019528526567,2,leadArm>club,1,partial,94.3090549919679,1.09217341353302,86.34989079883569,108.04338473193043,1.0215813467424664,77.02506495737853,105.760921610844,133.9950800715454,0.027435291647648574,0.03204538180241934,0.1365644887208024,-20.247000000001236,589.8639682856887,0.02639190706638256,0.06477742469296147,0.06380879822490071,0.16202517625785132,0.016216028835590368,0.027801829811189244,0.3146794764997328,0.3997952760141075,0.08992325408007495,0.17079570955537482,0.049714619444608754,0.0856794267970392,114.45739839459925,84.28429812985219,0.9603548213113653,8.793876524208832,0.25079894688064647,0.7879187047481537,0.7361077606678009,0.734794282913208,0.635002326965332,0.019112738207190547,0.8493533271647773,0,-20.247000000001236,789.8931111072119,10.129186220274136,0,placed,0.08498434698255836,93.849,87.084,,0.7532695055007934,266.7611668820523,34.41787890699207,bounded,-20.247000000001236,759.4279706124644,4.0000000000000036,0.11631907225384078,0.013420462333081473,0.09433873713009822,0.047972606780931404,0,-20.247000000001236,808.0983000226994,54.23879343459073,74.708847838565,85.76210215793218,77.89533909437789,nan,1,3.752999999998785,3.752999999998785,827380.1431991449,461.0206876141597,86.4351388104767,14.454651250055008,0,bounded,22.730061794508465,13.98910889155329,47.589088099501325,0.0,0.20770409857592337,0.0,0.0,0.0585367612142806,0.0,1.7901581696862017,1.8397189714402586,1.8815054437864085,3.2531955366620195,3.1022877621158234,21.151897811076292,-17.398897811077507,3.752999999998785,-6.98161441350345,-11.103023137826364,7.005909229465166,8.944011571586179,-55.92160392755708,148.8477661956668,1.0668939586593789,139.51505207012664,128.34938815135797,0.899922680893626,120.24681541833726,142.62268401092706,133.26209944802713,0.06684521623208006,0.06968817141532568,0.14328527809184166,-24.24700000000124,691.9949961576548,0.14909473709018028,0.1848522724098129,0.15176830194522606,0.19576161459938599,0.03281358532516554,0.06760538532368628,0.1236146367454527,0.18646437450559647,0.08391803962592226,0.15292718684241352,0.10094192744432795,0.11578070441828447,125.18236208104334,83.86190094408073,0.9775375567403682,9.169029171259274,0.15617202728574717,0.7957825362682343,0.7322288453578949,0.7271300315856933,0.7036834001541138,0.02003156825779066,0.8946937288407479,0,-24.24700000000124,763.2316386635798,23.568589753855036,0,placed,0.12676156416494672,207.545,33.354,,0.5357210993766784,983.1151372010797,10.434896525254715,bounded,-24.24700000000124,917.6931444036002,4.0000000000000036,0.16353631159602003,0.02721097341590001,0.10284708760150418,0.10114487242869252,0,-24.24700000000124,833.4695620309823,62.85065375692192,81.02555714906683,131.38928424208248,114.8179143504379,168.00000000000014,1,3.752999999998785,3.752999999998785,,580700.8821950619,526.7680550727723,256.08031620609466,29.69797611509704,0,bounded,16.17706093377166,17.573314359206975,68.11055546959793,0.0,0.20852494906334085,0.0,0.0,0.058727982775013975,0.0,5.9535312776675555,5.505957336989752,2.3452642875728578,12.637974409613298,2.282020655804609,10.61661392132729,-22.86361392132852,-12.24700000000123,-1.1787308386300843,-9.605819468762574,1.5057775152014392,7.575872183660291,-44.16202492790884
2026-07-04_Mark-Liversedge_Wrist_01__swing_0015,2026-07-04_Mark-Liversedge_Wrist_01,53.08,2020.538556921537,1,9.909632392296388,274.5689999999996,512x1024,4,leadArm>club>thorax>pelvis,0,unresolved,1280x1024,1,partial,100.434,684.1573403902521,1,21.396629812427896,2,leadArm>club,1,partial,97.2279820701781,1.1228229871314885,86.5924399344277,100.21111132214469,0.9640289710605022,79.18251575139638,103.9503109661789,119.83548883877233,0.029212551135665232,0.02159323221339582,0.1408423040054223,-44.15500000000128,742.2613335496613,0.08521560809545314,0.11201503561810991,0.08482329649251874,0.16158198055220083,0.01799971588279231,0.03780993394852697,0.30943507746299304,0.369084629105213,0.1608371195067818,0.21998349601415548,0.07156822531046725,0.18413937297576888,98.76345022144876,83.0102932852667,0.9720043832813521,6.755295138678571,0.021097004352740253,0.790787398815155,0.7411164045333862,0.7411164045333862,0.6095173716545105,0.021097004352740253,0.7892132729695028,0,-44.15500000000128,967.8232617918416,12.933439871913455,0,placed,0.09236180485904934,107.266,93.83800000000001,,0.7508486211299896,325.8600174107607,30.246571804849108,bounded,-36.155000000001266,920.8312022598396,4.0000000000000036,0.13421895259865255,0.018959543012469826,0.17182235520588995,0.07662069348264122,0,-44.15500000000128,994.683858367285,50.1642249215539,91.32022664806914,83.8310259941609,76.74955678276697,72.00000000000006,1,3.844999999998766,3.844999999998766,30315.208044727486,356.863403752813,138.84608282612734,95.70872642731895,0,bounded,25.96917379945418,20.668331460559923,55.26804845158714,0.0,0.18789122193685834,4.0000000000000036,0.0,0.05352614136988991,0.0,2.8169156090702603,2.9643235900073086,2.6198215523169126,4.875536577220759,3.6430503241291903,-1.2473417961000877,-34.90765820390118,-36.155000000001266,-7.5927034552380075,-10.318088098489888,7.8942858334610495,12.253836824511776,-50.251177880033296,152.80234324061496,1.1535020697831435,132.4682003122383,124.93958336768819,0.982260202126927,117.70799981510892,127.19601496339926,134.90099378639715,0.16499765800488153,0.12303353049207044,0.256083240684427,-36.155000000001266,735.2607437650306,0.12706663106876626,0.23453247294440166,0.14193027682014936,0.21269967504290765,0.05534399156176684,0.14953820768899534,0.11221451923260961,0.20421667192458204,0.1020014511246281,0.2715424459254684,0.1702619298129937,0.17972893803603773,119.80492174032945,79.0688611368253,0.9558141148783652,12.130689715052991,0.32432185977046957,0.8012529015541077,0.7460753321647644,0.7460753321647644,0.7132381916046142,0.027325329465976635,0.8923636855956583,0,-36.155000000001266,904.6173241727364,24.596517771611698,0,placed,0.13381467929486945,140.443,,,0.5362667441368103,622.054248338051,17.542581130449264,neither,-32.155000000001266,1058.7881224083976,4.0000000000000036,0.19909086692610337,0.04936304047576445,0.1537444101648282,0.152943819699926,0,-40.15500000000127,1071.143839020587,59.18148996794241,69.46990747566043,130.2252402958401,113.89475753695005,172.00000000000014,1,3.844999999998766,3.844999999998766,,345775.93468362855,436.37728796496333,334.1165648761387,43.9609045200494,0,bounded,16.778563576151814,24.349984670407526,74.57329614523047,140.0000000000001,0.20257520026462444,0.0,0.0,0.057332106171440404,0.0,8.203486549581172,7.225198536583746,2.4552968537568516,16.3624301936703,2.73713411921335,26.199010836798653,-34.3540108367999,-8.155000000001245,-1.2946161756705248,-14.745122893333733,2.9650647191920165,14.266532737397673,-41.25402262539048
2026-06-11_Mark-Liversedge_Wrist_01__swing_0001,2026-06-11_Mark-Liversedge_Wrist_01,1.541,2172.402398239204,1,14.356514801495335,280.7010000000001,576x1024,4,leadArm>club>thorax>pelvis,0,unresolved,720x1024,1,partial,53.557,877.2083667929497,1,17.54007779529819,2,leadArm>club,1,partial,95.3503420357679,1.0822747375983477,88.1017903525659,119.472412161607,0.782363300696186,83.54020711152626,152.7070761822474,138.85593332238366,0.08760809440999795,0.0869915205193712,0.18386316246840972,-43.79200000000117,604.1834597669816,0.1406522787961531,0.18005720810297887,0.08474909264766606,0.14631645515281405,0.05490192153149831,0.11786424009624875,0.2691145238179731,0.4121513177708262,0.024031079948054757,0.2654660962553436,0.14562323386395715,0.21200754205480163,103.60709573733618,75.58929545480947,0.9088160444872011,12.718904349751927,0.37755451423744185,0.8023366689682007,0.7699597001075744,0.7674714267253876,0.6101723551750183,0.001598511471856793,0.6913151868266465,0,-43.79200000000117,751.9785305487218,15.045857988880437,0,placed,0.09861874151424903,127.237,,,0.7321692824363708,141.68800924101228,53.5921135662904,neither,-39.79200000000116,732.2032343240915,4.0000000000000036,0.0947650759145044,0.05520528377827505,0.025915529673465887,0.14174062111399444,0,-43.79200000000117,778.8188451538841,41.94712528848416,67.12239369785073,84.11480609302716,80.58914923415426,140.0000000000001,1,0.20799999999887575,0.20799999999887575,131602.90258563712,357.9277146223963,103.47690450513407,39.65555003112889,0,bounded,23.18231186891958,22.153889916035958,45.707171377459396,0.0,0.20571930085204732,0.0,0.0,0.05806574985048027,0.0,2.3590397042851636,2.1919192726420254,2.111925436628551,4.743212754117878,2.584647606439566,39.8580619056732,-39.65006190567433,0.20799999999887575,-4.4600036117030974,-11.366770047997239,5.994136869642718,11.636692408223619,-55.0296173606639,145.62612614581636,1.037343653269101,140.38368643495136,160.44276189430494,0.900906483450399,122.62282556013746,178.0903621426079,165.44532800597145,0.09615007143157916,0.06471525557878621,0.019059789951202166,-35.79200000000115,600.2010207380144,0.088115507796373,0.10860328044544379,0.04304561198578627,0.11436743936279124,0.09623969018679202,0.1654711925584571,0.061467693473095775,0.1770675731524362,0.058723683413475,0.09103443781790224,0.018168507349195062,0.043613073224923145,144.06966733357552,81.45602988814831,0.9491839732107376,12.397322736597978,0.2569492306776243,0.8411563336849213,0.6567607939243316,0.6567607939243316,0.657066798210144,0.011263777356863168,0.9095966202900576,0,-35.79200000000115,640.1500752149974,34.30391135910591,0,placed,0.08488934866081638,100.124,87.09400000000001,,0.5005016326904297,1152.4169863010884,17.933474717456438,bounded,-27.79200000000115,763.9318510229156,-8.000000000000007,0.11083234163102565,0.11368692086264798,0.0810109926215401,0.015153037722322793,0,-39.79200000000116,760.444823489128,67.38890077422245,75.07312977170596,135.60087940285186,126.35115045424489,156.00000000000014,1,0.20799999999887575,0.20799999999887575,,138259.67026211746,380.883070328886,179.7431098939685,50.99098075279016,0,bounded,11.976356150292547,24.693879987080855,46.07099694356714,0.0,0.20864048387134768,0.0,0.0,0.058748040915782125,0.0,4.460725809333979,3.807636345155795,3.112248989583445,12.180798320685012,1.5,22.887507695349196,-42.67950769535034,-19.792000000001142,-1.118217596500364,-1.6878476061867778,1.6878476061867778,7.60955668322801,-56.82239011179392
2026-06-11_Mark-Liversedge_Wrist_01__swing_0002,2026-06-11_Mark-Liversedge_Wrist_01,3.042,1832.8941702537202,1,7.334963419938505,301.5880000000002,576x1024,4,leadArm>club>thorax>pelvis,0,unresolved,720x1024,1,partial,60.304,778.9309045102519,1,15.684060068648444,2,leadArm>club,1,partial,98.14675428021323,1.0772951003143505,91.10479965199359,117.689962995676,0.7603550805866871,83.09636124992103,154.78289814920007,135.4465604452035,0.06925622208401572,0.08681391176728348,0.12655086664033455,-39.95800000000127,758.4330330052604,0.05840435877921468,0.1619139195532448,0.0688480453433819,0.11605581039942092,0.03183918109626205,0.07600935458299031,0.2928823706482758,0.4054282933104585,0.06373339988976356,0.2894596499704493,0.08470849831309679,0.12494581426946304,102.51137652600954,75.12697655302071,0.9207911930630807,12.641659467689536,0.3523978573079969,0.7826569080352783,0.7631580471992493,0.7631580471992493,0.6504888296127319,0.02979839600827938,0.8225185300397652,0,-39.95800000000127,925.2903449824129,12.027193671530119,0,placed,0.07346283032178462,93.915,87.208,,0.7370450913906097,207.35171315520338,43.72491438681606,bounded,-35.95800000000126,921.4862194247437,4.0000000000000036,0.1397287765730299,0.031863511433978586,0.07816834446624821,0.08612641514410524,0,-39.95800000000127,951.8140992060632,42.904985348055035,73.30931832594851,84.57682352708987,81.19387849201419,240.00000000000023,1,0.04199999999876525,0.04199999999876525,831035.9995761247,280.1052904691995,153.49682007688656,19.220061393124475,0,bounded,23.54886122020491,18.313397621952966,45.54733657464447,0.0,0.1981075223735923,4.0000000000000036,0.0,0.05585764631158743,0.0,3.3762221452085766,3.2495033242963163,2.6134412022137963,6.738398022943573,2.3409030531110115,45.689676571000874,-33.647676571002094,12.041999999998776,-4.155013291916814,-11.778982929253743,4.722913477581761,11.428329197835932,-53.510934604364216,148.65222895510442,1.030855505560337,144.20277929669908,157.59803680579157,0.7150030454072726,128.0909700703468,220.4158958735934,168.69272229389793,0.07258377272262606,0.04307170830165097,0.05824804304556297,-31.958000000001263,699.8416119253536,0.02181275296624763,0.11006347287415545,0.02049487904851821,0.09682102451474361,0.06872271798622198,0.20135088703174148,0.1267734348787387,0.25965618738869983,0.0417432948166403,0.07412326130808689,0.1012147271046846,0.1889885884428048,157.370815997932,84.78856092401165,0.9608515744367604,12.281379865312307,0.24188777057334007,0.8493664741516114,0.6784709095954895,0.6784709095954895,0.676654052734375,0.025853733963495832,0.9155534099363455,0,-31.958000000001263,769.029421027052,19.133171635546542,0,placed,0.0886822814501452,127.453,,26.891000000000002,0.4025298088788986,1087.3264912577456,10.115170974066524,bounded,-31.958000000001263,822.6167206980713,4.0000000000000036,0.14656421633907757,0.07705915945143593,0.038295334171996265,0.0920682884974171,0,-35.95800000000126,850.8416170295869,72.64901679690297,76.13107523643956,137.62617136811252,131.59463722966834,172.00000000000014,1,0.04199999999876525,0.04199999999876525,,559592.7194238828,362.5070361551669,242.13005968991894,29.41733489430118,0,bounded,11.410077612144816,20.90696970634836,47.715008189804614,0.0,0.20862951299655816,0.0,0.0,0.05875326194658458,0.0,5.853721411259568,5.125416315959195,3.6653956451836303,15.40235192331629,2.2318922073653806,17.637344705724534,-33.59534470572578,-15.958000000001249,-4.226225942643764,-1.7186317999744316,2.484137908472354,7.40353083999817,-54.56433479700684
2026-06-11_Mark-Liversedge_Wrist_01__swing_0003,2026-06-11_Mark-Liversedge_Wrist_01,10.748,1290.992575539696,0,5.758513219766142,267.8959999999999,576x1024,3,leadArm>thorax>pelvis,0,unresolved,720x1024,0,unresolved,153.973,1000.584247659623,1,11.109335096863102,1,leadArm,0,unresolved,106.79621307210672,1.2627751654675805,84.57262701437608,99.79504107497907,0.6635958882100077,80.65034452952293,150.3852613435679,138.49427963504218,0.12058520428188813,0.1286509595577655,0.3107874815664051,-38.55400000000131,606.9333616952542,0.16385652639921988,0.261318701938515,0.09223179719208652,0.14804055005866745,0.05525582469404133,0.11152517662657706,0.2344355728825262,0.28362205585851785,0.1920578527159409,0.45979322260181965,0.1499666074717354,0.1978252073398707,94.04822674105473,69.32089757127451,0.8382835268141479,17.13246562495441,0.5867179580772471,0.8108015418052673,0.7722810447216034,0.7721498489379883,0.6383295297622681,0.026665209957216596,0.7789676529172511,0,-38.55400000000131,1030.370797509405,12.456870253974333,0,placed,0.10422984949186391,160.705,66.92,,0.610454797744751,344.0325310069196,30.531743435312166,bounded,-38.55400000000131,1021.6167428288263,4.0000000000000036,0.108494484968749,0.05447093707426187,0.1999284309981041,0.1465987003330087,0,-38.55400000000131,1052.7851728670894,43.13571254095232,52.86340323469742,83.38390326963582,79.30986394528566,132.0000000000001,1,1.445999999998726,1.445999999998726,-66392.54456093757,476.19060199898246,111.03070865258785,57.833156543267236,0,bounded,33.39012169751152,28.678021249753975,60.302836025874356,0.0,0.19648346279904888,0.0,0.0,0.05588145715166462,0.0,2.4245724011987613,2.3748992240835705,1.902203885112929,3.956865796525113,2.8086903565363692,73.77773551106381,-36.331735511065055,37.44599999999876,-9.379380185985646,-27.160763379589504,10.625980823528023,21.533282752776795,-44.304796243256035,144.4623605804571,1.0413382553406998,138.72760348479912,162.03056674068495,1.0646538333258437,119.67439190448327,152.19084520131955,171.5314783600528,0.07983174775479762,0.06029712629075079,0.09229072566107388,-34.55400000000131,605.7514425820943,0.10575711654506009,0.160481396550183,0.04119744294290206,0.15210839846149238,0.08441730332962055,0.15402680593657525,0.16175283947896546,0.39184200331276475,0.04898191656344142,0.0822494292762438,0.0870572202139559,0.11807416106852778,157.3045137498335,84.07869646859695,0.9409658368787259,13.878201407256949,0.21886287599677828,0.8405283510684967,0.705371367931366,0.705371367931366,0.6861592769622803,0.021523334592476885,0.858160160637844,0,-34.55400000000131,665.0448630993698,24.743144253381562,0,placed,0.09015159535835697,100.436,86.933,,0.5185281157493592,1270.8059815932786,25.346983532889773,bounded,-26.5540000000013,807.5875450387325,-8.000000000000007,0.1463042589502397,0.09003699333875498,0.060537061737187425,0.08671628976295231,0,-38.55400000000131,743.9257428574106,61.93397825916888,77.32033284884398,131.35566648496444,121.64090002646138,156.00000000000014,1,1.445999999998726,1.445999999998726,,137799.33963235983,356.8293852634854,179.31386885217006,51.01505628338623,0,bounded,10.550202084250058,24.012024946076547,40.10055775678141,0.0,0.21001832899295203,4.0000000000000036,0.0,0.058763104379886424,0.0,4.605084415266389,3.8181914657098943,3.237026915598206,12.195794758409487,1.5,17.83497637121334,-40.38897637121464,-22.554000000001295,-4.746294202320852,-1.4719496762775515,2.506224157315717,8.166253815819179,-56.1403250615594
2026-06-11_Mark-Liversedge_Wrist_01__swing_0004,2026-06-11_Mark-Liversedge_Wrist_01,35.033,1603.9712432638314,1,14.89651698210376,368.7070000000001,576x1024,4,leadArm>club>thorax>pelvis,0,unresolved,720x1024,1,partial,160.961,709.687302621323,1,22.266732667184737,2,leadArm>club,1,partial,89.70471937954675,1.0834242369759264,82.79740873245757,132.2915645651734,0.6715978096392475,85.8883492140797,196.9803395223021,162.68749891390638,0.11796306838248061,0.06985913839619862,0.08958857035051859,-39.00700000000157,558.8356221495962,0.12404790350140354,0.13262124017375682,0.06350145945088104,0.11970181609772276,0.09640109027306587,0.16106824282421842,0.46542662104139443,0.5298263935689767,0.06322812253162913,0.2149587260914018,0.059287132560823075,0.12343538115333522,111.82723511423148,76.72133189702546,0.8901633599879223,13.58752236335317,0.24518374663432183,0.7963512539863586,0.7543923854827881,0.7543923854827881,0.5955714404582977,0.005711444075690762,0.7423762327715853,0,-39.00700000000157,735.7389195639048,7.33916792805491,0,placed,0.0843222839083088,187.757,114.155,,0.7306817948818207,236.0881433415024,55.69526755888336,bounded,-39.00700000000157,723.0160470019439,0.0,0.09640534800728345,0.09658435936417176,0.07052707475892472,0.06385278048507703,0,-39.00700000000157,757.987255421747,46.447657358160086,75.07005023027621,82.49615699551838,82.9760058605477,132.00000000000057,1,0.9929999999984673,0.9929999999984673,113911.916029266,292.11113392958856,33.63978476638985,24.30283977235673,0,bounded,18.892957917681372,19.578800236345913,39.34471316015269,0.0,0.20650295743772157,0.0,0.0,0.058255243830628266,0.0,0.7376069351815246,0.7148727176372097,0.8128112131923467,1.5,1.5,24.432523781625637,-39.43952378162719,-15.007000000001547,-1.5951704794227488,-14.782504739014763,1.546780356422953,9.380669667750686,-59.82131129274792,139.62958810147168,1.0194874731741008,136.96057261669438,170.81670457102973,1.0331978998812452,128.11072698257823,165.32815696844065,174.53257212665767,0.08729306052198993,0.04546911294394407,0.1129229124478397,-31.00700000000156,678.0033343129962,0.11347363940510419,0.12107777948272927,0.05682861513455628,0.09424566460079949,0.09177773544882195,0.13765113084770744,0.23968727972508352,0.3918061918448755,0.049262226372898676,0.08653075988499377,0.11025287105428738,0.22299512456464954,164.8858716506843,85.24777971695612,0.9528743471855083,12.261032631878017,0.11191113316809767,0.8435105681419373,0.6786966919898987,0.6786966919898987,0.667659056186676,0.005058879218265224,0.8907545344257607,0,-31.00700000000156,704.6750204511461,6.258553421303229,0,placed,0.0844406343766616,120.817,,40.283,0.5238635838031769,1170.4378451943726,12.56675562199067,bounded,-39.00700000000157,819.2971298024264,4.000000000000448,0.1534852795566931,0.09063123691748931,0.06033556809001839,0.07932046532433645,0,-39.00700000000157,784.1360635738172,65.73331759007469,83.77461238296975,131.2008453908609,129.91619674446903,nan,1,364.99299999999926,,364.99299999999926,-1133190.5948055629,322.20613922086727,26.09502385320196,6.78644550792086,0,bounded,6.163305905602617,23.53946403311744,48.15370009836019,364.0000000000008,0.20559090701577631,0.0,364.0000000000008,0.05803912043787423,0.0,0.5319864331479917,0.5008342288203821,0.5663399641636643,1.5,1.5,7.643857116597097,-38.65085711659866,-31.00700000000156,-3.588936190552562,1.2207787886405341,2.665243877172898,5.536515492332926,-58.69904358632805
2026-06-11_Mark-Liversedge_Wrist_01__swing_0005,2026-06-11_Mark-Liversedge_Wrist_01,51.956,1622.1531590534946,1,11.071759072304658,308.09299999999996,576x1024,4,leadArm>club>thorax>pelvis,0,unresolved,720x1024,1,partial,207.504,4211.050000042589,1,6.541134267315552,2,leadArm>club,1,partial,98.56153912438556,1.1836240082162044,83.2709867662485,108.86914261156522,0.5689561016559584,81.09189155555882,191.3489323599823,150.8558709873499,0.08737391839946995,0.07296858214547874,0.29211840400270805,-42.86400000000113,608.8052219397904,0.0475555921021778,0.14270447268939085,0.09657008600378392,0.15098110358498812,0.032826230683967506,0.11964854755066466,0.22290632314067543,0.3597625457129723,0.18864898100110872,0.34613756164698956,0.1732869806251257,0.26491193231003185,107.21646882691975,78.63092480042629,0.84103540575592,17.081415932200336,0.3924469519105706,0.8165584802627563,0.7778648436069489,0.7764732539653778,0.6400209903717041,0.03127563587086029,0.7570134593574797,0,-42.86400000000113,966.7076677869342,13.295705675108563,0,placed,0.10914086946921159,127.266,113.733,,0.7189573049545288,343.244662695005,32.53122266810207,bounded,-38.86400000000112,902.7164941243159,4.0000000000000036,0.12909128190377395,0.03358329043615316,0.19886400113607705,0.1650533160979295,0,-42.86400000000113,998.3372491756478,44.2814940277495,70.53924619606683,83.5824693323348,79.6736104341093,172.00000000000014,1,1.1359999999989157,1.1359999999989157,11826.641780546373,312.64887919218444,205.20031582642156,186.28302811695318,0,bounded,27.638838245284575,20.042685958941703,52.332766399220844,0.0,0.19438866334092905,0.0,0.0,0.055364376116778136,0.0,4.096761556126616,4.366128270374513,3.02104305288682,7.877908138364269,2.289552581003818,54.26928430381395,-37.13328430381502,17.13599999999893,-9.157868908094201,-19.263535711077505,9.017955305703635,14.637705670779223,-50.836003536194745,141.21036057709696,0.9987082117454292,141.3930104072194,165.395558765561,1.1514895919855066,120.2169484548804,143.6361734545689,166.7997833807872,0.028590386800333822,0.046114184881947184,0.131631360081089,-38.86400000000112,629.7246742714854,0.02794427434157054,0.08143253313651388,0.031946167633175815,0.16144180298043218,0.031641038033607405,0.10769024331031113,0.1854441523331179,0.37417044097678887,0.04327279345717705,0.0790147689502479,0.14119953341489788,0.1795275313107906,151.7175332229648,85.3020462360626,0.9607077848711363,11.475401760549813,0.23246301090005372,0.7763260900974274,0.7210263013839722,0.7210263013839722,0.6843634068965911,0.023694772594844628,0.8820164891688607,0,-38.86400000000112,634.1052837134743,24.179511996173584,0,placed,0.0825421555538852,207.504,,,0.5097225904464722,1378.127616578222,8.396576549623367,neither,-38.86400000000112,734.8836643862244,4.0000000000000036,0.12079843546451137,0.048698733496181534,0.05941906400889041,0.17314306259523438,0,-42.86400000000113,713.326115491993,67.21624759120117,76.93098593691718,132.64283497888965,125.1092329061218,152.00000000000014,1,1.1359999999989157,1.1359999999989157,,-83484.31030845073,308.53868717562784,265.6524197119217,79.77548515360259,0,bounded,9.99323409325868,18.919254089493993,39.803276978611756,0.0,0.21265439229443753,0.0,0.0,0.0596821108017862,0.0,6.320658239903912,5.583807076499884,4.47678943892006,17.702967133619794,3.0060670797348394,22.22364207210159,-37.08764207210269,-14.864000000001099,-0.1968990264487071,1.3876717926096378,1.3876717926096378,3.8826689918600708,-59.702937196954295
2026-06-11_Mark-Liversedge_Wrist_01__swing_0006,2026-06-11_Mark-Liversedge_Wrist_01,52.961,1744.7482144993455,1,10.502221038804054,287.9810000000003,576x1024,4,leadArm>club>thorax>pelvis,0,unresolved,720x1024,1,partial,154.035,785.149336136989,1,17.1859166728643,2,leadArm>club,1,partial,95.91279999272581,1.1182495975782916,85.77047575106388,111.1908711192099,0.7014350121228821,82.56798765890876,158.51913462758648,135.88350377472173,0.07335739765418081,0.09368716482521622,0.19692818617819774,-49.37200000000086,638.6520358922567,0.03222460674156247,0.16659663856074203,0.08989966032021401,0.13651512233010993,0.017076241794910407,0.12780868199070286,0.32060658200818504,0.37656518483328494,0.08460686215286661,0.3121959251476399,0.14160075600465982,0.20659992107459335,96.25258253701311,75.15505373266937,0.8991030185678737,12.528232450043733,0.3239099717017552,0.8013625741004944,0.7738358020782471,0.7738358020782471,0.6269411623477936,2.2892577495542923e-05,0.796052879197968,0,-49.37200000000086,854.0604631241648,15.789086380827252,0,placed,0.09642058241564395,167.506,67.105,,0.7146482348442078,294.02648592475373,45.29770957941127,bounded,-45.37200000000085,820.7164878574606,4.0000000000000036,0.0792695503603883,0.015473325415659156,0.0885167442057947,0.14145355310825358,0,-49.37200000000086,879.2100391184487,46.92816533994681,70.58038707396472,83.82251336886604,79.36756532484297,212.0000000000002,1,2.6279999999991865,2.6279999999991865,237542.3474682251,261.8464889540007,155.290523587613,36.159045099983985,0,bounded,24.205233367092124,21.389090852591842,49.15339658844956,0.0,0.19642133631486214,0.0,0.0,0.05585571534969005,0.0,3.458805485327843,3.309095804275031,2.893488499985261,6.474112210295093,2.94174252747147,36.00171235857053,-41.373712358571346,-5.372000000000821,-3.1663656594559884,-14.14830247867412,4.7810766063661285,11.570178893131683,-53.30847938493337,144.07776859345358,1.0073316102917709,143.0291347173369,160.2287243635314,1.1176929905047812,126.02174757472967,143.35665135661955,161.37852597241996,0.05643187682091033,0.05339734262098894,0.05203012564578824,-41.37200000000085,671.2514773100055,0.025414341627931658,0.08655697080297504,0.03829588970436215,0.17240755868947755,0.05825181572501048,0.1673599948378742,0.13753814562835398,0.3050707972293243,0.052013294212168715,0.09653132162617069,0.052602877003993465,0.13138116067568167,138.54631206150657,80.64178222448092,0.9681980379118817,9.918997882068282,0.2579085483586514,0.8403863072395324,0.716062331199646,0.716062331199646,0.6661108553409576,0.0066982905742685155,0.9209073479056258,0,-41.37200000000085,680.6611975320658,25.998177414771376,0,placed,0.0854178406680535,100.465,,,0.5082441449165345,1053.8772616537142,16.720280253336725,neither,-45.37200000000085,759.1950383065016,4.0000000000000036,0.12221950177116539,0.06592093504842644,0.05861814820994171,0.07723333196499471,0,-45.37200000000085,761.1775532119616,70.63374966021267,75.50640355304944,135.43523406650652,127.40753424377318,148.00000000000014,1,2.6279999999991865,2.6279999999991865,,593102.1716982245,237.72418372086935,261.1754393396296,29.676754749392483,0,bounded,10.169056499520712,22.220619113141606,46.57565734899223,124.00000000000011,0.2111310864184452,0.0,124.00000000000011,0.05933103457463175,0.0,6.407334748873528,5.486536449850683,4.215693061764272,17.320861886992915,2.6923486675763733,20.52752478857256,-41.899524788573395,-21.372000000000835,-1.34224597976283,0.7943492887749228,1.8232743041773296,3.549396865741827,-58.44319518473454
2026-06-11_Mark-Liversedge_Wrist_01__swing_0007,2026-06-11_Mark-Liversedge_Wrist_01,7.078,1910.7909307228301,1,9.04009495916571,375.22600000000006,576x1024,4,leadArm>club>thorax>pelvis,0,unresolved,720x1024,1,partial,375.226,1101.8594199178897,1,19.62746661904392,3,leadArm>thorax>club,1,armBeforeThorax,96.82944051070817,1.1097214862182225,87.25562378781142,110.29281317473814,0.6932670604520992,83.54582065865937,159.0913797387302,127.9469856166654,0.12192481590232163,0.10694431956695127,0.14329997533015515,-52.6380000000013,633.3005394731924,0.17436542104964214,0.18800490742107415,0.11044958182982034,0.1617423158360558,0.07715992653455128,0.2169103739023331,0.281993368722261,0.3875183846782285,0.039540564356393304,0.3163834413370288,0.0964081196175377,0.24629725104871913,89.81487570951755,71.89450915836221,0.9012976183781359,11.796543174886663,0.41022901604839535,0.8213255107402802,0.7846836447715759,0.7846836447715759,0.6442726433277131,0.021142528548895468,0.6913121306642819,0,-48.63800000000129,801.8963824732072,9.744439056345733,0,placed,0.11947811655708382,160.986,,,0.5416074395179749,242.06680874565677,38.09401876913622,neither,-44.638000000001284,782.0469420698861,4.0000000000000036,0.09152690380729155,0.07730084303087081,0.04154934640147079,0.09992120844934937,0,-48.63800000000129,816.6760955339646,41.64620312056055,66.46069995259975,81.5077812678422,81.0734971648455,200.00000000000017,1,3.361999999998755,3.361999999998755,129743.70541396197,313.75147006433303,42.709526465000074,25.658675093717083,0,bounded,27.21571729301754,23.39965479213247,49.65700019331676,0.0,0.20198323348707273,4.0000000000000036,0.0,0.05718043278891874,0.0,0.9934460939585019,0.9103943560238653,0.977033922013588,1.6948421022349875,1.6243475428024945,46.23471604870622,-42.87271604870746,3.361999999998755,-2.3418019005516966,-13.129083282646693,3.321240884195991,12.898100679153588,-50.155371533360324,141.1756568100183,1.007477581271979,140.12783950167767,165.4973621098609,1.0541042892414627,124.96947956563741,157.00283529721085,166.23357936670206,0.07743568043133542,0.05744830925725264,0.17163092590563123,-44.638000000001284,646.8528145832481,0.08611461281654054,0.10748969464010055,0.04696746665920448,0.0853021385226671,0.07226329384941743,0.14793805832903953,0.17230156775667027,0.3130649522645483,0.05433518931355463,0.08432825575785184,0.16550364097224546,0.27360606631429335,151.03029767215833,82.26972338912913,0.9408470341745071,12.309590750419796,0.2137640697816401,0.831932544708252,0.7079972624778748,0.7079972624778748,0.6957162857055664,0.01569185425464646,0.8854700933995927,0,-44.638000000001284,654.3226823425989,11.488629813926778,0,placed,0.09381348660122077,93.977,,,0.5046439170837402,995.9917267152616,16.684387344217555,neither,-48.63800000000129,771.0257046809185,4.0000000000000036,0.12856906338567775,0.09235658545875758,0.059956224610474784,0.1591864065983306,0,-48.63800000000129,722.1488333027513,66.62867487088535,78.05830977740695,132.3979566194442,125.84062452354398,40.000000000000036,0,95.36199999999883,,,-216580.89623564764,263.9803011244073,50.97030183329422,21.695193464289687,1,placed,11.605957035650574,23.18124982354063,40.70914248790828,92.00000000000009,0.2119709956360966,0.0,4.0000000000000036,0.05952485079339996,0.0,1.3316044637255615,1.1630174961398023,0.9836634129438198,3.7370105937334275,1.5,17.238523177665943,-45.87652317766722,-28.638000000001274,-2.5685386986442706,2.05665551882195,2.9591044212187447,6.682482073648889,-59.020519511548834
2026-06-11_Mark-Liversedge_Wrist_01__swing_0008,2026-06-11_Mark-Liversedge_Wrist_01,45.294,1556.945598582381,1,11.931447193643676,274.8219999999999,576x1024,4,leadArm>club>thorax>pelvis,0,unresolved,720x1024,1,partial,160.944,640.029825581394,1,17.404562506294265,3,leadArm>thorax>club,0,unresolved,96.37108996625338,1.0894282999338372,88.46024100173105,114.57045418520279,0.8665618156959556,80.19608009157312,132.21267324499942,134.26583559309964,0.07954668249337371,0.0824492052633583,0.1868429504809601,-49.54100000000095,657.531133668424,0.03651261732219757,0.21797066827094733,0.11616308610300619,0.18093622478735197,0.04055049101653252,0.08779929330066064,0.33128004038967074,0.40691363819619214,0.040710671984708124,0.22593665825805745,0.14007602452998624,0.15898076861474505,105.22130594098205,79.27082917181141,0.9128773481977739,12.090282151871055,0.31074016562460816,0.7954943776130676,0.7707900404930115,0.7707900404930115,0.6337216258049011,0.008745546587797989,0.6474489115836103,0,-45.54100000000094,828.5438975148259,18.295355671998152,0,placed,0.10773382300070515,160.944,60.651,,0.7545833885669708,286.535799500058,36.55645870480155,bounded,-45.54100000000094,789.234931548482,4.0000000000000036,0.08284605620928863,0.039805926823547,0.047226540916558424,0.1354356586237183,0,-45.54100000000094,852.6230925478607,41.750927895266216,71.22446640749942,84.81570133749005,78.63558774539848,116.0000000000001,1,2.458999999999101,2.458999999999101,219240.24594798897,250.48836279450273,212.94274751601284,44.074387351844564,0,bounded,19.359359714543864,21.145238172052235,47.39885052469268,0.0,0.2036385511273557,4.0000000000000036,0.0,0.05757675711599894,0.0,5.136660936836809,4.53593878101117,3.642354789958431,9.48773508457352,2.181878621157866,32.62820301799563,-42.16920301799654,-9.54100000000091,-2.661054884264706,-12.181764155510937,4.326006874845403,10.690741123277974,-54.30473981230896,144.83691409287488,1.0089017153191238,143.55899280740323,164.45302361846612,1.0891863698504376,124.38750085854129,150.98703782076166,163.19493577547675,0.038308889186093986,0.05515890526638767,0.06405976694022986,-41.541000000000935,671.1469456806773,0.017899768053509124,0.056218195899770264,0.020948968655620737,0.14867016327319896,0.044068816258942656,0.19081990704202742,0.1010765636420754,0.32735633853899193,0.05044896280176214,0.08159026491528368,0.0466227835007369,0.05999838752755098,148.9356585461565,85.0182543781863,0.9665056168444532,10.59557501083615,0.17919747740496206,0.8463380336761475,0.7025212645530701,0.7025212645530701,0.7033866882324219,0.01959973389681969,0.9514925049048708,0,-41.541000000000935,671.9104888003401,29.09006241031468,0,placed,0.07364183042330351,80.494,67.324,,0.4861498922109604,979.8635907806605,37.83348655577264,bounded,-33.541000000000935,791.7839135880322,-8.000000000000007,0.1140842440413454,0.04926240255709796,0.06251666839587378,0.089486327942784,0,-45.54100000000094,755.2049518772512,79.62144334519944,80.0982249186717,140.47511774523994,143.05223355323528,24.00000000000002,0,138.4589999999992,,,-1778085.1198958717,383.15555669048933,213.3017007220305,15.48944593745227,1,placed,3.9617746934136586,21.769205583730518,45.52498500679508,0.0,0.2107727788446034,0.0,0.0,0.05924723867984111,0.0,6.81505041749502,5.920496652084213,4.609077843157364,18.940653301326385,3.2219239267435045,13.695053525480727,-43.23605352548165,-29.541000000000928,-0.3732251120430601,1.7923947031839975,1.5982347655664206,3.025637047107042,-60.5940402305021
2026-06-11_Mark-Liversedge_Wrist_01__swing_0009,2026-06-11_Mark-Liversedge_Wrist_01,80.86,1776.2861838191782,0,5.997900062124235,274.7550000000003,576x1024,3,leadArm>thorax>pelvis,0,unresolved,720x1024,0,unresolved,160.825,566.3153095082869,1,21.78487737313734,1,leadArm,0,unresolved,96.65227763000712,1.1138618633776511,86.77222984986739,108.79266981438248,0.9541949017498028,83.30053632973794,114.01514472030657,129.35664583417378,0.06847545260668442,0.13121122319242762,0.16778701512587957,-41.16100000000067,727.1002229440342,0.045598989389913136,0.10100012365764656,0.061257456498073015,0.1328333018718149,0.0609623635007045,0.12574450357374375,0.3254017404388323,0.4027865674100899,0.10643740916488742,0.3787006765503578,0.0911408631779661,0.2052979455691929,86.97968832186268,69.42402034273731,0.8379890801409182,16.527325610033955,0.4497234827730989,0.7949747443199158,0.7838261723518372,0.779560923576355,0.6317175269126892,0.028802166986541835,0.8076513153670494,0,-41.16100000000067,947.1808419762328,12.619951342553696,0,placed,0.08543852039923369,267.959,46.887,,0.6562241613864899,315.50905685267236,22.73415566075774,bounded,-41.16100000000067,899.6566520114233,4.0000000000000036,0.10895034806276685,0.0575925838054685,0.11521754828370723,0.09052503400767575,0,-41.16100000000067,984.4924328436965,46.243982009242416,67.31817835792157,80.91296930168097,82.23686000547447,200.00000000000017,1,2.83899999999937,2.83899999999937,464285.3405760506,296.2301041826324,115.02291757087286,22.25946396591203,0,bounded,28.2347734339523,23.6721443913702,55.40998849134324,260.0000000000002,0.20051272787010688,0.0,0.0,0.05684230058738135,0.0,2.4641234986425933,2.486430920187821,1.9534095460892036,4.799939837430707,2.060303826349415,49.957899215967046,-39.11889921596767,10.838999999999377,-3.819268357477201,-10.792395956868354,4.567838742773127,10.590825175890782,-49.20596631425617,148.96268445757045,1.1044055333726273,134.8804220517341,138.02170322483616,0.9625029242351297,127.35736472393917,143.3987365124294,149.05675708869737,0.032576457549757576,0.11952195713473857,0.08611940784436789,-37.16100000000067,649.9044127595425,0.07890564547240297,0.1730315975524978,0.07749554850734386,0.1129752385255303,0.02228325798311881,0.055496044924248686,0.20198407830041964,0.2517748192959205,0.04894638757055869,0.21918407204816112,0.05326233915532341,0.06387802153009346,128.80233486432584,78.43270577726167,0.9726765126949177,9.000835685180459,0.24756496729592764,0.8355132937431335,0.773399829864502,0.773399829864502,0.7062976956367493,0.0009435997882101683,0.9497552946409741,0,-37.16100000000067,768.9011032184603,34.332861719059,0,placed,0.07081925061475526,107.162,93.679,,0.4980703443288803,1398.107125513624,19.696354411217257,bounded,-37.16100000000067,912.245706341588,4.0000000000000036,0.1398810886902548,0.03410404159390912,0.0496520684607662,0.04983996542192004,0,-45.16100000000067,886.9140835035997,66.01861833416415,74.72015964487841,131.17666828915932,119.64145070300002,196.00000000000017,1,2.83899999999937,2.83899999999937,,377800.7134996294,352.7857259565819,249.3411036280608,36.331267513146294,0,bounded,15.044845593764816,27.344996858727747,56.412771837509965,0.0,0.2064888517450458,0.0,0.0,0.05824874046778056,0.0,6.523446194871099,5.359284293689338,3.5090263980927316,14.607899251579509,2.255233724619775,19.92051625857716,-41.08151625857781,-21.16100000000065,-3.5038946723747126,-9.230584464692338,4.303869995223821,8.586843029895329,-46.110387249175496
