swing,domain_ms,n_dom,calibrated,grip_to_LeftHand_mm,grip_to_RightHand_mm,pelvis_usable,pelvis_doc_route,pelvis_doc_valid,pelvis_r_pearson,pelvis_r_spearman,pelvis_peak_before_ms,pelvis_peak_dps,pelvis_at_late_edge,pelvis_tsig_ms_nominal,pelvis_rate_at_impact,pelvis_rising_at_impact,pelvis_peak_post_ms,pelvis_peak_post_dps,thorax_usable,thorax_doc_route,thorax_doc_valid,thorax_r_pearson,thorax_r_spearman,thorax_peak_before_ms,thorax_peak_dps,thorax_at_late_edge,thorax_tsig_ms_nominal,thorax_rate_at_impact,thorax_rising_at_impact,thorax_peak_post_ms,thorax_peak_post_dps,thoraxChain_r_vs_shoulder,thoraxChain_peak_before_ms,thoraxChain_peak_dps,thorax_shoulder_minus_chain_rms_dps,leadArm_usable,leadArm_offplane_rms_deg,leadArm_peak_before_ms,leadArm_peak_dps,leadArm_tsig_ms_nominal,leadArm_doc_route,leadArm_doc_before_ms,leadArm_doc_peak_dps,leadArm_doc_placed,leadArm_dt_ms,club_usable_2plus,club_peak_before_ms,club_peak_dps,club_doc_route,club_doc_before_ms,club_doc_peak_dps
swing_0001,281.452,43,False,74.342,110.726,1.000,faceOn+dtl,1.000,0.828,0.807,0.000,294.453,True,37.247,260.478,True,26.325,368.877,1.000,faceOn,0.930,0.444,0.438,134.297,878.290,False,6.353,428.670,True,-134.297,878.290,0.888,134.297,736.160,135.573,1.000,6.639,107.705,811.275,13.122,faceOn+dtl3d,107.705,811.060,True,0.000,1.000,40.749,1855.215,faceOn+dtl,40.952,2053.063
swing_0002,274.684,42,False,79.166,105.658,1.000,faceOn+dtl,1.000,0.875,0.875,0.000,306.372,True,64.086,304.258,True,13.441,332.982,1.000,faceOn+dtl,1.000,0.442,0.425,140.656,790.356,False,8.291,466.703,True,-140.656,790.356,0.785,140.656,648.340,167.777,1.000,5.922,113.907,865.892,14.502,faceOn+dtl3d,113.907,864.707,True,0.000,1.000,40.117,1890.171,faceOn+dtl,41.249,2111.675
swing_0003,281.255,43,False,80.887,128.970,1.000,faceOn+dtl,1.000,0.118,0.172,93.717,222.701,False,19.737,210.728,True,26.891,303.485,1.000,faceOn+dtl,1.000,-0.133,-0.051,140.596,805.429,False,7.604,555.095,True,-140.596,805.429,0.835,73.687,728.515,171.025,1.000,6.968,107.186,831.816,12.118,faceOn+dtl3d,107.186,831.459,True,0.000,1.000,46.874,1899.199,faceOn+dtl,41.198,2141.151
swing_0004,281.329,43,False,72.623,100.176,1.000,faceOn+dtl,1.000,0.145,0.326,73.699,287.046,False,17.527,232.915,True,33.651,347.512,1.000,faceOn+dtl,1.000,0.199,0.318,127.117,673.157,False,13.652,587.107,True,33.651,836.389,0.851,0.000,627.254,119.498,1.000,5.428,100.468,814.687,12.807,faceOn+dtl3d,100.468,815.060,True,0.000,1.000,40.188,1794.768,faceOn+dtl,38.671,1999.212
swing_0005,274.521,42,False,70.053,110.069,1.000,faceOn+dtl,1.000,0.564,0.557,0.000,305.692,True,107.024,279.936,True,46.993,407.521,1.000,faceOn+dtl,1.000,-0.056,-0.221,133.933,680.895,False,9.260,620.586,True,26.891,789.434,0.874,0.000,732.124,117.299,1.000,5.799,113.840,787.134,28.911,faceOn+dtl3d,113.840,786.378,True,0.000,1.000,60.197,1711.176,faceOn+dtl,61.083,1817.101
swing_0006,274.630,42,False,64.029,107.975,1.000,faceOn+dtl,1.000,0.425,0.574,46.905,334.392,False,21.205,234.516,False,-46.905,334.392,1.000,faceOn+dtl,1.000,0.707,0.649,127.270,719.997,False,12.242,610.230,True,33.561,838.599,0.914,0.000,711.070,112.068,1.000,5.037,107.252,867.007,9.546,faceOn+dtl3d,107.252,864.503,True,0.000,1.000,93.748,1629.052,faceOn+dtl,1.209,1784.644
swing_0007,274.589,42,False,72.314,118.171,1.000,faceOn+dtl,1.000,0.443,0.570,60.278,368.146,False,22.052,233.381,True,53.610,385.442,1.000,faceOn,0.929,-0.774,-0.523,87.148,658.302,False,23.360,554.812,True,33.551,905.305,0.893,80.358,672.441,121.365,1.000,4.912,107.156,828.575,13.065,faceOn+dtl3d,107.156,830.284,True,0.000,1.000,40.268,1950.812,faceOn+dtl,41.140,2098.897
swing_0008,281.265,43,False,72.106,101.842,1.000,faceOn+dtl,1.000,0.354,0.764,53.590,320.083,False,17.633,162.700,False,53.401,381.817,1.000,faceOn,0.953,0.791,0.863,120.648,675.151,False,14.898,592.573,True,26.978,829.916,0.882,0.000,670.207,131.908,1.000,5.548,107.224,889.860,8.155,faceOn+dtl3d,107.224,890.281,True,0.000,1.000,46.916,1714.813,faceOn+dtl,44.731,1798.072
swing_0009,274.469,42,False,69.338,110.939,1.000,faceOn+dtl,1.000,0.588,0.702,46.723,272.367,False,20.264,234.219,True,26.801,283.552,1.000,faceOn+dtl,1.000,0.148,0.165,53.583,632.157,False,12.786,482.845,True,33.576,856.283,0.921,53.583,675.037,96.156,1.000,5.150,100.401,821.467,12.285,faceOn+dtl3d,100.401,818.668,True,0.000,1.000,46.723,1751.338,faceOn+dtl,46.179,1892.852
swing_0010,274.566,42,False,60.892,97.990,1.000,faceOn+dtl,1.000,0.149,0.358,93.745,362.562,False,25.058,210.330,True,53.643,443.799,1.000,faceOn,0.929,0.338,0.230,120.545,925.622,False,7.300,585.645,True,-120.545,925.622,0.935,113.756,853.361,126.470,1.000,4.927,113.756,800.010,12.520,faceOn+dtl3d,113.756,801.876,True,0.000,0.976,40.191,1834.968,faceOn+dtl,38.747,2047.977
swing_0011,274.655,42,False,67.844,103.900,1.000,faceOn+dtl,1.000,0.373,0.360,93.721,308.104,False,32.232,211.740,True,-93.721,308.104,1.000,faceOn,0.952,0.346,0.425,127.134,710.446,False,12.301,551.568,True,33.471,776.640,0.899,0.000,677.594,111.084,1.000,5.035,113.854,779.599,18.431,faceOn+dtl3d,113.854,781.364,True,0.000,1.000,40.193,1890.846,faceOn+dtl,37.238,2019.626
swing_0012,274.508,42,False,66.782,102.659,1.000,faceOn+dtl,1.000,0.306,0.347,107.151,303.440,False,21.830,238.647,True,53.783,445.785,1.000,faceOn+dtl,1.000,0.369,0.414,120.515,673.261,False,11.910,581.469,True,33.510,794.516,0.855,60.341,703.318,139.582,1.000,4.945,107.151,824.296,11.397,faceOn+dtl3d,107.151,823.076,True,0.000,1.000,40.105,1795.849,faceOn+dtl,37.899,2004.644
swing_0013,267.791,41,False,76.129,124.407,1.000,faceOn+dtl,1.000,0.491,0.510,73.827,325.915,False,22.903,262.758,True,53.450,341.471,1.000,faceOn,0.951,0.245,0.399,134.012,716.896,False,9.834,545.050,True,26.716,781.598,0.933,0.000,712.261,108.014,1.000,4.803,120.498,807.470,11.147,faceOn+dtl3d,120.498,807.871,True,0.000,1.000,26.727,1948.276,faceOn+dtl,35.534,2170.366
swing_0014,268.028,41,False,60.874,111.342,1.000,faceOn+dtl,1.000,0.126,0.397,73.744,371.557,False,17.159,188.010,True,-73.744,371.557,1.000,faceOn+dtl,1.000,0.450,0.625,120.570,751.263,False,9.547,626.661,True,33.511,782.035,0.740,53.622,720.798,169.231,1.000,5.297,113.894,843.263,10.887,faceOn+dtl3d,113.894,842.935,True,0.000,1.000,46.840,1771.967,faceOn+dtl,45.253,1861.970
swing_0015,274.569,42,False,53.972,89.431,1.000,faceOn+dtl,1.000,0.493,0.551,0.000,272.334,True,58.945,281.350,True,26.809,374.039,1.000,faceOn,0.952,0.275,0.354,113.862,703.640,False,15.069,500.150,True,40.272,957.460,0.828,53.391,664.744,166.393,1.000,5.999,113.862,801.951,13.447,faceOn+dtl3d,113.862,801.948,True,0.000,1.000,26.833,1890.184,faceOn+dtl,32.845,2082.131
