session,swing,status,elbowConf,forearmAtTop_deg,forearmMed40ms_deg,forearmHandTrackMed40ms_deg,faceOnState,faceOnTrailElbowHeight_pctShoulder
2026-10-05,1,ok,0.76,11.7,11.3,13.0,fired,35.9
2026-10-05,2,feetUnresolved,,,,,,
2026-10-05,3,feetUnresolved,,,,,,
2026-10-05,4,ok,0.87,15.5,16.2,20.1,notAssessable,
2026-10-05,5,ok,0.82,23.5,23.5,24.4,notAssessable,
2026-10-05,6,ok,0.77,17.9,17.9,20.8,clean,3.3
2026-10-05,7,ok,0.64,14.6,14.6,18.0,clean,0.5
2026-10-05,8,ok,0.47,-0.4,-0.4,4.4,clean,-17.9
2026-10-05,9,ok,0.83,14.9,16.2,20.6,fired,64.4
2026-10-05,10,ok,0.71,21.7,21.7,24.1,notAssessable,
2026-10-05,11,ok,0.66,19.5,18.1,20.3,clean,5.9
2026-10-05,12,ok,0.73,22.0,22.0,22.7,notAssessable,
2026-10-05,13,ok,0.8,12.6,11.7,15.4,notAssessable,
2026-10-05,14,ok,0.72,15.5,16.0,18.6,notAssessable,
2026-10-05,15,ok,0.83,11.1,9.8,12.4,clean,13.4
2026-10-05,16,ok,0.64,12.5,13.1,17.1,notAssessable,
2026-10-05,17,ok,0.74,6.6,3.5,9.9,notAssessable,
2026-10-05,18,ok,0.69,18.4,18.4,21.9,notAssessable,
2026-10-05,19,ok,0.78,11.4,11.8,18.0,notAssessable,
2026-10-05,20,ok,0.46,13.7,12.6,16.9,notAssessable,
2026-10-05,21,ok,0.76,25.0,25.9,27.9,notAssessable,
2026-10-05,22,ok,0.73,15.7,17.0,18.6,notAssessable,
2026-10-05,23,ok,0.74,25.0,24.7,24.7,notAssessable,
2026-10-05,24,ok,0.45,0.1,0.5,7.7,notAssessable,
2026-10-05,25,ok,0.52,1.5,1.5,5.0,notAssessable,
2026-10-05,26,ok,0.5,-13.1,-13.1,-3.0,notAssessable,
2026-10-05,27,ok,0.61,-4.3,-2.4,6.4,notAssessable,
2026-10-05,28,ok,0.51,9.0,9.1,15.9,clean,1.4
2026-10-05,29,ok,0.68,3.0,2.9,8.1,notAssessable,
2026-10-05,30,ok,0.56,15.6,13.7,14.9,clean,4.3
2026-10-05,31,ok,0.68,4.5,3.2,9.0,notAssessable,
2026-10-07,1,ok,0.76,24.0,23.8,26.4,fired,53.6
2026-10-07,2,ok,0.54,18.6,19.2,23.6,notAssessable,
2026-10-07,3,ok,0.76,25.6,25.7,27.6,notAssessable,
2026-10-07,4,ok,0.76,23.2,24.5,26.4,notAssessable,
2026-10-07,5,ok,0.82,23.5,23.3,23.1,notAssessable,
2026-10-07,6,ok,0.84,16.5,16.9,19.8,notAssessable,
2026-10-07,7,ok,0.89,20.8,20.6,21.7,fired,54.4
2026-10-07,8,ok,0.72,7.4,7.7,12.9,notAssessable,
2026-10-07,9,ok,0.87,26.9,26.8,26.1,notAssessable,
2026-10-07,10,ok,0.84,19.8,19.7,21.8,notAssessable,
2026-10-07,11,ok,0.84,25.5,25.7,25.3,notAssessable,
2026-10-07,12,ok,0.71,10.2,11.1,15.9,notAssessable,
2026-10-07,13,ok,0.84,11.8,11.4,16.9,notAssessable,
2026-10-07,14,ok,0.91,12.6,12.3,14.7,notAssessable,
2026-10-07,15,ok,0.66,21.3,20.8,24.2,notAssessable,
2026-10-07,16,ok,0.81,8.8,8.7,13.2,clean,16.1
2026-10-07,17,ok,0.8,7.6,9.0,15.0,notAssessable,
2026-10-07,18,ok,0.88,29.7,29.6,28.7,fired,67.3
2026-10-07,19,ok,0.72,1.3,-0.3,4.6,notAssessable,
2026-10-07,20,ok,0.76,20.1,20.0,20.5,fired,74.7
2026-10-07,21,ok,0.9,20.0,21.9,21.3,notAssessable,
2026-10-07,22,ok,0.89,10.9,11.3,17.3,notAssessable,
2026-10-07,23,ok,0.8,12.8,12.6,14.2,notAssessable,
2026-10-07,24,ok,0.69,10.1,10.8,13.2,notAssessable,
2026-10-07,25,ok,0.72,5.7,5.2,10.1,notAssessable,
2026-10-07,26,ok,0.63,14.6,15.2,18.5,notAssessable,
2026-10-07,27,ok,0.81,7.4,6.8,10.7,notAssessable,
2026-10-07,28,ok,0.87,24.1,24.1,26.2,notAssessable,
2026-10-07,29,ok,0.85,27.7,27.7,28.9,notAssessable,
2026-10-07,30,ok,0.66,11.9,12.3,15.2,notAssessable,
2026-10-07,31,ok,0.79,12.3,12.4,15.4,notAssessable,
2026-10-07,32,ok,0.76,16.0,16.4,17.9,notAssessable,
2026-10-07,33,ok,0.78,21.8,21.8,22.2,notAssessable,
2026-10-07,34,ok,0.8,22.1,22.5,22.9,fired,41.0
2026-10-07,35,ok,0.82,20.4,20.7,19.7,notAssessable,
2026-10-07,36,ok,0.81,9.4,10.0,13.4,notAssessable,
2026-10-07,37,ok,0.79,22.7,23.0,22.0,notAssessable,
2026-10-07,38,ok,0.83,22.3,22.7,23.0,fired,38.8
2026-10-07,39,ok,0.7,-3.0,-1.9,4.5,notAssessable,
2026-10-07,40,ok,0.74,11.9,12.5,15.1,notAssessable,
2026-10-07,41,ok,0.83,19.8,20.2,19.4,notAssessable,
2026-10-07,42,ok,0.7,13.8,13.9,15.6,notAssessable,
2026-10-07,43,ok,0.72,10.8,11.3,14.6,notAssessable,
2026-10-07,44,ok,0.64,5.3,8.7,12.8,notAssessable,
2026-10-07,45,ok,0.75,16.8,17.6,19.3,notAssessable,
2026-10-07,46,ok,0.71,14.6,15.1,16.1,notAssessable,
2026-10-07,47,ok,0.8,15.6,15.9,17.5,notAssessable,
2026-10-07,48,ok,0.84,23.6,23.7,23.2,fired,36.3
2026-10-07,49,ok,0.88,22.3,22.0,21.5,notAssessable,
2026-10-07,50,ok,0.7,1.1,1.6,8.0,notAssessable,
2026-10-08,1,ok,0.79,19.4,19.6,19.1,notAssessable,
2026-10-08,2,ok,0.76,16.8,16.9,19.1,fired,87.0
2026-10-08,3,ok,0.83,19.9,20.9,11.7,clean,-43.3
2026-10-08,4,ok,0.74,14.7,15.3,17.2,fired,70.7
2026-10-08,5,ok,0.82,24.5,24.0,23.7,clean,-12.6
2026-10-08,6,ok,0.74,19.9,20.1,20.4,fired,36.4
2026-10-08,7,ok,0.8,19.9,19.6,21.1,fired,45.9
2026-10-08,8,ok,0.82,21.3,20.9,21.6,fired,59.1
2026-10-08,9,ok,0.67,19.2,19.2,21.2,notAssessable,
2026-10-08,10,ok,0.7,8.3,9.8,12.6,clean,27.0
2026-10-08,11,ok,0.61,1.1,4.7,8.2,notAssessable,
2026-10-08,12,ok,0.67,14.5,15.0,16.4,fired,60.0
2026-10-08,13,ok,0.49,14.5,13.0,8.1,notAssessable,
2026-10-08,14,ok,0.81,20.1,19.6,21.1,notAssessable,
2026-10-08,15,ok,0.65,15.6,14.2,14.8,notAssessable,
2026-10-08,16,ok,0.68,19.2,19.0,20.5,notAssessable,
2026-10-08,17,ok,0.68,11.9,10.0,11.0,notAssessable,
2026-10-08,18,ok,0.6,9.3,10.1,12.7,fired,147.2
2026-10-08,19,ok,0.73,21.8,21.8,22.8,notAssessable,
2026-10-08,20,ok,0.7,18.3,17.9,20.4,notAssessable,
2026-10-08,21,ok,0.83,21.0,20.9,22.3,notAssessable,
2026-10-08,22,ok,0.75,18.6,19.4,21.2,notAssessable,
2026-10-08,23,ok,0.62,4.4,4.4,10.2,notAssessable,
2026-10-08,24,ok,0.7,20.6,20.6,21.8,notAssessable,
2026-10-08,25,ok,0.86,19.9,19.8,23.1,notAssessable,
2026-10-08,26,ok,0.79,19.7,19.6,21.5,notAssessable,
2026-10-08,27,ok,0.84,20.1,19.9,20.6,notAssessable,
2026-10-08,28,ok,0.74,17.2,18.2,18.5,notAssessable,
2026-10-08,29,ok,0.67,17.5,17.5,17.8,notAssessable,
2026-10-08,30,ok,0.58,20.0,19.8,20.8,notAssessable,
2026-10-08,31,ok,0.76,20.2,20.1,20.3,notAssessable,
2026-10-08,32,ok,0.64,7.6,5.8,7.6,fired,59.5
