swing,element,view,n,medPx,p90Px,medCm,p90Cm
2026-06-11_Mark-Liversedge_Wrist_01__swing_0001,arms,faceOn,147,1.72,17.54,0.46,4.64
2026-06-11_Mark-Liversedge_Wrist_01__swing_0001,arms,dtl,147,9.3,35.4,2.2,7.66
2026-06-11_Mark-Liversedge_Wrist_01__swing_0001,head,faceOn,147,23.74,37.01,5.86,9.21
2026-06-11_Mark-Liversedge_Wrist_01__swing_0001,head,dtl,147,29.24,32.0,7.06,7.71
2026-06-11_Mark-Liversedge_Wrist_01__swing_0001,hips,faceOn,147,10.02,22.42,3.06,6.77
2026-06-11_Mark-Liversedge_Wrist_01__swing_0001,hips,dtl,147,9.25,22.91,2.28,5.98
2026-06-11_Mark-Liversedge_Wrist_01__swing_0001,legs,faceOn,147,6.19,10.81,1.89,3.29
2026-06-11_Mark-Liversedge_Wrist_01__swing_0001,legs,dtl,147,7.9,21.62,2.12,5.91
2026-06-11_Mark-Liversedge_Wrist_01__swing_0001,shaft,faceOn,94,28.7,84.73,7.54,29.57
2026-06-11_Mark-Liversedge_Wrist_01__swing_0001,shaft,dtl,63,80.3,180.43,15.33,32.94
2026-06-11_Mark-Liversedge_Wrist_01__swing_0001,shaft@backswing,faceOn,44,25.05,69.28,7.02,22.39
2026-06-11_Mark-Liversedge_Wrist_01__swing_0001,shaft@backswing,dtl,31,79.92,142.23,15.33,27.48
2026-06-11_Mark-Liversedge_Wrist_01__swing_0001,shaft@downswing,faceOn,50,29.96,87.54,8.36,29.57
2026-06-11_Mark-Liversedge_Wrist_01__swing_0001,shaft@downswing,dtl,20,106.21,318.83,22.4,42.51
2026-06-11_Mark-Liversedge_Wrist_01__swing_0001,shaft@impact,faceOn,10,31.15,54.82,7.45,13.49
2026-06-11_Mark-Liversedge_Wrist_01__swing_0001,shaft@impact,dtl,14,59.42,148.96,12.5,28.74
2026-06-11_Mark-Liversedge_Wrist_01__swing_0001,shaftGrip,faceOn,94,29.07,47.76,7.76,12.45
2026-06-11_Mark-Liversedge_Wrist_01__swing_0001,shaftGrip,dtl,63,35.84,58.28,8.23,12.06
2026-06-11_Mark-Liversedge_Wrist_01__swing_0001,shaft~,faceOn,94,26.66,73.98,7.3,25.39
2026-06-11_Mark-Liversedge_Wrist_01__swing_0001,shaft~,dtl,63,81.34,179.66,15.28,31.97
2026-06-11_Mark-Liversedge_Wrist_01__swing_0001,shoulders,faceOn,147,20.65,28.06,5.36,7.53
2026-06-11_Mark-Liversedge_Wrist_01__swing_0001,shoulders,dtl,147,24.88,32.03,6.0,8.29
2026-06-11_Mark-Liversedge_Wrist_01__swing_0001,spine,faceOn,147,15.7,22.77,4.17,5.99
2026-06-11_Mark-Liversedge_Wrist_01__swing_0001,spine,dtl,147,25.05,28.08,6.12,6.96
2026-06-11_Mark-Liversedge_Wrist_01__swing_0002,arms,faceOn,142,1.76,31.78,0.47,7.78
2026-06-11_Mark-Liversedge_Wrist_01__swing_0002,arms,dtl,142,14.71,46.4,3.63,11.6
2026-06-11_Mark-Liversedge_Wrist_01__swing_0002,head,faceOn,142,21.69,33.99,5.11,8.02
2026-06-11_Mark-Liversedge_Wrist_01__swing_0002,head,dtl,142,29.74,34.47,7.01,8.09
2026-06-11_Mark-Liversedge_Wrist_01__swing_0002,hips,faceOn,142,12.75,33.42,3.79,9.97
2026-06-11_Mark-Liversedge_Wrist_01__swing_0002,hips,dtl,142,9.73,24.83,2.47,6.66
2026-06-11_Mark-Liversedge_Wrist_01__swing_0002,legs,faceOn,142,14.4,17.8,4.38,5.44
2026-06-11_Mark-Liversedge_Wrist_01__swing_0002,legs,dtl,142,8.9,13.9,2.45,3.81
2026-06-11_Mark-Liversedge_Wrist_01__swing_0002,shaft,faceOn,142,47.11,130.06,10.78,27.31
2026-06-11_Mark-Liversedge_Wrist_01__swing_0002,shaft,dtl,51,70.82,190.2,13.94,29.95
2026-06-11_Mark-Liversedge_Wrist_01__swing_0002,shaft@backswing,faceOn,53,43.37,83.02,12.71,27.31
2026-06-11_Mark-Liversedge_Wrist_01__swing_0002,shaft@backswing,dtl,21,70.82,129.33,14.77,26.94
2026-06-11_Mark-Liversedge_Wrist_01__swing_0002,shaft@downswing,faceOn,40,26.94,57.74,7.07,18.37
2026-06-11_Mark-Liversedge_Wrist_01__swing_0002,shaft@downswing,dtl,19,105.63,206.3,17.35,36.26
2026-06-11_Mark-Liversedge_Wrist_01__swing_0002,shaft@impact,faceOn,17,41.54,65.54,9.04,14.03
2026-06-11_Mark-Liversedge_Wrist_01__swing_0002,shaft@impact,dtl,13,37.64,89.99,7.81,19.28
2026-06-11_Mark-Liversedge_Wrist_01__swing_0002,shaftGrip,faceOn,142,40.75,82.53,10.52,23.95
2026-06-11_Mark-Liversedge_Wrist_01__swing_0002,shaftGrip,dtl,51,38.26,64.96,8.96,14.07
2026-06-11_Mark-Liversedge_Wrist_01__swing_0002,shaft~,faceOn,142,45.79,128.49,10.47,27.14
2026-06-11_Mark-Liversedge_Wrist_01__swing_0002,shaft~,dtl,51,69.46,190.13,14.13,30.54
2026-06-11_Mark-Liversedge_Wrist_01__swing_0002,shoulders,faceOn,142,26.0,73.1,6.55,16.88
2026-06-11_Mark-Liversedge_Wrist_01__swing_0002,shoulders,dtl,142,23.66,30.87,5.67,7.51
2026-06-11_Mark-Liversedge_Wrist_01__swing_0002,spine,faceOn,142,19.26,51.4,4.96,13.04
2026-06-11_Mark-Liversedge_Wrist_01__swing_0002,spine,dtl,142,25.04,37.12,6.12,9.02
2026-06-11_Mark-Liversedge_Wrist_01__swing_0003,arms,faceOn,146,3.12,30.86,0.82,8.7
2026-06-11_Mark-Liversedge_Wrist_01__swing_0003,arms,dtl,146,11.84,36.46,2.71,10.89
2026-06-11_Mark-Liversedge_Wrist_01__swing_0003,head,faceOn,146,22.06,30.41,5.38,7.45
2026-06-11_Mark-Liversedge_Wrist_01__swing_0003,head,dtl,146,29.37,33.09,7.13,8.19
2026-06-11_Mark-Liversedge_Wrist_01__swing_0003,hips,faceOn,146,13.79,27.52,4.13,8.51
2026-06-11_Mark-Liversedge_Wrist_01__swing_0003,hips,dtl,146,11.49,27.64,3.06,7.63
2026-06-11_Mark-Liversedge_Wrist_01__swing_0003,legs,faceOn,146,13.28,16.97,4.13,5.29
2026-06-11_Mark-Liversedge_Wrist_01__swing_0003,legs,dtl,146,7.35,14.0,2.07,4.01
2026-06-11_Mark-Liversedge_Wrist_01__swing_0003,shaft,faceOn,142,100.83,202.56,21.53,57.65
2026-06-11_Mark-Liversedge_Wrist_01__swing_0003,shaft,dtl,51,99.44,291.79,22.58,49.48
2026-06-11_Mark-Liversedge_Wrist_01__swing_0003,shaft@backswing,faceOn,55,32.56,163.87,9.79,61.75
2026-06-11_Mark-Liversedge_Wrist_01__swing_0003,shaft@backswing,dtl,35,98.43,210.63,21.4,38.81
2026-06-11_Mark-Liversedge_Wrist_01__swing_0003,shaft@downswing,faceOn,41,152.29,185.14,49.1,62.63
2026-06-11_Mark-Liversedge_Wrist_01__swing_0003,shaft@downswing,dtl,16,117.06,363.19,30.05,58.15
2026-06-11_Mark-Liversedge_Wrist_01__swing_0003,shaft@impact,faceOn,13,191.34,223.35,37.5,48.01
2026-06-11_Mark-Liversedge_Wrist_01__swing_0003,shaftGrip,faceOn,142,36.49,104.06,10.32,32.11
2026-06-11_Mark-Liversedge_Wrist_01__swing_0003,shaftGrip,dtl,51,53.72,75.03,11.57,16.63
2026-06-11_Mark-Liversedge_Wrist_01__swing_0003,shaft~,faceOn,142,98.55,197.64,21.22,57.78
2026-06-11_Mark-Liversedge_Wrist_01__swing_0003,shaft~,dtl,51,98.43,302.48,22.44,49.7
2026-06-11_Mark-Liversedge_Wrist_01__swing_0003,shoulders,faceOn,146,21.42,62.97,5.6,15.45
2026-06-11_Mark-Liversedge_Wrist_01__swing_0003,shoulders,dtl,146,22.65,31.08,5.4,8.54
2026-06-11_Mark-Liversedge_Wrist_01__swing_0003,spine,faceOn,146,17.32,26.21,4.54,6.9
2026-06-11_Mark-Liversedge_Wrist_01__swing_0003,spine,dtl,146,22.25,32.39,5.53,8.16
2026-06-11_Mark-Liversedge_Wrist_01__swing_0004,arms,faceOn,146,2.88,19.54,0.81,5.36
2026-06-11_Mark-Liversedge_Wrist_01__swing_0004,arms,dtl,146,18.22,58.15,4.4,13.65
2026-06-11_Mark-Liversedge_Wrist_01__swing_0004,head,faceOn,146,16.67,23.02,4.18,5.77
2026-06-11_Mark-Liversedge_Wrist_01__swing_0004,head,dtl,146,30.75,34.58,7.29,8.22
2026-06-11_Mark-Liversedge_Wrist_01__swing_0004,hips,faceOn,146,13.86,33.7,4.19,10.29
2026-06-11_Mark-Liversedge_Wrist_01__swing_0004,hips,dtl,146,13.53,31.07,3.48,8.23
2026-06-11_Mark-Liversedge_Wrist_01__swing_0004,legs,faceOn,146,11.96,14.05,3.79,4.45
2026-06-11_Mark-Liversedge_Wrist_01__swing_0004,legs,dtl,146,10.08,14.13,2.7,3.88
2026-06-11_Mark-Liversedge_Wrist_01__swing_0004,shaft,faceOn,131,46.94,99.16,10.52,28.22
2026-06-11_Mark-Liversedge_Wrist_01__swing_0004,shaft,dtl,63,79.73,194.44,18.59,29.01
2026-06-11_Mark-Liversedge_Wrist_01__swing_0004,shaft@backswing,faceOn,55,47.67,87.62,12.06,29.91
2026-06-11_Mark-Liversedge_Wrist_01__swing_0004,shaft@backswing,dtl,36,124.59,194.44,23.97,34.62
2026-06-11_Mark-Liversedge_Wrist_01__swing_0004,shaft@downswing,faceOn,38,29.53,56.01,7.88,14.98
2026-06-11_Mark-Liversedge_Wrist_01__swing_0004,shaft@downswing,dtl,16,85.86,233.8,15.0,34.54
2026-06-11_Mark-Liversedge_Wrist_01__swing_0004,shaft@impact,faceOn,17,45.55,56.99,10.62,13.54
2026-06-11_Mark-Liversedge_Wrist_01__swing_0004,shaft@impact,dtl,11,61.64,140.49,15.61,28.07
2026-06-11_Mark-Liversedge_Wrist_01__swing_0004,shaftGrip,faceOn,131,39.11,50.65,10.81,14.13
2026-06-11_Mark-Liversedge_Wrist_01__swing_0004,shaftGrip,dtl,63,39.92,66.22,9.97,16.6
2026-06-11_Mark-Liversedge_Wrist_01__swing_0004,shaft~,faceOn,131,46.75,96.98,10.58,28.07
2026-06-11_Mark-Liversedge_Wrist_01__swing_0004,shaft~,dtl,63,83.51,196.84,17.09,31.02
2026-06-11_Mark-Liversedge_Wrist_01__swing_0004,shoulders,faceOn,146,19.58,30.7,5.23,7.47
2026-06-11_Mark-Liversedge_Wrist_01__swing_0004,shoulders,dtl,146,22.0,38.16,5.39,10.26
2026-06-11_Mark-Liversedge_Wrist_01__swing_0004,spine,faceOn,146,17.16,32.06,4.66,8.56
2026-06-11_Mark-Liversedge_Wrist_01__swing_0004,spine,dtl,146,24.52,31.2,5.87,7.66
2026-06-11_Mark-Liversedge_Wrist_01__swing_0005,arms,faceOn,129,1.68,11.26,0.5,2.96
2026-06-11_Mark-Liversedge_Wrist_01__swing_0005,arms,dtl,85,21.65,32.4,4.59,6.56
2026-06-11_Mark-Liversedge_Wrist_01__swing_0005,head,faceOn,129,20.87,30.88,5.07,7.48
2026-06-11_Mark-Liversedge_Wrist_01__swing_0005,head,dtl,129,28.63,32.62,6.98,7.97
2026-06-11_Mark-Liversedge_Wrist_01__swing_0005,hips,faceOn,129,12.41,25.67,3.93,7.86
2026-06-11_Mark-Liversedge_Wrist_01__swing_0005,hips,dtl,129,10.66,29.44,2.7,8.03
2026-06-11_Mark-Liversedge_Wrist_01__swing_0005,legs,faceOn,129,11.6,14.97,3.64,4.71
2026-06-11_Mark-Liversedge_Wrist_01__swing_0005,legs,dtl,129,7.69,17.31,2.14,4.91
2026-06-11_Mark-Liversedge_Wrist_01__swing_0005,shaft,faceOn,129,51.12,145.9,14.58,42.12
2026-06-11_Mark-Liversedge_Wrist_01__swing_0005,shaft,dtl,52,100.51,185.29,22.2,41.25
2026-06-11_Mark-Liversedge_Wrist_01__swing_0005,shaft@backswing,faceOn,53,50.14,152.05,15.35,54.81
2026-06-11_Mark-Liversedge_Wrist_01__swing_0005,shaft@backswing,dtl,25,59.58,129.8,12.31,27.12
2026-06-11_Mark-Liversedge_Wrist_01__swing_0005,shaft@downswing,faceOn,40,34.03,78.81,9.65,25.68
2026-06-11_Mark-Liversedge_Wrist_01__swing_0005,shaft@downswing,dtl,15,147.96,239.42,25.81,41.32
2026-06-11_Mark-Liversedge_Wrist_01__swing_0005,shaft@impact,faceOn,17,55.91,87.65,11.53,20.22
2026-06-11_Mark-Liversedge_Wrist_01__swing_0005,shaft@impact,dtl,12,97.35,147.96,23.95,30.99
2026-06-11_Mark-Liversedge_Wrist_01__swing_0005,shaftGrip,faceOn,129,42.19,59.12,11.6,17.13
2026-06-11_Mark-Liversedge_Wrist_01__swing_0005,shaftGrip,dtl,52,37.32,95.84,7.95,25.24
2026-06-11_Mark-Liversedge_Wrist_01__swing_0005,shaft~,faceOn,129,50.2,148.33,14.6,41.76
2026-06-11_Mark-Liversedge_Wrist_01__swing_0005,shaft~,dtl,52,100.18,187.2,21.93,40.93
2026-06-11_Mark-Liversedge_Wrist_01__swing_0005,shoulders,faceOn,89,25.08,386.09,6.13,93.11
2026-06-11_Mark-Liversedge_Wrist_01__swing_0005,shoulders,dtl,129,22.28,36.37,5.58,9.73
2026-06-11_Mark-Liversedge_Wrist_01__swing_0005,spine,faceOn,89,18.31,170.0,4.86,44.87
2026-06-11_Mark-Liversedge_Wrist_01__swing_0005,spine,dtl,129,22.34,32.37,5.61,8.2
2026-06-11_Mark-Liversedge_Wrist_01__swing_0006,arms,faceOn,130,1.56,22.24,0.43,6.14
2026-06-11_Mark-Liversedge_Wrist_01__swing_0006,arms,dtl,130,17.92,65.03,3.96,19.74
2026-06-11_Mark-Liversedge_Wrist_01__swing_0006,head,faceOn,130,25.69,34.03,6.24,8.16
2026-06-11_Mark-Liversedge_Wrist_01__swing_0006,head,dtl,130,28.41,33.08,7.0,8.09
2026-06-11_Mark-Liversedge_Wrist_01__swing_0006,hips,faceOn,130,13.91,24.67,4.3,7.52
2026-06-11_Mark-Liversedge_Wrist_01__swing_0006,hips,dtl,130,10.92,25.54,2.88,7.04
2026-06-11_Mark-Liversedge_Wrist_01__swing_0006,legs,faceOn,130,11.19,15.01,3.46,4.62
2026-06-11_Mark-Liversedge_Wrist_01__swing_0006,legs,dtl,130,8.64,11.99,2.43,3.39
2026-06-11_Mark-Liversedge_Wrist_01__swing_0006,shaft,faceOn,115,60.33,132.82,14.7,38.87
2026-06-11_Mark-Liversedge_Wrist_01__swing_0006,shaft,dtl,48,81.96,226.55,18.38,36.0
2026-06-11_Mark-Liversedge_Wrist_01__swing_0006,shaft@backswing,faceOn,57,68.77,128.26,20.58,41.7
2026-06-11_Mark-Liversedge_Wrist_01__swing_0006,shaft@backswing,dtl,20,96.87,226.55,22.41,37.78
2026-06-11_Mark-Liversedge_Wrist_01__swing_0006,shaft@downswing,faceOn,35,41.02,68.81,11.52,18.08
2026-06-11_Mark-Liversedge_Wrist_01__swing_0006,shaft@downswing,dtl,17,103.98,239.13,16.06,34.6
2026-06-11_Mark-Liversedge_Wrist_01__swing_0006,shaft@impact,faceOn,9,48.28,61.82,10.88,13.46
2026-06-11_Mark-Liversedge_Wrist_01__swing_0006,shaft@impact,dtl,12,69.89,119.0,15.25,23.95
2026-06-11_Mark-Liversedge_Wrist_01__swing_0006,shaftGrip,faceOn,115,44.94,80.92,12.75,24.18
2026-06-11_Mark-Liversedge_Wrist_01__swing_0006,shaftGrip,dtl,48,47.61,63.93,10.06,16.12
2026-06-11_Mark-Liversedge_Wrist_01__swing_0006,shaft~,faceOn,115,61.19,132.78,14.32,39.13
2026-06-11_Mark-Liversedge_Wrist_01__swing_0006,shaft~,dtl,48,89.73,224.81,17.76,35.6
2026-06-11_Mark-Liversedge_Wrist_01__swing_0006,shoulders,faceOn,130,24.38,33.04,6.13,8.38
2026-06-11_Mark-Liversedge_Wrist_01__swing_0006,shoulders,dtl,130,23.96,30.45,5.79,8.15
2026-06-11_Mark-Liversedge_Wrist_01__swing_0006,spine,faceOn,130,17.21,22.08,4.54,5.77
2026-06-11_Mark-Liversedge_Wrist_01__swing_0006,spine,dtl,130,24.69,30.99,6.24,7.9
2026-06-11_Mark-Liversedge_Wrist_01__swing_0007,arms,faceOn,129,1.31,13.84,0.35,3.76
2026-06-11_Mark-Liversedge_Wrist_01__swing_0007,arms,dtl,129,17.58,44.01,3.69,11.75
2026-06-11_Mark-Liversedge_Wrist_01__swing_0007,head,faceOn,129,21.62,30.88,5.3,7.39
2026-06-11_Mark-Liversedge_Wrist_01__swing_0007,head,dtl,129,28.5,32.53,6.81,7.95
2026-06-11_Mark-Liversedge_Wrist_01__swing_0007,hips,faceOn,129,13.6,27.54,4.23,8.42
2026-06-11_Mark-Liversedge_Wrist_01__swing_0007,hips,dtl,129,10.66,27.89,2.78,7.61
2026-06-11_Mark-Liversedge_Wrist_01__swing_0007,legs,faceOn,129,12.35,14.03,3.85,4.36
2026-06-11_Mark-Liversedge_Wrist_01__swing_0007,legs,dtl,129,8.61,14.51,2.37,4.1
2026-06-11_Mark-Liversedge_Wrist_01__swing_0007,shaft,faceOn,113,53.25,103.18,14.2,30.48
2026-06-11_Mark-Liversedge_Wrist_01__swing_0007,shaft,dtl,48,116.59,303.84,19.71,50.3
2026-06-11_Mark-Liversedge_Wrist_01__swing_0007,shaft@backswing,faceOn,34,38.97,92.05,13.35,19.02
2026-06-11_Mark-Liversedge_Wrist_01__swing_0007,shaft@backswing,dtl,20,137.82,280.83,23.05,41.38
2026-06-11_Mark-Liversedge_Wrist_01__swing_0007,shaft@downswing,faceOn,57,66.34,92.98,20.77,31.84
2026-06-11_Mark-Liversedge_Wrist_01__swing_0007,shaft@downswing,dtl,16,204.45,352.91,34.34,51.5
2026-06-11_Mark-Liversedge_Wrist_01__swing_0007,shaft@impact,faceOn,9,88.1,129.83,20.77,26.94
2026-06-11_Mark-Liversedge_Wrist_01__swing_0007,shaft@impact,dtl,13,38.62,253.22,11.0,32.58
2026-06-11_Mark-Liversedge_Wrist_01__swing_0007,shaftGrip,faceOn,113,39.63,65.03,10.3,19.04
2026-06-11_Mark-Liversedge_Wrist_01__swing_0007,shaftGrip,dtl,48,33.95,53.43,7.14,13.27
2026-06-11_Mark-Liversedge_Wrist_01__swing_0007,shaft~,faceOn,113,57.37,99.22,13.93,29.54
2026-06-11_Mark-Liversedge_Wrist_01__swing_0007,shaft~,dtl,48,111.0,302.19,20.57,49.25
2026-06-11_Mark-Liversedge_Wrist_01__swing_0007,shoulders,faceOn,129,25.3,53.38,6.41,12.91
2026-06-11_Mark-Liversedge_Wrist_01__swing_0007,shoulders,dtl,129,23.4,34.38,5.7,9.09
2026-06-11_Mark-Liversedge_Wrist_01__swing_0007,spine,faceOn,129,17.11,58.35,4.52,15.54
2026-06-11_Mark-Liversedge_Wrist_01__swing_0007,spine,dtl,129,23.74,34.23,5.82,8.57
2026-06-11_Mark-Liversedge_Wrist_01__swing_0008,arms,faceOn,131,1.77,15.15,0.44,3.87
2026-06-11_Mark-Liversedge_Wrist_01__swing_0008,arms,dtl,131,16.71,39.41,3.76,9.15
2026-06-11_Mark-Liversedge_Wrist_01__swing_0008,head,faceOn,131,20.78,27.36,4.89,6.48
2026-06-11_Mark-Liversedge_Wrist_01__swing_0008,head,dtl,131,30.97,33.54,7.35,8.0
2026-06-11_Mark-Liversedge_Wrist_01__swing_0008,hips,faceOn,131,12.96,27.28,3.97,8.16
2026-06-11_Mark-Liversedge_Wrist_01__swing_0008,hips,dtl,131,9.38,22.81,2.25,5.97
2026-06-11_Mark-Liversedge_Wrist_01__swing_0008,legs,faceOn,131,10.15,14.2,3.07,4.31
2026-06-11_Mark-Liversedge_Wrist_01__swing_0008,legs,dtl,131,10.87,14.46,2.9,3.87
2026-06-11_Mark-Liversedge_Wrist_01__swing_0008,shaft,faceOn,131,76.63,129.97,18.38,36.26
2026-06-11_Mark-Liversedge_Wrist_01__swing_0008,shaft,dtl,60,89.64,165.29,19.39,35.05
2026-06-11_Mark-Liversedge_Wrist_01__swing_0008,shaft@backswing,faceOn,60,81.75,121.58,25.56,40.97
2026-06-11_Mark-Liversedge_Wrist_01__swing_0008,shaft@backswing,dtl,29,100.39,157.11,19.96,35.05
2026-06-11_Mark-Liversedge_Wrist_01__swing_0008,shaft@downswing,faceOn,36,41.59,107.45,9.62,31.41
2026-06-11_Mark-Liversedge_Wrist_01__swing_0008,shaft@downswing,dtl,18,72.1,153.27,13.62,28.08
2026-06-11_Mark-Liversedge_Wrist_01__swing_0008,shaft@impact,faceOn,17,38.21,47.68,7.94,10.55
2026-06-11_Mark-Liversedge_Wrist_01__swing_0008,shaft@impact,dtl,13,84.19,168.18,21.58,33.48
2026-06-11_Mark-Liversedge_Wrist_01__swing_0008,shaftGrip,faceOn,131,44.78,60.22,12.27,16.52
2026-06-11_Mark-Liversedge_Wrist_01__swing_0008,shaftGrip,dtl,60,52.88,76.41,11.11,17.95
2026-06-11_Mark-Liversedge_Wrist_01__swing_0008,shaft~,faceOn,131,76.64,128.07,16.74,36.12
2026-06-11_Mark-Liversedge_Wrist_01__swing_0008,shaft~,dtl,60,86.67,166.71,18.84,35.12
2026-06-11_Mark-Liversedge_Wrist_01__swing_0008,shoulders,faceOn,131,22.53,37.69,5.76,9.14
2026-06-11_Mark-Liversedge_Wrist_01__swing_0008,shoulders,dtl,131,25.2,42.45,5.86,11.01
2026-06-11_Mark-Liversedge_Wrist_01__swing_0008,spine,faceOn,131,16.99,25.54,4.35,6.54
2026-06-11_Mark-Liversedge_Wrist_01__swing_0008,spine,dtl,131,25.21,35.4,6.12,8.77
2026-06-11_Mark-Liversedge_Wrist_01__swing_0009,arms,faceOn,139,2.27,13.84,0.66,3.65
2026-06-11_Mark-Liversedge_Wrist_01__swing_0009,arms,dtl,139,13.02,36.07,2.72,9.13
2026-06-11_Mark-Liversedge_Wrist_01__swing_0009,head,faceOn,139,18.8,26.65,4.76,6.69
2026-06-11_Mark-Liversedge_Wrist_01__swing_0009,head,dtl,139,27.12,31.15,6.6,7.64
2026-06-11_Mark-Liversedge_Wrist_01__swing_0009,hips,faceOn,139,9.99,24.4,3.13,7.56
2026-06-11_Mark-Liversedge_Wrist_01__swing_0009,hips,dtl,139,12.84,25.3,3.35,7.05
2026-06-11_Mark-Liversedge_Wrist_01__swing_0009,legs,faceOn,139,10.58,15.62,3.35,4.97
2026-06-11_Mark-Liversedge_Wrist_01__swing_0009,legs,dtl,139,9.93,12.82,2.79,3.68
2026-06-11_Mark-Liversedge_Wrist_01__swing_0009,shaft,faceOn,139,86.37,180.84,25.87,42.47
2026-06-11_Mark-Liversedge_Wrist_01__swing_0009,shaft,dtl,42,155.19,343.95,28.72,51.3
2026-06-11_Mark-Liversedge_Wrist_01__swing_0009,shaft@backswing,faceOn,54,40.26,167.24,13.41,36.52
2026-06-11_Mark-Liversedge_Wrist_01__swing_0009,shaft@backswing,dtl,26,116.84,358.15,24.14,44.91
2026-06-11_Mark-Liversedge_Wrist_01__swing_0009,shaft@downswing,faceOn,40,42.54,178.24,13.99,42.02
2026-06-11_Mark-Liversedge_Wrist_01__swing_0009,shaft@downswing,dtl,16,219.33,329.73,33.49,51.3
2026-06-11_Mark-Liversedge_Wrist_01__swing_0009,shaft@impact,faceOn,17,190.12,314.76,46.59,59.01
2026-06-11_Mark-Liversedge_Wrist_01__swing_0009,shaft@impact,dtl,1,54.63,54.63,5.65,5.65
2026-06-11_Mark-Liversedge_Wrist_01__swing_0009,shaftGrip,faceOn,139,33.58,50.54,9.58,13.77
2026-06-11_Mark-Liversedge_Wrist_01__swing_0009,shaftGrip,dtl,42,42.19,53.51,8.51,13.41
2026-06-11_Mark-Liversedge_Wrist_01__swing_0009,shaft~,faceOn,139,85.23,180.14,26.32,42.35
2026-06-11_Mark-Liversedge_Wrist_01__swing_0009,shaft~,dtl,42,155.4,344.1,28.09,51.01
2026-06-11_Mark-Liversedge_Wrist_01__swing_0009,shoulders,faceOn,139,21.95,25.59,5.65,6.81
2026-06-11_Mark-Liversedge_Wrist_01__swing_0009,shoulders,dtl,139,23.58,28.3,5.92,7.49
2026-06-11_Mark-Liversedge_Wrist_01__swing_0009,spine,faceOn,139,17.18,22.85,4.69,6.14
2026-06-11_Mark-Liversedge_Wrist_01__swing_0009,spine,dtl,139,24.72,30.76,6.31,7.72
2026-07-04_Mark-Liversedge_Wrist_01__swing_0001,arms,faceOn,137,2.79,9.68,0.67,2.46
2026-07-04_Mark-Liversedge_Wrist_01__swing_0001,arms,dtl,137,1.96,52.71,0.44,16.87
2026-07-04_Mark-Liversedge_Wrist_01__swing_0001,head,faceOn,137,17.78,30.13,4.28,7.23
2026-07-04_Mark-Liversedge_Wrist_01__swing_0001,head,dtl,137,28.06,31.73,7.29,8.27
2026-07-04_Mark-Liversedge_Wrist_01__swing_0001,hips,faceOn,137,13.26,24.04,3.87,7.06
2026-07-04_Mark-Liversedge_Wrist_01__swing_0001,hips,dtl,137,6.32,44.63,1.69,12.74
2026-07-04_Mark-Liversedge_Wrist_01__swing_0001,legs,faceOn,137,13.59,17.67,4.15,5.41
2026-07-04_Mark-Liversedge_Wrist_01__swing_0001,legs,dtl,137,10.75,16.79,3.12,4.95
2026-07-04_Mark-Liversedge_Wrist_01__swing_0001,shaft,faceOn,137,75.81,183.45,14.61,65.27
2026-07-04_Mark-Liversedge_Wrist_01__swing_0001,shaft,dtl,50,65.81,240.65,13.56,51.11
2026-07-04_Mark-Liversedge_Wrist_01__swing_0001,shaft@backswing,faceOn,54,67.91,174.2,14.19,62.62
2026-07-04_Mark-Liversedge_Wrist_01__swing_0001,shaft@backswing,dtl,22,74.22,305.85,15.46,61.53
2026-07-04_Mark-Liversedge_Wrist_01__swing_0001,shaft@downswing,faceOn,42,69.43,194.65,13.13,70.75
2026-07-04_Mark-Liversedge_Wrist_01__swing_0001,shaft@downswing,dtl,20,100.59,213.06,18.39,38.33
2026-07-04_Mark-Liversedge_Wrist_01__swing_0001,shaft@impact,faceOn,18,49.22,76.11,9.75,15.73
2026-07-04_Mark-Liversedge_Wrist_01__swing_0001,shaft@impact,dtl,14,45.12,89.34,11.44,15.61
2026-07-04_Mark-Liversedge_Wrist_01__swing_0001,shaftGrip,faceOn,137,25.06,42.69,6.74,10.73
2026-07-04_Mark-Liversedge_Wrist_01__swing_0001,shaftGrip,dtl,50,28.14,60.56,6.58,11.85
2026-07-04_Mark-Liversedge_Wrist_01__swing_0001,shaft~,faceOn,137,71.26,179.79,13.61,64.45
2026-07-04_Mark-Liversedge_Wrist_01__swing_0001,shaft~,dtl,50,63.32,246.51,14.39,51.87
2026-07-04_Mark-Liversedge_Wrist_01__swing_0001,shoulders,faceOn,137,26.99,34.33,6.51,8.27
2026-07-04_Mark-Liversedge_Wrist_01__swing_0001,shoulders,dtl,137,25.76,31.8,6.86,8.56
2026-07-04_Mark-Liversedge_Wrist_01__swing_0001,spine,faceOn,137,17.29,22.76,4.48,5.86
2026-07-04_Mark-Liversedge_Wrist_01__swing_0001,spine,dtl,137,24.1,33.19,6.44,8.77
2026-07-04_Mark-Liversedge_Wrist_01__swing_0002,arms,faceOn,130,4.2,17.6,1.13,4.7
2026-07-04_Mark-Liversedge_Wrist_01__swing_0002,arms,dtl,130,8.95,36.29,2.19,9.66
2026-07-04_Mark-Liversedge_Wrist_01__swing_0002,head,faceOn,130,15.92,24.99,3.92,6.15
2026-07-04_Mark-Liversedge_Wrist_01__swing_0002,head,dtl,130,28.97,32.46,7.47,8.28
2026-07-04_Mark-Liversedge_Wrist_01__swing_0002,hips,faceOn,130,13.85,18.66,4.11,5.49
2026-07-04_Mark-Liversedge_Wrist_01__swing_0002,hips,dtl,130,6.8,38.57,1.87,10.8
2026-07-04_Mark-Liversedge_Wrist_01__swing_0002,legs,faceOn,130,12.92,15.43,4.01,4.77
2026-07-04_Mark-Liversedge_Wrist_01__swing_0002,legs,dtl,130,12.98,19.18,3.76,5.59
2026-07-04_Mark-Liversedge_Wrist_01__swing_0002,shaft,faceOn,130,50.16,141.03,10.57,47.95
2026-07-04_Mark-Liversedge_Wrist_01__swing_0002,shaft,dtl,46,107.61,227.31,26.18,46.88
2026-07-04_Mark-Liversedge_Wrist_01__swing_0002,shaft@backswing,faceOn,51,57.8,182.63,12.6,66.07
2026-07-04_Mark-Liversedge_Wrist_01__swing_0002,shaft@backswing,dtl,17,123.58,227.31,25.83,47.72
2026-07-04_Mark-Liversedge_Wrist_01__swing_0002,shaft@downswing,faceOn,44,32.18,141.03,8.15,47.95
2026-07-04_Mark-Liversedge_Wrist_01__swing_0002,shaft@downswing,dtl,20,106.18,227.68,20.51,39.4
2026-07-04_Mark-Liversedge_Wrist_01__swing_0002,shaft@impact,faceOn,17,50.5,73.46,10.4,14.83
2026-07-04_Mark-Liversedge_Wrist_01__swing_0002,shaft@impact,dtl,15,88.71,154.63,19.05,45.43
2026-07-04_Mark-Liversedge_Wrist_01__swing_0002,shaftGrip,faceOn,130,32.33,55.87,8.6,14.79
2026-07-04_Mark-Liversedge_Wrist_01__swing_0002,shaftGrip,dtl,46,34.26,79.87,8.85,15.39
2026-07-04_Mark-Liversedge_Wrist_01__swing_0002,shaft~,faceOn,130,47.92,145.71,10.0,49.98
2026-07-04_Mark-Liversedge_Wrist_01__swing_0002,shaft~,dtl,46,106.24,226.72,27.35,47.01
2026-07-04_Mark-Liversedge_Wrist_01__swing_0002,shoulders,faceOn,130,22.43,26.1,5.62,6.32
2026-07-04_Mark-Liversedge_Wrist_01__swing_0002,shoulders,dtl,130,22.14,27.62,5.97,7.45
2026-07-04_Mark-Liversedge_Wrist_01__swing_0002,spine,faceOn,130,17.14,110.33,4.5,28.77
2026-07-04_Mark-Liversedge_Wrist_01__swing_0002,spine,dtl,130,20.89,29.29,5.57,7.56
2026-07-04_Mark-Liversedge_Wrist_01__swing_0003,arms,faceOn,134,3.31,17.57,0.93,5.21
2026-07-04_Mark-Liversedge_Wrist_01__swing_0003,arms,dtl,134,3.18,27.34,0.69,8.63
2026-07-04_Mark-Liversedge_Wrist_01__swing_0003,head,faceOn,134,17.19,28.69,4.15,6.99
2026-07-04_Mark-Liversedge_Wrist_01__swing_0003,head,dtl,134,28.18,37.01,7.33,9.75
2026-07-04_Mark-Liversedge_Wrist_01__swing_0003,hips,faceOn,134,12.23,22.3,3.62,6.69
2026-07-04_Mark-Liversedge_Wrist_01__swing_0003,hips,dtl,134,6.4,39.52,1.71,11.29
2026-07-04_Mark-Liversedge_Wrist_01__swing_0003,legs,faceOn,134,13.39,16.72,4.16,5.16
2026-07-04_Mark-Liversedge_Wrist_01__swing_0003,legs,dtl,134,9.72,13.24,2.83,3.83
2026-07-04_Mark-Liversedge_Wrist_01__swing_0003,shaft,faceOn,112,39.18,108.88,9.8,28.34
2026-07-04_Mark-Liversedge_Wrist_01__swing_0003,shaft,dtl,49,52.44,249.51,11.96,40.09
2026-07-04_Mark-Liversedge_Wrist_01__swing_0003,shaft@backswing,faceOn,54,43.79,99.87,12.33,22.73
2026-07-04_Mark-Liversedge_Wrist_01__swing_0003,shaft@backswing,dtl,20,46.5,283.18,9.63,41.84
2026-07-04_Mark-Liversedge_Wrist_01__swing_0003,shaft@downswing,faceOn,44,34.9,148.66,7.38,54.82
2026-07-04_Mark-Liversedge_Wrist_01__swing_0003,shaft@downswing,dtl,19,104.97,240.45,16.96,40.09
2026-07-04_Mark-Liversedge_Wrist_01__swing_0003,shaft@impact,faceOn,17,39.7,50.38,8.14,10.24
2026-07-04_Mark-Liversedge_Wrist_01__swing_0003,shaft@impact,dtl,13,47.6,83.95,12.17,18.23
2026-07-04_Mark-Liversedge_Wrist_01__swing_0003,shaftGrip,faceOn,112,31.29,46.35,8.51,12.82
2026-07-04_Mark-Liversedge_Wrist_01__swing_0003,shaftGrip,dtl,49,34.55,50.01,9.12,12.65
2026-07-04_Mark-Liversedge_Wrist_01__swing_0003,shaft~,faceOn,112,38.72,105.1,9.33,28.37
2026-07-04_Mark-Liversedge_Wrist_01__swing_0003,shaft~,dtl,49,55.26,245.94,10.53,40.01
2026-07-04_Mark-Liversedge_Wrist_01__swing_0003,shoulders,faceOn,134,25.15,33.32,6.14,8.14
2026-07-04_Mark-Liversedge_Wrist_01__swing_0003,shoulders,dtl,134,24.37,31.83,6.38,8.87
2026-07-04_Mark-Liversedge_Wrist_01__swing_0003,spine,faceOn,134,16.4,21.07,4.29,5.54
2026-07-04_Mark-Liversedge_Wrist_01__swing_0003,spine,dtl,134,22.76,32.86,6.02,8.78
2026-07-04_Mark-Liversedge_Wrist_01__swing_0004,arms,faceOn,136,2.4,17.29,0.62,4.71
2026-07-04_Mark-Liversedge_Wrist_01__swing_0004,arms,dtl,136,2.02,34.5,0.48,11.17
2026-07-04_Mark-Liversedge_Wrist_01__swing_0004,head,faceOn,136,17.16,24.33,4.24,6.03
2026-07-04_Mark-Liversedge_Wrist_01__swing_0004,head,dtl,136,29.31,33.0,7.49,8.5
2026-07-04_Mark-Liversedge_Wrist_01__swing_0004,hips,faceOn,136,14.15,28.86,4.35,8.71
2026-07-04_Mark-Liversedge_Wrist_01__swing_0004,hips,dtl,136,10.24,26.7,2.69,7.6
2026-07-04_Mark-Liversedge_Wrist_01__swing_0004,legs,faceOn,136,14.26,18.51,4.43,5.73
2026-07-04_Mark-Liversedge_Wrist_01__swing_0004,legs,dtl,136,7.51,11.05,2.2,3.24
2026-07-04_Mark-Liversedge_Wrist_01__swing_0004,shaft,faceOn,136,47.72,159.75,10.33,56.34
2026-07-04_Mark-Liversedge_Wrist_01__swing_0004,shaft,dtl,59,43.42,151.08,9.23,31.03
2026-07-04_Mark-Liversedge_Wrist_01__swing_0004,shaft@backswing,faceOn,57,43.39,140.67,10.11,51.6
2026-07-04_Mark-Liversedge_Wrist_01__swing_0004,shaft@backswing,dtl,28,40.33,151.08,8.34,30.5
2026-07-04_Mark-Liversedge_Wrist_01__swing_0004,shaft@downswing,faceOn,43,59.58,186.6,11.9,69.4
2026-07-04_Mark-Liversedge_Wrist_01__swing_0004,shaft@downswing,dtl,19,49.78,195.18,9.8,37.03
2026-07-04_Mark-Liversedge_Wrist_01__swing_0004,shaft@impact,faceOn,17,47.42,59.73,9.68,13.74
2026-07-04_Mark-Liversedge_Wrist_01__swing_0004,shaft@impact,dtl,13,43.42,120.32,9.23,22.37
2026-07-04_Mark-Liversedge_Wrist_01__swing_0004,shaftGrip,faceOn,136,28.56,49.49,7.58,12.15
2026-07-04_Mark-Liversedge_Wrist_01__swing_0004,shaftGrip,dtl,59,21.49,54.76,5.63,11.68
2026-07-04_Mark-Liversedge_Wrist_01__swing_0004,shaft~,faceOn,136,47.69,160.93,10.13,56.46
2026-07-04_Mark-Liversedge_Wrist_01__swing_0004,shaft~,dtl,59,43.46,150.68,9.41,30.64
2026-07-04_Mark-Liversedge_Wrist_01__swing_0004,shoulders,faceOn,136,22.2,29.89,5.49,7.26
2026-07-04_Mark-Liversedge_Wrist_01__swing_0004,shoulders,dtl,136,23.58,28.71,6.13,7.43
2026-07-04_Mark-Liversedge_Wrist_01__swing_0004,spine,faceOn,136,14.16,18.88,3.76,5.0
2026-07-04_Mark-Liversedge_Wrist_01__swing_0004,spine,dtl,136,22.46,27.33,5.92,7.21
2026-07-04_Mark-Liversedge_Wrist_01__swing_0005,arms,faceOn,135,2.25,15.55,0.57,4.48
2026-07-04_Mark-Liversedge_Wrist_01__swing_0005,arms,dtl,135,8.45,47.7,2.07,13.79
2026-07-04_Mark-Liversedge_Wrist_01__swing_0005,head,faceOn,135,19.42,27.15,4.62,6.49
2026-07-04_Mark-Liversedge_Wrist_01__swing_0005,head,dtl,135,28.16,36.13,7.27,9.33
2026-07-04_Mark-Liversedge_Wrist_01__swing_0005,hips,faceOn,135,13.31,38.27,3.82,11.34
2026-07-04_Mark-Liversedge_Wrist_01__swing_0005,hips,dtl,135,10.72,30.31,3.0,8.62
2026-07-04_Mark-Liversedge_Wrist_01__swing_0005,legs,faceOn,135,14.23,18.59,4.38,5.73
2026-07-04_Mark-Liversedge_Wrist_01__swing_0005,legs,dtl,135,3.95,8.27,1.17,2.41
2026-07-04_Mark-Liversedge_Wrist_01__swing_0005,shaft,faceOn,135,48.01,137.74,10.46,44.92
2026-07-04_Mark-Liversedge_Wrist_01__swing_0005,shaft,dtl,58,31.42,171.73,6.98,25.16
2026-07-04_Mark-Liversedge_Wrist_01__swing_0005,shaft@backswing,faceOn,56,43.06,143.27,11.35,51.63
2026-07-04_Mark-Liversedge_Wrist_01__swing_0005,shaft@backswing,dtl,29,32.27,192.25,7.14,27.82
2026-07-04_Mark-Liversedge_Wrist_01__swing_0005,shaft@downswing,faceOn,42,27.54,128.21,6.71,39.53
2026-07-04_Mark-Liversedge_Wrist_01__swing_0005,shaft@downswing,dtl,20,44.29,171.73,7.0,22.29
2026-07-04_Mark-Liversedge_Wrist_01__swing_0005,shaft@impact,faceOn,17,41.18,62.52,8.32,12.62
2026-07-04_Mark-Liversedge_Wrist_01__swing_0005,shaft@impact,dtl,13,27.43,48.98,6.74,10.03
2026-07-04_Mark-Liversedge_Wrist_01__swing_0005,shaftGrip,faceOn,135,23.34,44.67,6.36,11.3
2026-07-04_Mark-Liversedge_Wrist_01__swing_0005,shaftGrip,dtl,58,22.44,33.4,5.66,8.6
2026-07-04_Mark-Liversedge_Wrist_01__swing_0005,shaft~,faceOn,135,45.21,138.69,10.23,44.96
2026-07-04_Mark-Liversedge_Wrist_01__swing_0005,shaft~,dtl,58,32.85,152.76,7.13,25.03
2026-07-04_Mark-Liversedge_Wrist_01__swing_0005,shoulders,faceOn,135,21.36,27.46,5.36,6.36
2026-07-04_Mark-Liversedge_Wrist_01__swing_0005,shoulders,dtl,135,22.02,32.12,5.95,9.19
2026-07-04_Mark-Liversedge_Wrist_01__swing_0005,spine,faceOn,135,15.4,20.01,3.96,5.09
2026-07-04_Mark-Liversedge_Wrist_01__swing_0005,spine,dtl,135,22.15,29.04,5.85,7.65
2026-07-04_Mark-Liversedge_Wrist_01__swing_0006,arms,faceOn,130,2.63,12.04,0.71,3.31
2026-07-04_Mark-Liversedge_Wrist_01__swing_0006,arms,dtl,130,5.5,57.32,1.31,15.62
2026-07-04_Mark-Liversedge_Wrist_01__swing_0006,head,faceOn,130,19.13,25.94,4.57,6.25
2026-07-04_Mark-Liversedge_Wrist_01__swing_0006,head,dtl,130,27.78,32.9,7.14,8.63
2026-07-04_Mark-Liversedge_Wrist_01__swing_0006,hips,faceOn,130,14.77,35.17,4.55,10.49
2026-07-04_Mark-Liversedge_Wrist_01__swing_0006,hips,dtl,130,9.18,30.35,2.52,8.67
2026-07-04_Mark-Liversedge_Wrist_01__swing_0006,legs,faceOn,130,16.75,19.61,5.21,6.11
2026-07-04_Mark-Liversedge_Wrist_01__swing_0006,legs,dtl,130,9.29,13.21,2.68,3.9
2026-07-04_Mark-Liversedge_Wrist_01__swing_0006,shaft,faceOn,130,55.56,133.0,11.18,47.52
2026-07-04_Mark-Liversedge_Wrist_01__swing_0006,shaft,dtl,53,42.06,163.29,9.84,34.35
2026-07-04_Mark-Liversedge_Wrist_01__swing_0006,shaft@backswing,faceOn,53,41.42,135.12,10.66,48.84
2026-07-04_Mark-Liversedge_Wrist_01__swing_0006,shaft@backswing,dtl,24,59.22,163.29,10.91,34.35
2026-07-04_Mark-Liversedge_Wrist_01__swing_0006,shaft@downswing,faceOn,42,55.56,142.33,14.09,50.03
2026-07-04_Mark-Liversedge_Wrist_01__swing_0006,shaft@downswing,dtl,20,64.03,321.32,11.64,42.41
2026-07-04_Mark-Liversedge_Wrist_01__swing_0006,shaft@impact,faceOn,17,65.8,74.56,14.0,15.43
2026-07-04_Mark-Liversedge_Wrist_01__swing_0006,shaft@impact,dtl,14,28.47,70.94,8.6,17.22
2026-07-04_Mark-Liversedge_Wrist_01__swing_0006,shaftGrip,faceOn,130,26.8,44.49,7.28,11.46
2026-07-04_Mark-Liversedge_Wrist_01__swing_0006,shaftGrip,dtl,53,30.06,38.04,6.17,10.03
2026-07-04_Mark-Liversedge_Wrist_01__swing_0006,shaft~,faceOn,130,57.18,134.67,11.18,48.58
2026-07-04_Mark-Liversedge_Wrist_01__swing_0006,shaft~,dtl,53,42.1,161.53,10.08,34.09
2026-07-04_Mark-Liversedge_Wrist_01__swing_0006,shoulders,faceOn,130,27.7,32.08,6.63,7.72
2026-07-04_Mark-Liversedge_Wrist_01__swing_0006,shoulders,dtl,130,23.44,31.51,6.23,8.99
2026-07-04_Mark-Liversedge_Wrist_01__swing_0006,spine,faceOn,130,15.5,21.45,4.03,5.52
2026-07-04_Mark-Liversedge_Wrist_01__swing_0006,spine,dtl,130,23.92,31.18,6.28,8.26
2026-07-04_Mark-Liversedge_Wrist_01__swing_0007,arms,faceOn,136,3.04,22.41,0.79,6.18
2026-07-04_Mark-Liversedge_Wrist_01__swing_0007,arms,dtl,136,5.53,46.49,1.52,15.27
2026-07-04_Mark-Liversedge_Wrist_01__swing_0007,head,faceOn,136,20.04,31.49,4.82,7.88
2026-07-04_Mark-Liversedge_Wrist_01__swing_0007,head,dtl,136,26.5,32.1,7.03,8.5
2026-07-04_Mark-Liversedge_Wrist_01__swing_0007,hips,faceOn,136,12.81,38.76,3.78,11.51
2026-07-04_Mark-Liversedge_Wrist_01__swing_0007,hips,dtl,136,5.33,34.29,1.48,10.08
2026-07-04_Mark-Liversedge_Wrist_01__swing_0007,legs,faceOn,136,16.06,19.16,4.93,5.9
2026-07-04_Mark-Liversedge_Wrist_01__swing_0007,legs,dtl,136,3.74,16.33,1.12,4.95
2026-07-04_Mark-Liversedge_Wrist_01__swing_0007,shaft,faceOn,136,71.94,214.48,17.56,42.37
2026-07-04_Mark-Liversedge_Wrist_01__swing_0007,shaft,dtl,45,52.96,252.47,13.98,43.06
2026-07-04_Mark-Liversedge_Wrist_01__swing_0007,shaft@backswing,faceOn,37,49.58,115.43,16.93,28.97
2026-07-04_Mark-Liversedge_Wrist_01__swing_0007,shaft@backswing,dtl,18,50.62,170.59,13.46,37.8
2026-07-04_Mark-Liversedge_Wrist_01__swing_0007,shaft@downswing,faceOn,48,55.4,97.57,15.28,26.11
2026-07-04_Mark-Liversedge_Wrist_01__swing_0007,shaft@downswing,dtl,18,98.11,264.17,12.03,49.91
2026-07-04_Mark-Liversedge_Wrist_01__swing_0007,shaft@impact,faceOn,17,85.89,111.84,18.06,21.93
2026-07-04_Mark-Liversedge_Wrist_01__swing_0007,shaft@impact,dtl,12,33.65,89.26,11.84,21.03
2026-07-04_Mark-Liversedge_Wrist_01__swing_0007,shaftGrip,faceOn,136,27.8,52.54,7.67,14.71
2026-07-04_Mark-Liversedge_Wrist_01__swing_0007,shaftGrip,dtl,45,24.38,36.84,5.1,10.53
2026-07-04_Mark-Liversedge_Wrist_01__swing_0007,shaft~,faceOn,136,69.96,212.8,17.17,42.41
2026-07-04_Mark-Liversedge_Wrist_01__swing_0007,shaft~,dtl,45,53.05,254.06,14.12,43.06
2026-07-04_Mark-Liversedge_Wrist_01__swing_0007,shoulders,faceOn,136,26.75,34.86,7.02,8.35
2026-07-04_Mark-Liversedge_Wrist_01__swing_0007,shoulders,dtl,136,24.81,32.97,6.77,9.12
2026-07-04_Mark-Liversedge_Wrist_01__swing_0007,spine,faceOn,136,17.29,25.51,4.58,6.61
2026-07-04_Mark-Liversedge_Wrist_01__swing_0007,spine,dtl,136,25.36,32.26,6.9,8.73
2026-07-04_Mark-Liversedge_Wrist_01__swing_0008,arms,faceOn,134,2.52,23.09,0.66,6.2
2026-07-04_Mark-Liversedge_Wrist_01__swing_0008,arms,dtl,134,2.37,47.56,0.51,12.15
2026-07-04_Mark-Liversedge_Wrist_01__swing_0008,head,faceOn,134,19.09,25.81,4.67,6.32
2026-07-04_Mark-Liversedge_Wrist_01__swing_0008,head,dtl,134,27.25,34.19,6.98,8.79
2026-07-04_Mark-Liversedge_Wrist_01__swing_0008,hips,faceOn,134,15.77,30.93,4.79,9.24
2026-07-04_Mark-Liversedge_Wrist_01__swing_0008,hips,dtl,134,9.28,27.29,2.55,7.77
2026-07-04_Mark-Liversedge_Wrist_01__swing_0008,legs,faceOn,134,15.21,21.74,4.74,6.69
2026-07-04_Mark-Liversedge_Wrist_01__swing_0008,legs,dtl,134,7.95,13.42,2.27,3.95
2026-07-04_Mark-Liversedge_Wrist_01__swing_0008,shaft,faceOn,134,64.91,147.44,13.0,48.79
2026-07-04_Mark-Liversedge_Wrist_01__swing_0008,shaft,dtl,53,60.25,231.91,10.26,33.22
2026-07-04_Mark-Liversedge_Wrist_01__swing_0008,shaft@backswing,faceOn,57,69.67,135.0,22.0,48.7
2026-07-04_Mark-Liversedge_Wrist_01__swing_0008,shaft@backswing,dtl,25,38.94,261.04,8.8,47.52
2026-07-04_Mark-Liversedge_Wrist_01__swing_0008,shaft@downswing,faceOn,40,25.12,132.38,6.65,40.14
2026-07-04_Mark-Liversedge_Wrist_01__swing_0008,shaft@downswing,dtl,19,75.58,191.23,12.0,32.81
2026-07-04_Mark-Liversedge_Wrist_01__swing_0008,shaft@impact,faceOn,17,44.59,85.76,9.19,18.0
2026-07-04_Mark-Liversedge_Wrist_01__swing_0008,shaft@impact,dtl,13,71.14,113.69,12.0,24.88
2026-07-04_Mark-Liversedge_Wrist_01__swing_0008,shaftGrip,faceOn,134,24.22,44.46,6.66,11.8
2026-07-04_Mark-Liversedge_Wrist_01__swing_0008,shaftGrip,dtl,53,19.11,34.68,4.44,9.46
2026-07-04_Mark-Liversedge_Wrist_01__swing_0008,shaft~,faceOn,134,63.88,147.66,12.57,48.76
2026-07-04_Mark-Liversedge_Wrist_01__swing_0008,shaft~,dtl,53,69.5,228.65,12.25,35.08
2026-07-04_Mark-Liversedge_Wrist_01__swing_0008,shoulders,faceOn,134,22.07,28.39,5.37,6.72
2026-07-04_Mark-Liversedge_Wrist_01__swing_0008,shoulders,dtl,134,23.0,33.5,6.17,8.97
2026-07-04_Mark-Liversedge_Wrist_01__swing_0008,spine,faceOn,134,15.36,21.51,3.99,5.52
2026-07-04_Mark-Liversedge_Wrist_01__swing_0008,spine,dtl,134,22.79,29.62,6.01,7.74
2026-07-04_Mark-Liversedge_Wrist_01__swing_0009,arms,faceOn,132,2.37,17.23,0.65,4.56
2026-07-04_Mark-Liversedge_Wrist_01__swing_0009,arms,dtl,132,6.15,80.69,1.59,23.09
2026-07-04_Mark-Liversedge_Wrist_01__swing_0009,head,faceOn,132,20.95,28.39,5.17,6.95
2026-07-04_Mark-Liversedge_Wrist_01__swing_0009,head,dtl,132,28.2,31.72,7.25,8.08
2026-07-04_Mark-Liversedge_Wrist_01__swing_0009,hips,faceOn,132,14.81,31.41,4.55,9.53
2026-07-04_Mark-Liversedge_Wrist_01__swing_0009,hips,dtl,132,11.84,29.18,3.04,8.3
2026-07-04_Mark-Liversedge_Wrist_01__swing_0009,legs,faceOn,132,14.09,17.23,4.39,5.38
2026-07-04_Mark-Liversedge_Wrist_01__swing_0009,legs,dtl,132,7.29,10.79,2.12,3.14
2026-07-04_Mark-Liversedge_Wrist_01__swing_0009,shaft,faceOn,132,77.28,179.23,16.75,64.57
2026-07-04_Mark-Liversedge_Wrist_01__swing_0009,shaft,dtl,51,51.92,265.01,12.67,39.85
2026-07-04_Mark-Liversedge_Wrist_01__swing_0009,shaft@backswing,faceOn,54,76.94,157.28,19.45,60.96
2026-07-04_Mark-Liversedge_Wrist_01__swing_0009,shaft@backswing,dtl,25,33.82,302.2,8.96,39.85
2026-07-04_Mark-Liversedge_Wrist_01__swing_0009,shaft@downswing,faceOn,42,102.22,215.03,22.87,85.19
2026-07-04_Mark-Liversedge_Wrist_01__swing_0009,shaft@downswing,dtl,18,100.47,258.85,17.96,49.04
2026-07-04_Mark-Liversedge_Wrist_01__swing_0009,shaft@impact,faceOn,17,90.62,122.8,18.68,23.0
2026-07-04_Mark-Liversedge_Wrist_01__swing_0009,shaft@impact,dtl,13,51.92,90.95,12.67,31.17
2026-07-04_Mark-Liversedge_Wrist_01__swing_0009,shaftGrip,faceOn,132,26.79,43.78,7.33,11.62
2026-07-04_Mark-Liversedge_Wrist_01__swing_0009,shaftGrip,dtl,51,20.34,38.09,4.72,9.51
2026-07-04_Mark-Liversedge_Wrist_01__swing_0009,shaft~,faceOn,132,77.2,171.79,17.64,65.69
2026-07-04_Mark-Liversedge_Wrist_01__swing_0009,shaft~,dtl,51,49.51,268.61,12.88,40.91
2026-07-04_Mark-Liversedge_Wrist_01__swing_0009,shoulders,faceOn,132,25.71,29.94,6.43,7.31
2026-07-04_Mark-Liversedge_Wrist_01__swing_0009,shoulders,dtl,132,24.57,33.19,6.58,8.89
2026-07-04_Mark-Liversedge_Wrist_01__swing_0009,spine,faceOn,132,17.93,20.93,4.74,5.55
2026-07-04_Mark-Liversedge_Wrist_01__swing_0009,spine,dtl,132,24.93,29.74,6.59,7.74
2026-07-04_Mark-Liversedge_Wrist_01__swing_0010,arms,faceOn,149,2.29,19.45,0.61,5.83
2026-07-04_Mark-Liversedge_Wrist_01__swing_0010,arms,dtl,149,4.64,34.7,1.26,9.01
2026-07-04_Mark-Liversedge_Wrist_01__swing_0010,head,faceOn,149,21.06,30.33,5.12,7.51
2026-07-04_Mark-Liversedge_Wrist_01__swing_0010,head,dtl,149,26.51,30.77,6.85,7.92
2026-07-04_Mark-Liversedge_Wrist_01__swing_0010,hips,faceOn,149,10.06,37.79,2.93,11.19
2026-07-04_Mark-Liversedge_Wrist_01__swing_0010,hips,dtl,149,10.71,34.82,2.68,10.07
2026-07-04_Mark-Liversedge_Wrist_01__swing_0010,legs,faceOn,149,14.96,19.49,4.57,6.03
2026-07-04_Mark-Liversedge_Wrist_01__swing_0010,legs,dtl,149,5.64,13.66,1.66,4.04
2026-07-04_Mark-Liversedge_Wrist_01__swing_0010,shaft,faceOn,149,93.77,250.69,19.58,59.58
2026-07-04_Mark-Liversedge_Wrist_01__swing_0010,shaft,dtl,60,82.12,230.1,18.6,42.19
2026-07-04_Mark-Liversedge_Wrist_01__swing_0010,shaft@backswing,faceOn,58,57.2,127.57,13.07,45.72
2026-07-04_Mark-Liversedge_Wrist_01__swing_0010,shaft@backswing,dtl,29,36.59,196.96,9.41,30.82
2026-07-04_Mark-Liversedge_Wrist_01__swing_0010,shaft@downswing,faceOn,40,63.47,161.78,14.23,58.88
2026-07-04_Mark-Liversedge_Wrist_01__swing_0010,shaft@downswing,dtl,19,75.3,234.66,20.01,46.58
2026-07-04_Mark-Liversedge_Wrist_01__swing_0010,shaft@impact,faceOn,17,59.38,191.47,12.23,41.98
2026-07-04_Mark-Liversedge_Wrist_01__swing_0010,shaft@impact,dtl,13,100.15,146.1,20.49,34.17
2026-07-04_Mark-Liversedge_Wrist_01__swing_0010,shaftGrip,faceOn,149,26.2,41.65,7.26,11.65
2026-07-04_Mark-Liversedge_Wrist_01__swing_0010,shaftGrip,dtl,60,22.98,40.12,5.77,8.7
2026-07-04_Mark-Liversedge_Wrist_01__swing_0010,shaft~,faceOn,149,96.49,249.43,19.77,59.0
2026-07-04_Mark-Liversedge_Wrist_01__swing_0010,shaft~,dtl,60,80.76,230.2,17.56,42.18
2026-07-04_Mark-Liversedge_Wrist_01__swing_0010,shoulders,faceOn,149,23.58,29.32,5.83,7.32
2026-07-04_Mark-Liversedge_Wrist_01__swing_0010,shoulders,dtl,149,24.05,32.14,6.2,9.01
2026-07-04_Mark-Liversedge_Wrist_01__swing_0010,spine,faceOn,149,17.16,21.63,4.5,5.67
2026-07-04_Mark-Liversedge_Wrist_01__swing_0010,spine,dtl,149,24.42,33.52,6.49,8.85
2026-07-04_Mark-Liversedge_Wrist_01__swing_0011,arms,faceOn,134,2.11,20.86,0.57,6.28
2026-07-04_Mark-Liversedge_Wrist_01__swing_0011,arms,dtl,134,4.16,102.38,1.14,31.34
2026-07-04_Mark-Liversedge_Wrist_01__swing_0011,head,faceOn,134,19.31,26.28,4.78,6.48
2026-07-04_Mark-Liversedge_Wrist_01__swing_0011,head,dtl,134,29.02,32.55,7.38,8.25
2026-07-04_Mark-Liversedge_Wrist_01__swing_0011,hips,faceOn,134,12.92,26.81,4.02,8.15
2026-07-04_Mark-Liversedge_Wrist_01__swing_0011,hips,dtl,134,10.9,31.67,2.87,8.95
2026-07-04_Mark-Liversedge_Wrist_01__swing_0011,legs,faceOn,134,13.93,16.43,4.34,5.12
2026-07-04_Mark-Liversedge_Wrist_01__swing_0011,legs,dtl,134,10.14,17.17,2.95,5.01
2026-07-04_Mark-Liversedge_Wrist_01__swing_0011,shaft,faceOn,122,57.17,147.62,11.74,54.2
2026-07-04_Mark-Liversedge_Wrist_01__swing_0011,shaft,dtl,53,40.45,248.25,10.31,38.96
2026-07-04_Mark-Liversedge_Wrist_01__swing_0011,shaft@backswing,faceOn,54,68.98,142.28,21.48,51.2
2026-07-04_Mark-Liversedge_Wrist_01__swing_0011,shaft@backswing,dtl,25,37.95,275.2,8.66,41.97
2026-07-04_Mark-Liversedge_Wrist_01__swing_0011,shaft@downswing,faceOn,43,42.97,168.36,11.51,64.02
2026-07-04_Mark-Liversedge_Wrist_01__swing_0011,shaft@downswing,dtl,18,85.16,248.25,14.32,35.33
2026-07-04_Mark-Liversedge_Wrist_01__swing_0011,shaft@impact,faceOn,9,36.26,61.08,7.72,12.28
2026-07-04_Mark-Liversedge_Wrist_01__swing_0011,shaft@impact,dtl,13,32.04,63.4,8.48,15.0
2026-07-04_Mark-Liversedge_Wrist_01__swing_0011,shaftGrip,faceOn,122,23.76,42.75,6.86,11.45
2026-07-04_Mark-Liversedge_Wrist_01__swing_0011,shaftGrip,dtl,53,24.99,36.7,6.06,8.69
2026-07-04_Mark-Liversedge_Wrist_01__swing_0011,shaft~,faceOn,122,56.0,147.71,12.02,54.62
2026-07-04_Mark-Liversedge_Wrist_01__swing_0011,shaft~,dtl,53,41.92,248.46,10.19,37.93
2026-07-04_Mark-Liversedge_Wrist_01__swing_0011,shoulders,faceOn,134,21.76,25.67,5.37,6.37
2026-07-04_Mark-Liversedge_Wrist_01__swing_0011,shoulders,dtl,134,22.91,34.02,5.98,9.41
2026-07-04_Mark-Liversedge_Wrist_01__swing_0011,spine,faceOn,134,15.5,21.66,4.17,5.7
2026-07-04_Mark-Liversedge_Wrist_01__swing_0011,spine,dtl,134,22.11,30.4,5.79,7.97
2026-07-04_Mark-Liversedge_Wrist_01__swing_0012,arms,faceOn,131,2.58,13.68,0.69,3.88
2026-07-04_Mark-Liversedge_Wrist_01__swing_0012,arms,dtl,131,4.42,38.63,1.26,12.53
2026-07-04_Mark-Liversedge_Wrist_01__swing_0012,head,faceOn,131,18.07,26.79,4.26,6.33
2026-07-04_Mark-Liversedge_Wrist_01__swing_0012,head,dtl,131,27.97,35.44,7.24,9.1
2026-07-04_Mark-Liversedge_Wrist_01__swing_0012,hips,faceOn,131,14.95,38.58,4.6,11.33
2026-07-04_Mark-Liversedge_Wrist_01__swing_0012,hips,dtl,131,11.52,34.04,3.2,9.78
2026-07-04_Mark-Liversedge_Wrist_01__swing_0012,legs,faceOn,131,14.1,20.74,4.34,6.4
2026-07-04_Mark-Liversedge_Wrist_01__swing_0012,legs,dtl,131,4.47,8.75,1.33,2.59
2026-07-04_Mark-Liversedge_Wrist_01__swing_0012,shaft,faceOn,131,53.79,173.72,14.27,61.71
2026-07-04_Mark-Liversedge_Wrist_01__swing_0012,shaft,dtl,48,55.19,205.8,12.34,30.22
2026-07-04_Mark-Liversedge_Wrist_01__swing_0012,shaft@backswing,faceOn,56,53.2,158.9,15.86,57.29
2026-07-04_Mark-Liversedge_Wrist_01__swing_0012,shaft@backswing,dtl,22,61.75,205.8,13.14,33.0
2026-07-04_Mark-Liversedge_Wrist_01__swing_0012,shaft@downswing,faceOn,38,53.84,177.51,14.15,64.54
2026-07-04_Mark-Liversedge_Wrist_01__swing_0012,shaft@downswing,dtl,18,54.72,231.22,10.6,30.22
2026-07-04_Mark-Liversedge_Wrist_01__swing_0012,shaft@impact,faceOn,17,25.1,53.4,5.09,10.99
2026-07-04_Mark-Liversedge_Wrist_01__swing_0012,shaft@impact,dtl,14,44.3,89.47,10.56,27.87
2026-07-04_Mark-Liversedge_Wrist_01__swing_0012,shaftGrip,faceOn,131,30.24,45.24,8.02,12.42
2026-07-04_Mark-Liversedge_Wrist_01__swing_0012,shaftGrip,dtl,48,28.23,40.15,5.72,11.04
2026-07-04_Mark-Liversedge_Wrist_01__swing_0012,shaft~,faceOn,131,54.41,174.56,14.14,61.64
2026-07-04_Mark-Liversedge_Wrist_01__swing_0012,shaft~,dtl,48,56.43,207.19,13.12,30.04
2026-07-04_Mark-Liversedge_Wrist_01__swing_0012,shoulders,faceOn,131,25.03,27.94,5.89,6.62
2026-07-04_Mark-Liversedge_Wrist_01__swing_0012,shoulders,dtl,131,21.85,34.78,5.8,9.94
2026-07-04_Mark-Liversedge_Wrist_01__swing_0012,spine,faceOn,131,14.47,18.2,3.71,4.69
2026-07-04_Mark-Liversedge_Wrist_01__swing_0012,spine,dtl,131,22.12,30.44,5.88,8.04
2026-07-04_Mark-Liversedge_Wrist_01__swing_0013,arms,faceOn,130,2.67,13.17,0.73,3.14
2026-07-04_Mark-Liversedge_Wrist_01__swing_0013,arms,dtl,130,4.83,38.08,1.34,12.04
2026-07-04_Mark-Liversedge_Wrist_01__swing_0013,head,faceOn,130,17.48,26.55,4.16,6.46
2026-07-04_Mark-Liversedge_Wrist_01__swing_0013,head,dtl,130,27.4,28.69,6.93,7.38
2026-07-04_Mark-Liversedge_Wrist_01__swing_0013,hips,faceOn,130,15.24,27.69,4.67,8.25
2026-07-04_Mark-Liversedge_Wrist_01__swing_0013,hips,dtl,130,11.5,29.58,3.18,8.38
2026-07-04_Mark-Liversedge_Wrist_01__swing_0013,legs,faceOn,130,15.2,18.33,4.65,5.57
2026-07-04_Mark-Liversedge_Wrist_01__swing_0013,legs,dtl,130,5.05,8.4,1.48,2.43
2026-07-04_Mark-Liversedge_Wrist_01__swing_0013,shaft,faceOn,130,55.5,165.8,10.34,60.88
2026-07-04_Mark-Liversedge_Wrist_01__swing_0013,shaft,dtl,50,45.8,172.9,9.13,32.74
2026-07-04_Mark-Liversedge_Wrist_01__swing_0013,shaft@backswing,faceOn,54,54.28,161.94,11.76,58.09
2026-07-04_Mark-Liversedge_Wrist_01__swing_0013,shaft@backswing,dtl,24,44.24,221.76,9.34,32.74
2026-07-04_Mark-Liversedge_Wrist_01__swing_0013,shaft@downswing,faceOn,41,65.71,204.19,12.7,74.49
2026-07-04_Mark-Liversedge_Wrist_01__swing_0013,shaft@downswing,dtl,18,36.4,107.55,8.05,23.19
2026-07-04_Mark-Liversedge_Wrist_01__swing_0013,shaft@impact,faceOn,17,39.2,78.06,8.17,15.19
2026-07-04_Mark-Liversedge_Wrist_01__swing_0013,shaft@impact,dtl,13,36.92,102.43,7.75,35.7
2026-07-04_Mark-Liversedge_Wrist_01__swing_0013,shaftGrip,faceOn,130,27.55,46.94,7.51,11.6
2026-07-04_Mark-Liversedge_Wrist_01__swing_0013,shaftGrip,dtl,50,22.72,43.38,5.41,9.08
2026-07-04_Mark-Liversedge_Wrist_01__swing_0013,shaft~,faceOn,130,53.46,163.38,9.82,59.87
2026-07-04_Mark-Liversedge_Wrist_01__swing_0013,shaft~,dtl,50,47.69,173.1,9.31,32.71
2026-07-04_Mark-Liversedge_Wrist_01__swing_0013,shoulders,faceOn,130,26.48,30.81,6.33,7.62
2026-07-04_Mark-Liversedge_Wrist_01__swing_0013,shoulders,dtl,130,24.73,36.99,6.41,9.95
2026-07-04_Mark-Liversedge_Wrist_01__swing_0013,spine,faceOn,130,18.35,20.89,4.75,5.4
2026-07-04_Mark-Liversedge_Wrist_01__swing_0013,spine,dtl,130,26.39,33.29,6.96,8.76
2026-07-04_Mark-Liversedge_Wrist_01__swing_0014,arms,faceOn,131,2.84,16.25,0.75,3.92
2026-07-04_Mark-Liversedge_Wrist_01__swing_0014,arms,dtl,131,2.54,68.84,0.63,22.46
2026-07-04_Mark-Liversedge_Wrist_01__swing_0014,head,faceOn,131,17.51,25.75,4.15,6.15
2026-07-04_Mark-Liversedge_Wrist_01__swing_0014,head,dtl,131,28.63,32.34,7.33,8.35
2026-07-04_Mark-Liversedge_Wrist_01__swing_0014,hips,faceOn,131,13.08,26.12,3.96,7.8
2026-07-04_Mark-Liversedge_Wrist_01__swing_0014,hips,dtl,131,10.61,32.18,2.91,9.29
2026-07-04_Mark-Liversedge_Wrist_01__swing_0014,legs,faceOn,131,13.57,17.85,4.09,5.37
2026-07-04_Mark-Liversedge_Wrist_01__swing_0014,legs,dtl,131,8.02,10.94,2.38,3.21
2026-07-04_Mark-Liversedge_Wrist_01__swing_0014,shaft,faceOn,95,30.89,122.27,7.32,42.17
2026-07-04_Mark-Liversedge_Wrist_01__swing_0014,shaft,dtl,64,74.86,207.7,15.9,44.49
2026-07-04_Mark-Liversedge_Wrist_01__swing_0014,shaft@backswing,faceOn,55,31.4,122.27,7.49,43.68
2026-07-04_Mark-Liversedge_Wrist_01__swing_0014,shaft@backswing,dtl,28,36.83,168.69,7.48,30.19
2026-07-04_Mark-Liversedge_Wrist_01__swing_0014,shaft@downswing,faceOn,40,28.44,64.6,6.64,20.79
2026-07-04_Mark-Liversedge_Wrist_01__swing_0014,shaft@downswing,dtl,26,84.8,225.41,25.68,43.29
2026-07-04_Mark-Liversedge_Wrist_01__swing_0014,shaft@impact,faceOn,9,27.86,34.94,5.82,7.0
2026-07-04_Mark-Liversedge_Wrist_01__swing_0014,shaft@impact,dtl,13,60.26,105.45,10.97,30.95
2026-07-04_Mark-Liversedge_Wrist_01__swing_0014,shaftGrip,faceOn,95,24.04,48.42,6.63,11.77
2026-07-04_Mark-Liversedge_Wrist_01__swing_0014,shaftGrip,dtl,64,20.72,30.09,4.87,8.41
2026-07-04_Mark-Liversedge_Wrist_01__swing_0014,shaft~,faceOn,95,27.66,117.72,7.03,41.38
2026-07-04_Mark-Liversedge_Wrist_01__swing_0014,shaft~,dtl,64,77.35,200.4,16.39,44.47
2026-07-04_Mark-Liversedge_Wrist_01__swing_0014,shoulders,faceOn,131,26.19,31.35,6.3,7.33
2026-07-04_Mark-Liversedge_Wrist_01__swing_0014,shoulders,dtl,131,23.54,28.83,6.18,7.93
2026-07-04_Mark-Liversedge_Wrist_01__swing_0014,spine,faceOn,131,18.22,25.69,4.7,6.56
2026-07-04_Mark-Liversedge_Wrist_01__swing_0014,spine,dtl,131,23.98,28.94,6.36,7.64
2026-07-04_Mark-Liversedge_Wrist_01__swing_0015,arms,faceOn,131,2.18,20.14,0.56,5.48
2026-07-04_Mark-Liversedge_Wrist_01__swing_0015,arms,dtl,131,2.12,64.35,0.48,20.47
2026-07-04_Mark-Liversedge_Wrist_01__swing_0015,head,faceOn,131,19.6,26.76,4.78,6.65
2026-07-04_Mark-Liversedge_Wrist_01__swing_0015,head,dtl,131,28.72,31.43,7.28,8.07
2026-07-04_Mark-Liversedge_Wrist_01__swing_0015,hips,faceOn,131,12.94,31.75,4.06,9.54
2026-07-04_Mark-Liversedge_Wrist_01__swing_0015,hips,dtl,131,9.44,31.71,2.48,9.12
2026-07-04_Mark-Liversedge_Wrist_01__swing_0015,legs,faceOn,131,14.72,19.18,4.58,5.94
2026-07-04_Mark-Liversedge_Wrist_01__swing_0015,legs,dtl,131,7.93,11.8,2.34,3.5
2026-07-04_Mark-Liversedge_Wrist_01__swing_0015,shaft,faceOn,110,45.69,185.24,9.8,64.05
2026-07-04_Mark-Liversedge_Wrist_01__swing_0015,shaft,dtl,56,45.71,191.8,10.87,39.05
2026-07-04_Mark-Liversedge_Wrist_01__swing_0015,shaft@backswing,faceOn,57,60.3,163.21,19.0,58.49
2026-07-04_Mark-Liversedge_Wrist_01__swing_0015,shaft@backswing,dtl,27,53.95,185.12,11.24,37.64
2026-07-04_Mark-Liversedge_Wrist_01__swing_0015,shaft@downswing,faceOn,38,43.45,203.59,10.76,75.28
2026-07-04_Mark-Liversedge_Wrist_01__swing_0015,shaft@downswing,dtl,19,43.21,222.9,8.66,31.63
2026-07-04_Mark-Liversedge_Wrist_01__swing_0015,shaft@impact,faceOn,17,32.56,45.14,7.2,9.17
2026-07-04_Mark-Liversedge_Wrist_01__swing_0015,shaft@impact,dtl,14,38.93,107.46,7.79,17.91
2026-07-04_Mark-Liversedge_Wrist_01__swing_0015,shaftGrip,faceOn,110,32.97,55.07,9.18,15.51
2026-07-04_Mark-Liversedge_Wrist_01__swing_0015,shaftGrip,dtl,56,23.51,42.46,5.3,9.26
2026-07-04_Mark-Liversedge_Wrist_01__swing_0015,shaft~,faceOn,110,41.33,185.73,8.69,63.18
2026-07-04_Mark-Liversedge_Wrist_01__swing_0015,shaft~,dtl,56,48.67,186.23,11.03,38.63
2026-07-04_Mark-Liversedge_Wrist_01__swing_0015,shoulders,faceOn,131,22.89,30.28,5.76,7.21
2026-07-04_Mark-Liversedge_Wrist_01__swing_0015,shoulders,dtl,131,22.75,26.29,6.1,7.34
2026-07-04_Mark-Liversedge_Wrist_01__swing_0015,spine,faceOn,131,16.04,19.62,4.23,5.2
2026-07-04_Mark-Liversedge_Wrist_01__swing_0015,spine,dtl,131,23.35,26.58,6.17,6.95
