swing,full_toP8_oopSeen,full_toP8_foErr,full_toP8_dtlErr,full_toP8_oopBlind,full_toP8_mirrorNearer,full_after_oopBlind,full_after_mirrorNearer,full_ms,kept,planes,v1_toP8_oopSeen,v1_toP8_foErr,v1_toP8_dtlErr,v1_toP8_oopBlind,v1_toP8_mirrorNearer,v1_after_oopBlind,v1_after_mirrorNearer,v1_ms,full_P8oop,full_P8oopMax,v1_P8oop,v1_P8oopMax,drop_toP8_vsFull,drop_toP8_vsDtl,drop_toP8_n,drop_after_vsFull,drop_after_vsDtl,drop_after_n,dropV1_toP8_vsFull,dropV1_toP8_vsDtl,dropV1_toP8_n,dropV1_after_vsFull,dropV1_after_vsDtl,dropV1_after_n,dropDown_toP8_vsFull,dropDown_toP8_vsDtl,dropDown_toP8_n,dropDown_after_vsFull,dropDown_after_vsDtl,dropDown_after_n,dropDownV1_toP8_vsFull,dropDownV1_toP8_vsDtl,dropDownV1_toP8_n,dropDownV1_after_vsFull,dropDownV1_after_vsDtl,dropDownV1_after_n,shiftArm,shiftRest,faceOnly_med,faceOnly_p90,faceOnlyV1_med,faceOnlyV1_p90,full_after_foErr,v1_after_foErr,full_after_oopSeen,full_after_dtlErr,v1_after_oopSeen,v1_after_dtlErr
2026-06-11 s0001,3.3,2.9,1.5,5.7,4/36,59.8,23/35,3112,0/1,self/self,3.7,2.8,1.4,7.1,4/36,62.1,24/35,2452,49.1,63.6,54.3,64.7,6.5,13.1,4,,,0,16.8,21.2,4,,,0,16.1,16.6,32,,,0,40.0,41.8,32,,,0,0.2,0.1,17.1,45.4,48.8,68.5,,,,,,
2026-06-11 s0002,3.7,2.4,1.3,4.5,0/46,2.6,0/32,4008,1/1,self/self,3.8,2.0,1.4,5.3,5/46,53.6,21/32,1825,5.1,5.8,53.4,65.6,1.9,2.7,3,,,0,26.0,21.6,3,,,0,16.6,15.2,30,,,0,13.9,24.6,30,,,0,0.2,0.2,11.8,34.6,27.4,74.1,7.7,8.0,,,,
2026-06-11 s0003,8.1,7.1,0.9,19.6,24/41,3.1,3/45,2396,0/0,catalogue/self,10.0,7.3,0.9,30.1,28/41,44.9,9/45,1801,15.3,15.7,42.7,49.6,,,0,,,0,,,0,,,0,11.2,17.8,16,,,0,12.7,23.4,16,,,0,0.2,0.1,16.1,48.1,49.8,81.3,10.1,10.7,,,,
2026-06-11 s0004,9.9,2.2,1.1,7.4,4/50,2.6,0/23,2632,1/1,catalogue/self,9.3,2.1,0.8,11.4,11/50,62.1,22/23,1694,8.6,12.7,27.9,46.8,1.1,1.1,3,,,0,65.9,49.5,3,,,0,16.9,20.5,27,,,0,21.9,25.1,27,,,0,0.3,0.2,31.9,63.8,45.9,59.7,13.1,11.4,,,,
2026-06-11 s0005,4.5,1.6,1.5,5.8,0/49,3.3,0/16,2911,1/1,catalogue/self,5.1,1.7,1.4,9.8,0/49,57.2,14/16,1786,5.8,9.3,15.2,34.6,1.6,3.4,4,,,0,3.8,6.1,4,,,0,32.1,27.2,27,,,0,7.8,10.2,27,,,0,0.5,0.4,23.4,81.4,34.4,86.6,26.0,27.6,,,,
2026-06-11 s0006,3.7,2.0,1.7,5.0,0/52,4.5,0/22,3373,1/1,self/self,5.8,2.3,1.6,16.0,10/52,70.5,21/22,1896,2.9,7.4,49.3,69.7,14.4,21.5,3,,,0,78.3,56.0,3,,,0,9.4,18.3,28,,,0,11.0,14.1,28,,,0,0.3,0.2,17.1,30.0,35.4,68.2,11.0,7.5,,,,
2026-06-11 s0007,3.2,6.1,1.2,7.7,3/49,4.7,0/22,4172,1/1,self/self,3.3,5.7,1.2,7.4,3/49,60.1,22/22,2039,7.7,13.3,53.8,70.0,1.3,4.4,4,,,0,28.9,26.8,4,,,0,18.2,25.9,28,,,0,27.0,36.7,28,,,0,0.2,0.1,16.6,61.3,33.0,64.2,5.7,3.6,,,,
2026-06-11 s0008,4.1,3.2,1.7,4.3,0/42,4.6,0/20,2813,1/1,self/self,3.7,3.2,1.5,7.5,4/42,65.6,20/20,1907,7.5,14.2,52.3,73.8,7.4,8.1,5,,,0,68.9,55.2,5,,,0,14.7,16.8,31,,,0,8.2,18.5,31,,,0,0.4,0.4,19.3,40.4,32.0,59.4,6.4,8.0,,,,
2026-06-11 s0009,11.3,2.8,1.6,12.1,0/53,7.4,8/44,1773,0/0,self/self,11.4,2.8,1.6,13.1,0/53,11.5,9/44,1653,11.8,13.4,6.2,17.7,,,0,,,0,,,0,,,0,6.7,11.5,16,,,0,6.1,9.7,16,,,0,1.6,1.6,9.3,46.8,57.0,73.9,11.7,11.3,,,,
2026-07-04 s0001,8.9,1.8,1.1,9.8,0/59,12.9,2/28,2965,1/1,catalogue/self,8.4,1.7,1.1,27.0,10/59,64.0,28/28,2434,6.9,8.5,51.5,64.0,,,0,,,0,,,0,,,0,8.7,11.4,28,,,0,26.6,30.1,28,,,0,0.3,0.3,16.8,37.0,71.2,91.3,16.5,16.1,,,,
2026-07-04 s0002,12.9,2.7,1.6,12.0,2/63,9.8,0/21,3262,1/1,catalogue/self,15.6,2.8,1.3,25.7,27/63,70.0,21/21,2389,12.3,12.3,60.9,65.0,1.3,3.0,1,,,0,62.0,40.8,1,,,0,6.8,12.8,29,,,0,29.8,37.0,29,,,0,0.4,0.2,15.5,34.6,50.4,87.3,17.6,14.6,,,,
2026-07-04 s0003,12.1,1.6,1.0,13.0,2/62,7.6,0/23,2418,0/0,catalogue/self,12.2,1.7,0.9,17.1,11/62,6.5,0/23,2187,15.6,16.1,15.6,16.0,1.6,4.2,2,,,0,3.1,6.2,2,,,0,4.0,5.9,29,,,0,37.1,46.3,29,,,0,0.2,0.2,21.2,31.3,64.0,84.5,2.7,2.6,,,,
2026-07-04 s0004,6.7,3.0,0.9,4.3,1/58,4.4,0/19,4192,2/2,catalogue/self,6.2,2.8,1.0,23.7,7/58,60.5,19/19,2234,5.9,12.8,63.7,66.9,,,0,9.2,100.8,4,,,0,81.0,21.9,4,3.2,4.4,27,2.1,89.2,4,15.4,19.5,27,104.8,9.3,4,0.3,0.2,9.0,20.5,50.3,78.1,13.9,14.2,13.5,87.1,66.3,13.1
2026-07-04 s0005,5.0,2.3,0.9,3.0,0/53,5.7,0/24,2538,1/1,catalogue/self,4.6,2.3,0.9,12.1,5/53,60.0,24/24,1515,0.0,3.8,51.0,67.1,2.5,0.0,1,,,0,70.2,51.4,1,,,0,16.6,16.7,29,,,0,6.1,8.7,29,,,0,1.3,0.8,12.4,23.1,58.0,88.8,8.1,7.9,,,,
2026-07-04 s0006,5.0,2.6,0.9,3.4,0/56,12.1,0/21,3691,1/1,catalogue/self,5.0,2.5,0.7,12.3,5/56,59.2,21/21,1821,0.6,4.3,53.9,62.6,0.4,1.2,1,,,0,30.4,29.1,1,,,0,4.4,7.7,29,,,0,48.7,54.9,29,,,0,1.7,1.7,6.0,12.5,64.6,83.7,7.1,7.2,,,,
2026-07-04 s0007,3.6,3.7,0.9,5.1,2/54,2.7,2/37,1967,0/0,catalogue/self,5.1,3.6,0.7,8.2,2/54,48.5,25/37,1469,0.1,4.5,29.6,48.5,1.2,4.8,1,,,0,9.4,16.7,1,,,0,6.5,9.6,27,,,0,18.0,32.5,27,,,0,2.8,2.7,35.6,66.4,40.4,74.8,9.8,10.6,,,,
2026-07-04 s0008,4.8,3.2,0.8,3.5,3/58,14.2,1/23,2965,1/1,catalogue/self,5.0,3.1,0.7,12.0,0/58,60.2,21/23,1917,19.2,19.2,41.4,56.1,3.7,10.3,1,,,0,16.1,8.1,1,,,0,25.3,16.5,28,,,0,15.4,18.3,28,,,0,1.1,0.4,10.7,29.1,50.9,82.8,8.6,8.1,,,,
2026-07-04 s0009,6.4,1.5,1.2,2.8,0/59,1.4,0/22,2670,1/1,catalogue/self,6.1,1.4,1.1,31.2,6/59,64.8,22/22,1995,0.3,1.5,64.1,74.2,,,0,,,0,,,0,,,0,3.6,3.9,26,,,0,30.8,42.5,26,,,0,0.5,0.5,16.4,26.9,52.1,77.3,6.5,5.2,,,,
2026-07-04 s0010,5.9,2.7,0.9,4.6,0/53,4.6,13/36,2971,1/1,catalogue/self,5.6,2.9,0.9,19.7,1/53,45.9,21/36,2177,6.1,7.5,34.6,48.8,26.0,32.9,4,,,0,23.7,38.4,4,,,0,6.9,11.1,31,,,0,27.2,31.9,31,,,0,0.6,0.4,16.3,30.6,39.5,57.0,100.8,19.2,,,,
2026-07-04 s0011,6.4,3.1,0.7,4.6,1/56,3.8,0/25,3167,1/1,catalogue/self,6.4,3.0,0.8,15.8,8/56,65.6,25/25,2059,5.0,6.6,48.0,69.3,1.0,5.8,2,,,0,26.7,28.3,2,,,0,11.8,14.3,28,,,0,31.1,43.4,28,,,0,0.4,0.2,11.1,25.8,50.1,80.8,6.5,6.7,,,,
2026-07-04 s0012,4.6,2.7,1.0,4.1,0/60,5.6,0/23,2636,1/1,catalogue/self,4.0,2.7,0.9,22.2,8/60,66.4,23/23,2132,1.7,3.1,59.9,71.1,,,0,,,0,,,0,,,0,5.0,7.1,26,,,0,40.2,44.4,26,,,0,2.5,2.5,8.6,21.5,43.1,80.5,11.0,11.9,,,,
2026-07-04 s0013,5.4,2.5,1.0,3.4,0/58,9.8,0/22,3134,1/1,catalogue/self,4.8,2.4,1.0,26.2,8/58,62.2,22/22,1697,3.0,6.6,54.4,65.4,,,0,,,0,,,0,,,0,7.2,10.1,26,,,0,19.6,21.1,26,,,0,0.1,0.1,8.5,30.2,66.7,88.1,9.6,10.1,,,,
2026-07-04 s0014,5.5,2.0,1.1,1.8,0/45,8.3,0/22,2656,1/1,catalogue/self,4.0,2.1,1.3,11.3,4/45,66.8,22/22,1565,0.4,2.4,66.2,71.4,4.1,9.1,2,,,0,53.6,45.8,2,,,0,4.3,6.8,36,,,0,38.2,44.9,36,,,0,1.2,1.2,9.1,18.9,66.1,93.8,,,,,,
2026-07-04 s0015,6.4,2.9,1.3,4.6,0/54,1.6,0/21,3629,1/1,catalogue/self,6.4,3.2,1.0,24.4,5/54,60.9,21/21,2032,6.1,7.0,57.6,61.8,2.9,10.1,2,,,0,50.5,43.8,2,,,0,12.5,19.0,29,,,0,30.8,40.0,29,,,0,0.3,0.2,9.6,22.9,45.9,75.7,,,,,,
