knob,P8,P8max,drop,FOonly,FOp90,in20,repFO,repDTL,pelvR,spine,lknee,tknee,plane
baseline,5.4,6.25,6.0,11.15,31.45,23,7.89,4.88,0.54,-1.5,4.45,7.95,-0.7
armRotSigmaDeg,4.7,6.9,6.75,15.75,49.9,23,8.14,5.02,0.46,-2.65,4.25,7.15,-1.2
cauchyC,6.6,10.4,10.8,27.4,70.0,19,9.23,8.33,0.67,-0.9,3.2,7.2,-1.8
clavicleSigmaDeg,5.45,7.85,6.1,12.5,31.05,23,7.69,4.91,0.55,-0.05,4.05,9.25,-0.8
contactSigmaM,5.25,7.4,6.4,11.45,36.0,23,7.17,4.55,0.43,-1.5,5.5,8.3,-0.7
gripSigmaM,4.7,6.25,6.8,9.1,35.65,23,7.88,4.88,0.53,-1.5,4.55,7.95,-1.05
limitSigmaDeg,6.85,9.35,8.15,19.45,64.0,21,8.47,5.46,0.46,-1.2,4.45,8.95,-2.8
pelvisTiltAccRad,4.95,6.45,6.4,14.3,49.35,22,7.74,4.79,0.45,-1.5,4.65,7.8,-0.75
planeSigmaDeg,13.3,16.45,31.4,45.15,88.05,13,7.9,4.89,0.53,-1.55,4.55,7.95,-1.85
pronationSigmaDeg,8.05,8.75,6.4,13.9,44.15,23,7.85,4.88,0.53,-1.5,4.55,7.95,-0.95
smoothAccRad,7.0,21.25,7.35,21.8,90.25,11,7.76,4.67,0.42,-1.3,4.45,7.85,-2.15
spineFlexSigmaDeg,3.95,5.5,6.7,14.15,39.45,24,7.83,4.87,0.52,-1.65,4.35,7.3,-0.7
