variant,full_P8oop,full_P8oopMax,dropDown_toP8_vsFull,dropDown_toP8_vsDtl,faceOnly_med,faceOnly_p90,P8within20,fitReprojFo,fitReprojDtl,pelvisRateCorr,spineBendDiff,leadKneeDiff,trailKneeDiff,planeDiff
v2 (2a7e57a9),6.0,8.0,9.05,13.55,15.8,30.95,23,6.91,4.78,0.57,1.55,5.2,8.45,0.4
A: lean spine+clavicles (38),5.85,8.75,9.25,14.15,19.05,50.45,23,7.3,6.02,0.33,1.65,6.2,10.55,2.15
A: lean spine only (42),5.65,10.45,8.5,12.0,14.8,31.9,23,6.96,4.71,0.49,2.2,5.1,7.7,2.0
B: splines on 48,5.85,7.65,8.3,12.15,14.5,31.65,23,6.96,4.87,0.53,-2.7,4.9,8.2,-3.55
A+B,5.85,8.8,6.85,11.1,13.45,32.05,22,6.97,4.95,0.47,-1.0,4.7,7.4,-0.3
A+B+C: cameras+club,4.95,6.35,6.7,10.1,12.4,33.75,22,7.87,4.87,0.54,-1.45,4.55,7.95,-0.75
"A+B+C: golfer only (grip,sym,club)",6.15,9.55,,,16.95,56.55,23,7.06,4.91,0.46,-1.25,5.05,7.8,-0.65
A+B+C: cameras (tight epochs),5.1,6.15,,,11.4,35.5,22,7.53,5.02,0.52,-0.95,5.1,8.0,-0.55
cameras+club (tight),5.1,6.15,,,11.8,34.95,22,7.53,5.02,0.52,-0.95,5.1,8.0,-0.55
cameras+grip (tight),5.1,6.15,,,14.45,55.25,22,7.53,5.02,0.52,-0.95,5.1,8.0,-0.55
cameras+sym (tight),5.1,6.15,,,15.5,36.1,22,7.53,5.02,0.52,-0.95,5.1,8.0,-0.55
"cameras (tripod epochs), pass1 A+B",5.4,6.25,,,11.15,31.45,23,7.89,4.88,0.54,-1.5,4.45,7.95,-0.7
A+B+C: cameras only — SHIPPED,5.4,6.25,6.0,9.85,11.15,31.45,23,7.89,4.88,0.54,-1.5,4.45,7.95,-0.7
