swing,v2_run_P8oopMax,leanspine_run_P8oopMax,spline_run_P8oopMax,combo_run_P8oopMax,poolcam_run_P8oopMax
2026-06-11 s0001,63.6,63.3,3.7,63.7,63.7
2026-06-11 s0002,5.8,6.2,5.7,5.9,5.6
2026-06-11 s0003,15.7,12.2,15.5,20.2,18.8
2026-06-11 s0004,12.7,13.1,12.2,12.4,11.2
2026-06-11 s0005,9.3,8.8,3.2,5.1,3.4
2026-06-11 s0006,7.4,9.1,6.4,9.4,9.0
2026-06-11 s0007,13.3,13.9,10.4,10.7,10.9
2026-06-11 s0008,14.2,14.5,11.4,11.0,10.7
2026-06-11 s0009,13.4,11.4,12.5,10.0,12.2
2026-07-04 s0001,8.5,11.5,7.2,8.3,8.6
2026-07-04 s0002,12.3,12.1,14.3,14.3,13.6
2026-07-04 s0003,16.1,16.2,16.3,16.9,16.5
2026-07-04 s0004,12.8,13.0,8.3,12.5,11.8
2026-07-04 s0005,3.8,4.1,68.2,2.0,3.5
2026-07-04 s0006,4.3,4.4,4.6,3.2,4.6
2026-07-04 s0007,4.5,5.9,3.5,4.0,5.0
2026-07-04 s0008,19.2,19.9,5.7,6.6,5.6
2026-07-04 s0009,1.5,3.9,2.2,3.4,4.0
2026-07-04 s0010,7.5,13.3,10.9,13.0,4.3
2026-07-04 s0011,6.6,9.5,8.3,9.3,6.9
2026-07-04 s0012,3.1,5.0,2.2,6.8,5.6
2026-07-04 s0013,6.6,4.4,4.3,5.5,4.8
2026-07-04 s0014,2.4,2.1,2.8,3.0,3.6
2026-07-04 s0015,7.0,7.2,8.1,8.0,5.6
