clean,refused,rule,retry,suspect,pin,noP23,P1,P3,dP1,lenRatio,cov,valid,metrics,run,root
True,,1,0,False,False,False,85.0,271.05435591958303,17.292702610565414,1.060286027637093,0.8082706928253174,True,43,2026-09-09_Mark-Liversedge_Wrist_01__swing_0001,bl11_out_B
True,,0,0,False,False,False,88.0,261.8069569054273,15.15248102921845,1.1300230297777762,0.9701492786407471,True,43,2026-09-09_Mark-Liversedge_Wrist_01__swing_0002,bl11_out_B
True,,0,0,False,False,False,98.0,267.72599817128923,41.14113053039728,,0.936170220375061,True,40,2026-09-09_Mark-Liversedge_Wrist_01__swing_0003,bl11_out_B
True,,1,0,False,False,False,84.0,265.21925981873113,19.457749662989045,,0.931034505367279,True,44,2026-09-09_Mark-Liversedge_Wrist_01__swing_0004,bl11_out_B
True,,1,0,False,False,False,81.99999999999999,271.0678470465705,16.443856581950058,1.049276057091108,0.9460784196853638,True,44,2026-09-09_Mark-Liversedge_Wrist_01__swing_0005,bl11_out_B
True,,0,0,False,False,False,97.0,270.80880805651583,0.27224032793077413,1.0615907462934562,0.9609755873680115,True,43,2026-09-09_Mark-Liversedge_Wrist_01__swing_0006,bl11_out_B
True,,0,0,False,False,False,81.99999999999999,266.307032327256,17.742878443343784,0.8685003782285767,0.9473684430122375,True,44,2026-09-09_Mark-Liversedge_Wrist_01__swing_0007,bl11_out_B
True,,0,1,False,False,False,97.0,249.93947017907354,,,0.9189189076423645,True,40,2026-09-15_Mark-Liversedge_Wrist_01__swing_0001,bl11_out_B
True,,0,0,False,False,False,99.00000000000001,251.99137679041215,26.15556362537518,,0.8950276374816895,True,42,2026-09-15_Mark-Liversedge_Wrist_01__swing_0002,bl11_out_B
True,,1,0,False,False,False,97.0,247.63059033989265,,,0.9235293865203857,True,39,2026-09-15_Mark-Liversedge_Wrist_01__swing_0003,bl11_out_B
True,,1,0,False,False,False,97.0,250.959388971684,9.956794403332566,0.9967687570902319,0.8672566413879395,True,44,2026-09-15_Mark-Liversedge_Wrist_01__swing_0004,bl11_out_B
True,,1,0,False,False,False,88.0,255.51553069336083,15.059426063777494,1.0145863760770197,0.8941176533699036,True,44,2026-09-15_Mark-Liversedge_Wrist_01__swing_0006,bl11_out_B
True,,1,0,False,False,False,96.0,265.7894698193568,,,0.9109311699867249,True,43,2026-09-15_Mark-Liversedge_Wrist_01__swing_0007,bl11_out_B
True,,1,0,False,False,False,89.00000000000001,253.64408811628957,18.441562664471434,0.995170572651881,0.8322981595993042,True,44,2026-09-15_Mark-Liversedge_Wrist_01__swing_0008,bl11_out_B
True,,1,0,False,False,False,99.00000000000001,258.66183136899366,,,0.8325991034507751,True,43,2026-09-15_Mark-Liversedge_Wrist_01__swing_0010,bl11_out_B
True,,1,0,False,False,False,91.99999999999999,261.59094942324754,15.693991407202446,1.003244216835029,0.8576642274856567,True,43,2026-09-15_Mark-Liversedge_Wrist_01__swing_0011,bl11_out_B
True,,0,0,False,False,False,106.0,261.17399661694606,,,0.994350254535675,True,43,2026-09-15_Mark-Liversedge_Wrist_01__swing_0013,bl11_out_B
True,,0,0,False,False,False,90.75,246.0242805755396,9.53391481804448,0.9808671739833553,0.9190751314163208,True,44,2026-09-15_Mark-Liversedge_Wrist_02__swing_0001,bl11_out_B
True,,1,0,False,False,False,101.0,249.5908073421877,4.210060631586515,0.9842016236141671,0.9776536226272583,True,44,2026-09-15_Mark-Liversedge_Wrist_02__swing_0007,bl11_out_B
True,,0,1,False,False,False,100.0,247.73892215568858,2.938428192949459,0.9652040116111273,0.942105233669281,True,44,2026-09-15_Mark-Liversedge_Wrist_02__swing_0008,bl11_out_B
True,,0,0,False,False,False,99.00000000000001,242.06528103044494,2.3363982478691696,1.007298549986182,0.8550000190734863,True,44,2026-09-15_Mark-Liversedge_Wrist_02__swing_0009,bl11_out_B
True,,0,0,False,False,False,100.0,267.98130841121497,45.88845194498663,,1,True,40,2026-09-09_Mark-Liversedge_Wrist_01__swing_0001,bl11_out_L
True,,0,0,False,False,False,98.0,265.78916017061334,4.787894596685305,1.0911045210756782,1,True,44,2026-09-09_Mark-Liversedge_Wrist_01__swing_0002,bl11_out_L
True,,0,0,False,False,False,86.0,261.45378635185716,32.87797658888542,,0.9900000095367432,True,40,2026-09-09_Mark-Liversedge_Wrist_01__swing_0003,bl11_out_L
True,,0,0,False,False,False,92.99999999999999,266.1510354141657,12.402974453484774,,0.9854369163513184,True,43,2026-09-09_Mark-Liversedge_Wrist_01__swing_0004,bl11_out_L
True,,0,0,False,False,False,86.0,268.3551912568306,13.150489726748617,1.0421203051899735,0.9950248599052429,True,44,2026-09-09_Mark-Liversedge_Wrist_01__swing_0005,bl11_out_L
True,,3,0,False,False,False,93.50000000000001,265.12124607799194,,,0.9748201370239258,True,39,2026-09-09_Mark-Liversedge_Wrist_01__swing_0006,bl11_out_L
True,,0,0,False,False,False,98.0,262.44323578979623,3.4702372871156797,0.9630713658083436,0.989847719669342,True,44,2026-09-09_Mark-Liversedge_Wrist_01__swing_0007,bl11_out_L
True,,0,0,False,False,False,97.0,244.11506276150627,,,0.9634146094322205,True,40,2026-09-15_Mark-Liversedge_Wrist_01__swing_0001,bl11_out_L
True,,1,0,False,False,False,98.75,245.51704460129145,30.877480383230193,,0.95652174949646,True,43,2026-09-15_Mark-Liversedge_Wrist_01__swing_0002,bl11_out_L
True,,1,0,False,False,False,96.0,242.55901737567407,,,0.9285714030265808,True,40,2026-09-15_Mark-Liversedge_Wrist_01__swing_0003,bl11_out_L
True,,1,0,False,False,False,97.0,245.95793965254498,9.517203901050465,1.002305161190574,0.9257143139839172,True,44,2026-09-15_Mark-Liversedge_Wrist_01__swing_0004,bl11_out_L
True,,0,1,False,False,False,95.0,252.2024608501119,7.4083965720273,0.989992155611759,0.9430052042007446,True,43,2026-09-15_Mark-Liversedge_Wrist_01__swing_0006,bl11_out_L
True,,1,0,False,False,False,96.0,258.3368677460954,,,0.8065693378448486,True,43,2026-09-15_Mark-Liversedge_Wrist_01__swing_0007,bl11_out_L
True,,1,0,False,False,False,93.25,248.20502310329405,13.891651762598855,0.9992970199469127,0.97826087474823,True,43,2026-09-15_Mark-Liversedge_Wrist_01__swing_0008,bl11_out_L
True,,1,0,False,False,False,97.0,254.14948759839592,,,0.9177489280700684,True,43,2026-09-15_Mark-Liversedge_Wrist_01__swing_0010,bl11_out_L
True,,0,0,False,False,False,101.99999999999999,255.5681953543776,5.204706463722573,1.0052431889794828,0.977142870426178,True,43,2026-09-15_Mark-Liversedge_Wrist_01__swing_0011,bl11_out_L
True,,1,0,False,False,False,92.75,256.9263485477179,,,0.8831614851951599,True,43,2026-09-15_Mark-Liversedge_Wrist_01__swing_0013,bl11_out_L
True,,0,1,False,False,False,100.3268474917744,244.23501858736054,0.32684749364852905,0.9941315650939941,0.9518716335296631,True,44,2026-09-15_Mark-Liversedge_Wrist_02__swing_0001,bl11_out_L
True,,1,0,False,False,False,102.99999999999999,246.4060936120106,1.7182515859603882,1.0006422996520996,0.9722222089767456,True,44,2026-09-15_Mark-Liversedge_Wrist_02__swing_0007,bl11_out_L
True,,0,1,False,False,False,100.0,241.2695811903013,2.7476538874106495,0.9720482023967733,0.913705587387085,True,44,2026-09-15_Mark-Liversedge_Wrist_02__swing_0008,bl11_out_L
True,,0,1,False,False,False,99.00000000000001,247.81718384074938,1.9694589441554626,0.992462145757301,0.9162303805351257,True,44,2026-09-15_Mark-Liversedge_Wrist_02__swing_0009,bl11_out_L
True,,1,0,False,False,False,85.0,271.05435591958303,17.292702610565414,1.060286027637093,0.8082706928253174,True,43,2026-09-09_Mark-Liversedge_Wrist_01__swing_0001,lib11_out
True,,0,0,False,False,False,88.0,261.8069569054273,15.152481348529534,1.130022999202617,0.9701492786407471,True,43,2026-09-09_Mark-Liversedge_Wrist_01__swing_0002,lib11_out
True,,0,0,False,False,False,98.0,267.72599817128923,41.14113053039728,,0.936170220375061,True,40,2026-09-09_Mark-Liversedge_Wrist_01__swing_0003,lib11_out
True,,1,0,False,False,False,84.0,265.21925981873113,19.457749662989045,,0.931034505367279,True,44,2026-09-09_Mark-Liversedge_Wrist_01__swing_0004,lib11_out
True,,1,0,False,False,False,81.99999999999999,271.0678470465705,16.443856581950058,1.049276057091108,0.9460784196853638,True,44,2026-09-09_Mark-Liversedge_Wrist_01__swing_0005,lib11_out
True,,0,0,False,False,False,97.0,270.80880805651583,0.27224032793077413,1.0615907462934562,0.9609755873680115,True,43,2026-09-09_Mark-Liversedge_Wrist_01__swing_0006,lib11_out
True,,0,0,False,False,False,81.99999999999999,266.307032327256,17.742878443343784,0.8685003782285767,0.9473684430122375,True,44,2026-09-09_Mark-Liversedge_Wrist_01__swing_0007,lib11_out
True,,0,1,False,False,False,97.0,249.93947017907354,,,0.9189189076423645,True,40,2026-09-15_Mark-Liversedge_Wrist_01__swing_0001,lib11_out
True,,0,0,False,False,False,99.00000000000001,251.99137679041215,26.15556362537518,,0.8950276374816895,True,42,2026-09-15_Mark-Liversedge_Wrist_01__swing_0002,lib11_out
True,,1,0,False,False,False,97.0,247.63059033989265,,,0.9235293865203857,True,39,2026-09-15_Mark-Liversedge_Wrist_01__swing_0003,lib11_out
True,,1,0,False,False,False,97.0,250.959388971684,9.956794403332566,0.9967687570902319,0.8672566413879395,True,44,2026-09-15_Mark-Liversedge_Wrist_01__swing_0004,lib11_out
False,handsUnusable,0,2,False,False,True,4.0,,,,0.6859903335571289,False,25,2026-09-15_Mark-Liversedge_Wrist_01__swing_0005,lib11_out
True,,1,0,False,False,False,88.0,255.51553069336083,15.059426063777494,1.0145863760770197,0.8941176533699036,True,44,2026-09-15_Mark-Liversedge_Wrist_01__swing_0006,lib11_out
True,,1,0,False,False,False,96.0,265.78895579380236,,,0.9109311699867249,True,43,2026-09-15_Mark-Liversedge_Wrist_01__swing_0007,lib11_out
True,,1,0,False,False,False,89.00000000000001,253.64408811628957,18.441562664471434,0.995170572651881,0.8322981595993042,True,44,2026-09-15_Mark-Liversedge_Wrist_01__swing_0008,lib11_out
True,,0,0,False,False,False,97.75,253.58934525613824,8.946117157302808,0.9995807411499007,0.844748854637146,True,43,2026-09-15_Mark-Liversedge_Wrist_01__swing_0009,lib11_out
True,,1,0,False,False,False,99.00000000000001,258.66183136899366,,,0.8325991034507751,True,43,2026-09-15_Mark-Liversedge_Wrist_01__swing_0010,lib11_out
True,,1,0,False,False,False,91.99999999999999,261.59094942324754,15.693991407202446,1.003244216835029,0.8576642274856567,True,43,2026-09-15_Mark-Liversedge_Wrist_01__swing_0011,lib11_out
False,handsUnusable,0,0,False,False,True,160.0,,43.17413945276331,,0.006734006572514772,False,6,2026-09-15_Mark-Liversedge_Wrist_01__swing_0012,lib11_out
True,,0,0,False,False,False,106.0,261.17399661694606,,,0.994350254535675,True,43,2026-09-15_Mark-Liversedge_Wrist_01__swing_0013,lib11_out
True,,0,0,False,False,False,90.75,246.0242805755396,9.53391481804448,0.9808671739833553,0.9190751314163208,True,44,2026-09-15_Mark-Liversedge_Wrist_02__swing_0001,lib11_out
True,,0,1,False,False,False,93.25,244.1462172284644,11.325492230788512,1.0000000506900846,0.8659217953681946,True,44,2026-09-15_Mark-Liversedge_Wrist_02__swing_0002,lib11_out
True,,0,1,False,False,False,102.99999999999999,244.30684744735646,0.9442199534495614,1.0048488156242283,0.9222221970558167,True,44,2026-09-15_Mark-Liversedge_Wrist_02__swing_0003,lib11_out
True,,0,1,False,False,False,101.99999999999999,249.4071651553441,1.3120690575244112,0.9886050087670623,0.9166666865348816,True,43,2026-09-15_Mark-Liversedge_Wrist_02__swing_0004,lib11_out
True,,0,1,False,False,False,91.0,247.81808085295424,16.19227883226813,0.9960548457056491,0.9298245906829834,True,44,2026-09-15_Mark-Liversedge_Wrist_02__swing_0005,lib11_out
True,,0,0,False,False,False,99.00000000000001,245.66956001197244,4.578729629516602,1.0007375478744507,0.886227548122406,True,44,2026-09-15_Mark-Liversedge_Wrist_02__swing_0006,lib11_out
True,,1,0,False,False,False,101.0,249.5908073421877,4.210060631586515,0.9842016236141671,0.9776536226272583,True,44,2026-09-15_Mark-Liversedge_Wrist_02__swing_0007,lib11_out
True,,0,1,False,False,False,100.0,247.73892215568858,2.938428192949459,0.9652040116111273,0.942105233669281,True,44,2026-09-15_Mark-Liversedge_Wrist_02__swing_0008,lib11_out
True,,0,0,False,False,False,99.00000000000001,242.06528103044494,2.3363982478691696,1.007298549986182,0.8550000190734863,True,44,2026-09-15_Mark-Liversedge_Wrist_02__swing_0009,lib11_out
True,,0,1,False,False,False,94.75,245.83600120809425,10.268887650689749,0.9810643265149102,0.9064327478408813,True,43,2026-09-15_Mark-Liversedge_Wrist_02__swing_0010,lib11_out
True,,1,0,False,False,False,101.0,247.19828494057467,1.4242597774492651,0.9934005298387517,0.9038461446762085,True,43,2026-09-15_Mark-Liversedge_Wrist_02__swing_0011,lib11_out
True,,0,0,False,False,False,94.5,246.11406872142751,8.962600413988696,1.003304547542344,0.8265306353569031,True,43,2026-09-15_Mark-Liversedge_Wrist_02__swing_0012,lib11_out
True,,1,0,False,False,False,100.0,254.87374944004776,2.654858437995415,0.9834027841873082,0.9336493015289307,True,44,2026-09-15_Mark-Liversedge_Wrist_02__swing_0013,lib11_out
True,,1,0,False,False,False,97.0,260.33950709484697,,,0.8809523582458496,True,39,2026-09-16_Mark-Liversedge_Wrist_01__swing_0001,lib11_out
True,,0,0,False,False,False,99.5,255.89484690067215,,,0.8717948794364929,True,39,2026-09-16_Mark-Liversedge_Wrist_01__swing_0002,lib11_out
True,,0,0,False,False,False,98.0,256.2659002687369,,,0.8931623697280884,True,39,2026-09-16_Mark-Liversedge_Wrist_01__swing_0003,lib11_out
True,,0,0,False,False,False,97.0,259.07087378640773,,,0.9444444179534912,True,39,2026-09-16_Mark-Liversedge_Wrist_02__swing_0001,lib11_out
True,,0,0,False,False,False,100.0,260.77272727272725,4.033672185893749,0.9536001956733191,0.9572192430496216,True,44,2026-09-16_Mark-Liversedge_Wrist_02__swing_0002,lib11_out
True,,0,0,False,False,False,101.0,264.3124440465533,4.088704309474053,0.9517272307195059,0.9837837815284729,True,44,2026-09-16_Mark-Liversedge_Wrist_02__swing_0003,lib11_out
True,,1,0,False,False,False,81.0,252.4804535959415,,,0.852320671081543,True,39,2026-09-16_Mark-Liversedge_Wrist_03__swing_0001,lib11_out
