swing,lm_mph,old_impact,old_peak,old_jumps,old_max_step,new_impact,new_peak,new_jumps,new_max_step
2026-08-18_Mark-Liversedge_Wrist_02__swing_0001,75.9,60.7,86.3,7,48.0,74.6,74.8,0,3.5
2026-08-18_Mark-Liversedge_Wrist_02__swing_0002,76.6,52.7,75.2,9,53.3,65.8,68.2,0,6.3
2026-08-18_Mark-Liversedge_Wrist_02__swing_0003,78.1,52.2,89.7,7,60.8,67.5,69.1,0,4.6
2026-08-18_Mark-Liversedge_Wrist_02__swing_0004,76.7,81.3,81.3,7,54.7,79.4,80.0,0,6.1
2026-08-18_Mark-Liversedge_Wrist_02__swing_0005,76.9,69.0,90.4,10,74.9,74.9,75.3,0,3.5
2026-08-18_Mark-Liversedge_Wrist_02__swing_0006,78.9,79.5,98.1,7,51.4,79.6,80.0,0,4.9
2026-09-16_Mark-Liversedge_Wrist_01__swing_0001,57.3,11.8,70.1,0,11.7,47.1,51.9,0,3.4
2026-09-16_Mark-Liversedge_Wrist_01__swing_0002,66.3,61.3,69.8,3,41.8,57.8,59.3,0,3.1
2026-09-16_Mark-Liversedge_Wrist_01__swing_0003,63.8,86.2,86.2,1,18.8,59.9,61.2,0,4.3
2026-09-16_Mark-Liversedge_Wrist_02__swing_0001,66.5,30.4,85.2,0,14.0,56.8,64.3,0,9.5
2026-09-16_Mark-Liversedge_Wrist_02__swing_0002,69.3,25.4,73.5,0,11.9,51.1,64.5,0,14.3
2026-09-16_Mark-Liversedge_Wrist_02__swing_0003,68.7,28.0,82.0,6,70.1,50.7,60.6,0,9.4
2026-09-16_Mark-Liversedge_Wrist_03__swing_0001,60.0,31.1,83.4,0,12.6,51.4,53.7,0,4.1
2026-07-04_Mark-Liversedge_Wrist_01__swing_0008,,86.0,90.0,6,50.6,81.6,81.6,0,9.5
2026-07-04_Mark-Liversedge_Wrist_01__swing_0013,,27.9,104.3,15,57.8,71.4,71.9,0,3.7
